codigo_estruturado;sku;descricao;unidade;ncm;preco_custo;preco_venda;preco_minimo;preco_maximo
"20.03.00001";"0";"00";"UN";"90153000";1.9;2.5;2.25;2.75
"19.00.00249";"3371";"ABAFADOR DE RUIDOS CONCHA VONDER ARV100";"UN";"39269090";14.19;24;22;27.6
"14.00.00035";"510";"ABAFADOR DE RUIDOS CONCHA VONDER ARV200";"UN";"39269090";24.3;40;35;46
"20.00.00192";"100763";"ABRAC. P/ ELETRODUTO 1 POL PVC HIDROSSOL";"UN";"39172300";0.97;1.5;1.35;1.73
"20.00.00193";"100764";"ABRAC. P/ ELETRODUTO 3/4 PVC HIDROSSOL";"UN";"39172300";0.69;1.1;1;1.27
"14.00.00006";"373";"ABRACADEIRA P/LAMPADA TUBOLAR 10/18w";"UN";"73269090";1.84;3;2.7;3.3
"16.04.00019";"3538";"ABRACADEIRA NYLON 2.5 x 100mm";"UN";"39269090";0.04;0.1;0.09;0.11
"16.04.00004";"460";"ABRACADEIRA NYLON 3.5 x 140mm";"UN";"39269090";0.12;0.35;0.3;0.41
"16.04.00016";"2656";"ABRACADEIRA NYLON 3.5 x 200mm";"UN";"39269090";0.18;0.4;0.33;0.47
"16.04.00022";"100057";"ABRACADEIRA NYLON 3.6 x 300mm";"UN";"39269090";0.23;0.4;0.33;0.47
"16.04.00017";"2829";"ABRACADEIRA NYLON 4.8 x 400mm";"UN";"39269090";0.38;0.75;0.6;0.83
"16.04.00018";"3205";"ABRACADEIRA NYLON 6.5 x 450mm";"UN";"39269090";0.47;0.9;0.8;1.04
"16.04.00020";"3568";"ABRACADEIRA NYLON 7.5 x 350mm";"UN";"39269090";0.34;0.75;0.7;0.85
"16.04.00021";"3650";"ABRACADEIRA SEM FIM 10x13x9mm - 3/8 x 1/2";"UN";"73269090";1.08;2;1.8;2.3
"16.04.00011";"467";"ABRACADEIRA SEM FIM 13x16x9mm - 1/2 x 3/4";"UN";"73269090";1.13;2.2;2;2.53
"14.04.00021";"3437";"ABRACADEIRA SEM FIM 16x19x9mm - 5/8 x 3/4";"UN";"73269090";1.03;2.5;2.3;2.9
"16.04.00005";"461";"ABRACADEIRA SEM FIM 19x25x9mm - 1 x 3/4";"UN";"73269090";1.04;2.8;2.55;3.23
"16.04.00006";"462";"ABRACADEIRA SEM FIM 22x32x9mm - 1 1/4 x 1";"UN";"73269090";2.3;4.2;3.85;4.84
"16.04.00009";"465";"ABRACADEIRA SEM FIM 25x38x9mm - 1 x 1 1/2";"UN";"73269090";2.72;5.5;5;6.05
"16.04.00024";"100525";"ABRACADEIRA SEM FIM BORBOLETA 13x19mm";"UN";"73269090";1.4;3;2.7;3.45
"16.04.00008";"464";"ABRACADEIRA TIPO U 3/4";"UN";"73269090";0.56;0.9;0.8;1.04
"16.04.00014";"470";"ABRACADEIRA TIPO U 1";"UN";"73089090";0.93;1.8;1.65;1.94
"16.04.00007";"463";"ABRACADEIRA TIPO U 1 1/4";"UN";"73089090";1.01;2;1.8;2.2
"16.04.00010";"466";"ABRACADEIRA TIPO U 1 1/2";"UN";"73089090";1;2;1.8;2.2
"16.04.00023";"100201";"ABRACADEIRA TIPO U 1/2";"UN";"73269090";0.35;0.75;0.7;0.86
"19.00.00147";"2409";"ABRACADEIRA TIPO U 2";"UN";"73089090";1.39;2.4;2.2;2.76
"16.04.00013";"469";"ABRACADEIRA TIPO U 3";"UN";"73089090";1.95;3.5;3;4.02
"16.04.00001";"457";"ABRACADEIRA TIPO U 4";"UN";"73089090";2.59;4.9;4.5;5.66
"16.04";"0";"ABRACADEIRAS";"UN";"73089090";0;0;0;0
"13.01.00017";"2192";"ACAB P/ TORNEIRA 3/4";"UN";"84819010";1.4;2;1.8;2.2
"13.01.00022";"100502";"ACAB REGISTRO EMA 1 1/2 C-40";"UN";"84819010";18;28;25.5;32.2
"13.01.00015";"2167";"ACAB REGISTRO EMA 1 1/2 C-50";"UN";"84819010";19.5;28;25.5;32.19
"13.01.00018";"2260";"ACAB REGISTRO EMA 1 1/2 C-52";"UN";"84819010";18;28;25.5;32.19
"13.01.00012";"2162";"ACAB REGISTRO EMA 1 1/2 C-53";"UN";"84819010";18;28;25.5;32.19
"13.01.00021";"100501";"ACAB REGISTRO EMA 3/4 C-40";"UN";"84819010";17.5;26.5;24;30.47
"13.01.00013";"2163";"ACAB REGISTRO EMA 3/4 C-50";"UN";"84819010";17.5;26.5;24;30.47
"13.01.00003";"509";"ACAB REGISTRO EMA 3/4 C-52";"UN";"84819010";17.5;26.5;24;30.47
"18.00.00105";"2226";"ACAB REGISTRO EMA 3/4 C-53";"UN";"84819010";17.5;26.5;24;30.47
"19.02.00075";"100444";"ACAB REGISTRO SANCHEZ SEM CANOPLA C-50";"UN";"84819010";12.9;20;18;23
"19.02.00009";"796";"ACAB REGISTRO SANCHEZ SEM CANOPLA C-64";"UN";"84819010";12.9;20;18;22
"13.00.00020";"1429";"ACAB VALVULA HYDRA DUO DECA BRANCO";"UN";"84819010";20.53;65;59;74.75
"13.00.00006";"660";"ACAB VALVULA HYDRA DUO DECA CROMADO";"UN";"84819010";62.01;145;133;166.75
"19.02.00008";"795";"ACAB VALVULA HYDRA MAX BLUKIT BRANCO";"UN";"84819010";26.52;40;35;46
"19.02.00074";"100419";"ACAB VALVULA HYDRA MAX BLUKIT CROMADO";"UN";"84819010";38.14;60;55;69
"13.00.00010";"688";"ACAB VALVULA HYDRA MAX DECA BEGE";"UN";"84819010";45.11;70;63;80.5
"13.00.00011";"689";"ACAB VALVULA HYDRA MAX DECA BRANCO";"UN";"84819010";41.18;70;64;80.5
"13.00.00009";"686";"ACAB VALVULA HYDRA MAX DECA CINZA";"UN";"84819010";46.1;70;63;80.5
"13.00.00007";"668";"ACAB VALVULA HYDRA MAX DECA CROMADA";"UN";"84819010";104.31;165;150;189.75
"13.01.00004";"511";"ACAB VALVULA HYDRA MAX REPACAR BRANCO";"UN";"84819010";27.96;41;37.5;47.16
"13.01.00014";"2166";"ACAB VALVULA HYDRA MAX REPACAR CROMADO";"UN";"84819010";38.4;58;52.7;66.7
"13.01.00009";"525";"ACAB VALVULA HYDRA MAX REPACAR/BLUKIT BEGE";"UN";"84819010";27.84;41;37;47.16
"13.01.00005";"513";"ACAB VALVULA HYDRA MAX REPACAR/BLUKIT CINZA";"UN";"84819010";16.01;40;35;46.01
"15.00.00013";"2133";"ACOPLAMENTO FOGAO X CHURRASQUEIRA";"UN";"68109900";243.7;370;335;425.5
"20.00.00103";"2730";"ACOPLAMENTO FOGAO X CHURRASQUEIRA TIJOLINHO PINTADO";"UN";"68109900";306.6;500;455.56;575
"20.00.00129";"3046";"ACOPLAMENTO FOGAO X CHURRASQUEIRA TIJOLINHO SEM PINTURA";"UN";"68109900";242.02;350;320;402.5
"18.01.00001";"718";"ADAPTADOR AMANCO 25mm x 3/4";"UN";"39174090";0.83;1.7;1.45;1.87
"18.01.00002";"720";"ADAPTADOR AMANCO 50mm x 1.1/2";"UN";"39174090";4.2;8;6.5;8.8
"18.00.00090";"1892";"ADAPTADOR C/ DESLOCAMENTO P/ VASO BLUKIT";"UN";"39174090";10.31;16;14.5;18.39
"18.05.00012";"2925";"ADAPTADOR DE PROLONGAMENTO CAIXA GORDURA HERC";"UN";"39174090";2.72;4;3.68;4.61
"18.00.00089";"1891";"ADAPTADOR E CHAPEU CHURRASQUEIRA PRE MOLDADA";"UN";"72104990";132;190;180;218.5
"20.00.00194";"100765";"ADAPTADOR ELETRODUTO CINZA 1POL HIDROSSOL";"UN";"39172300";1;1.6;1.45;1.78
"20.00.00195";"100766";"ADAPTADOR ELETRODUTO CINZA 3/4 HIDROSSOL";"UN";"39172300";1;1.6;1.45;1.78
"18.01.00253";"3421";"ADAPTADOR PARA CALHA JOELHO 100mm";"UN";"39174090";16.2;25.5;23;29.33
"09.00.00070";"2935";"ADAPTADOR PARA CALHA JOELHO 75mm";"UN";"39174090";15.5;24.5;22;28.18
"18.00.00080";"1847";"ADAPTADOR PARA CALHA LUVA 100mm";"UN";"39174090";12.2;19;17.5;21.85
"09.00.00093";"3609";"ADAPTADOR PARA CALHA LUVA 75mm";"UN";"39174090";11.2;17.5;16;20.13
"18.01.00280";"100101";"ADAPTADOR PLASTILIT 20mm x 1/2";"UN";"39174090";0.54;1;0.85;1.1
"18.01.00009";"759";"ADAPTADOR PLASTILIT 25mm x 3/4";"UN";"39174090";0.63;1.2;1;1.38
"18.01.00281";"100102";"ADAPTADOR PLASTILIT 32mm x 1pol";"UN";"39174090";1.66;2.7;2.4;3
"18.01.00010";"760";"ADAPTADOR PLASTILIT 50mm x 1.1/2";"UN";"39174090";3.67;6;5.5;6.6
"19.00.00235";"3279";"ADAPTADOR SDS PARA MANDRIL MTX COD 703569";"UN";"84679900";3.54;8;7.2;8.8
"18.00.00182";"3486";"ADESIVO AMANCO BISNAGA 17gr";"UN";"35061090";2.02;4;3.5;4.4
"18.00.00193";"100004";"ADESIVO AMANCO BISNAGA 75G";"UN";"35061090";4.64;9;8;9.9
"18.00.00192";"100003";"ADESIVO AMANCO FRASCO 175g";"UN";"35061090";13.3;24;20;26.4
"18.00.00004";"764";"ADESIVO AMANCO FRASCO 850gr";"UN";"35061090";46.2;77;67.5;84.7
"20.00.00191";"100734";"ADESIVO INSTANTANEO 100G";"UN";"35061010";5.5;15;12;20
"20.00.00133";"3212";"ADESIVO INSTANTANEO 20G";"UN";"35061010";7.49;12.5;11;13.75
"20.00.00189";"100692";"ADESIVO INSTANTANEO GEL 20G";"UN";"35061010";7.49;12.5;11;18.75
"20.00.00211";"100841";"ADESIVO INSTANTANEO VONDER 20G";"UN";"35061010";4.4;9;8;10
"20.00.00138";"3487";"ADESIVO PU";"UN";"35061010";4.14;7.5;6.5;8
"18.01.00256";"3551";"ADESIVO PU 40 CIBRAFLEX BRANCO 400gr";"UN";"35061090";8.98;17.5;15.5;19.25
"18.01.00254";"3485";"ADESIVO PU 40 CIBRAFLEX CINZA 400gr";"UN";"35061090";8.98;17.5;15.5;20.13
"18.01.00006";"738";"ADESIVO PU 40 CIBRAFLEX PRETO 400gr";"UN";"32141010";8.89;17.5;15.75;19.25
"18.01.00259";"3630";"ADESIVO PU 40 TEK BOND BRANCO 387gr";"UN";"35061090";10.89;21;19.3;24.15
"18.01.00327";"100407";"ADESIVO PU 40 TEK BOND CINZA 387gr";"UN";"35061090";10.89;21;19.3;24.15
"18.01.00328";"100408";"ADESIVO PU 40 TEK BOND PRETO 387gr";"UN";"35061090";10.89;21;19.3;24.15
"18.00.00087";"1889";"ADESIVO PU 80gr";"UN";"35061090";3.98;8.5;7;9.35
"18.01.00089";"1679";"ADESIVO PU Q BORG PRETO 400gr";"UN";"35061090";10.92;17;15.5;19.55
"18.00.00094";"2024";"ADESIVO SILICONE BRANCO 280G";"UN";"35061090";9.93;15;13.7;17.26
"18.00.00095";"2025";"ADESIVO SILICONE CINZA 280GR";"UN";"35061090";13.76;17;15.54;19.56
"18.00.00097";"2123";"ADESIVO SILICONE INCOLOR 50 GR";"UN";"35061090";4.1;8;7;9.2
"18.00.00181";"3438";"ADESIVO SILICONE INCOLOR TEK BOND 256gr";"UN";"35061090";11.49;19;17.5;21.86
"20.00.00140";"3498";"ADESIVO TEKBOND 793 100gr";"UN";"35061010";23.97;38;34.9;41.08
"18.00.00001";"761";"ADESIVO TIGRE BISNAGA 17gr";"UN";"35061090";3.28;5;4.5;5.7
"18.00.00002";"762";"ADESIVO TIGRE BISNAGA 75gr";"UN";"35061090";6;9;8.2;10.35
"18.00.00003";"763";"ADESIVO TIGRE FRASCO 175gr";"UN";"35061090";14.92;22;17.5;25.3
"08.08.00047";"100668";"ADITIVO SUPERFIX 18L";"UN";"35069190";180.3;270;243;288.03
"19.00.00307";"100294";"AFIADOR DE FACA C/ VENTOSA VONDER";"UN";"82055100";36.78;55;49.5;63.25
"12";"0";"AGREGADOS";"UN";"";0;0;0;0
"09.00.00057";"2402";"AGUA RAZ 5 lts MAZA";"UN";"27101230";85.69;130;118;149.49
"09.00.00001";"127";"AGUA RAZ 900ml MAZA";"LT";"27101230";12.92;25;20;28.75
"19.00.00152";"2453";"ALAVANCA 1.80m PA RETA E BICO";"UN";"82055900";93.43;135;122;155.25
"09.00.00094";"3613";"ALCOOL GEL 70 POR CENTO HIPER QUIMICA 1lt";"UN";"38089429";16;24;22.08;27.6
"09.00.00095";"3614";"ALCOOL GEL 70 POR CENTO HIPER QUIMICA 500ml";"UN";"38089429";13;19;16.15;21.85
"19.01.00008";"775";"ALICATE BOMBA DAGUA 10 LOTUS/MTX COD:157089";"UN";"82032010";37.47;57;51.3;62.7
"19.01.00018";"3256";"ALICATE BOMBA DAGUA 14";"UN";"82032010";27;43;39.5;49.45
"19.01.00034";"100741";"ALICATE BOMBA DAGUA CABO PVC 10 COD 1571855";"UN";"82032010";28.2;44;39.6;48.4
"19.01.00033";"100740";"ALICATE BOMBA DAGUA CABO PVC 12 COD 1571955";"UN";"82032010";49.15;75;67.5;82.5
"19.01.00019";"3257";"ALICATE BOMBA DAGUA LOTUS 16";"UN";"82032010";105;170;155;195.5
"19.01.00009";"776";"ALICATE BOMBA DAGUA MTX 12 COD 157099";"UN";"82032010";53.49;80;72;88
"17.00.00008";"412";"ALICATE CORTADOR DE TUBOS PVC";"UN";"82032010";22.98;35;32;40.25
"19.01.00004";"771";"ALICATE CORTE DIAGONAL FOXLUX 6pol.";"UN";"82032010";17.68;25;23;28.75
"19.01.00031";"100460";"ALICATE CORTE DIAGONAL MTX BLACK NIQUEL 6pol. COD: 175729";"UN";"82032010";22.81;36.5;32.85;41.97
"19.01.00011";"2567";"ALICATE CORTE DIAGONAL MTX NIQUELADO 6pol. COD:175209";"UN";"82032010";21.24;30;27;33
"19.01.00023";"3544";"ALICATE DE BICO 8pol COD 50280";"UN";"82032010";24.98;38;34.9;43.7
"19.01.00030";"100459";"ALICATE DE BICO MTX BLACK NIQUEL 6pol. COD:171589";"UN";"82032010";21.32;33;29.7;36.3
"19.01.00010";"2446";"ALICATE DE BICO MTX NIQUELADO 6pol. COD:171649";"UN";"82032010";19.68;30;27;33
"19.01.00032";"100515";"ALICATE DE PRESSAO 5pol. COD:49578";"UN";"82032010";16.98;25.5;23;29.32
"19.01.00006";"773";"ALICATE DE PRESSAO FOXLUX 10pol.";"UN";"82032010";29.88;45;41;51.75
"19.01.00005";"772";"ALICATE DE PRESSAO GEDORE 10 pol. 810/10 RED";"UN";"82032010";45.05;69;62;79.35
"20.08.00028";"3534";"ALICATE DE PRESSAO VONDER 7pol.";"UN";"82032010";21.6;35;31.5;40.26
"19.00.00331";"100462";"ALICATE DESENCAPADOR MTX C/CABO EMBOR. COD:177349";"UN";"82032010";62.97;95;87;109.25
"19.00.00330";"100461";"ALICATE DESENCAPADOR SPARTA COD:1773055";"UN";"82032010";28.74;45;40.5;49.5
"19.01.00015";"2938";"ALICATE NIVELADOR CORTAG";"UN";"82032010";52.05;78;70;85.8
"19.01.00035";"100756";"ALICATE NIVELADOR PLASTICO CORTAG";"UN";"82032010";23.08;40;35;44
"19.00.00094";"1145";"ALICATE NIVELADOR VONDER";"UN";"82032010";47.4;80;73;92
"19.00.00088";"1139";"ALICATE REBITADOR MTX / FOXLUX";"UN";"82055900";22.92;35;32;40.25
"19.00.00339";"100535";"ALICATE REBITADOR MTX GIRATORIO";"UN";"82055900";45.82;69;63;79.35
"19.01.00014";"2912";"ALICATE UNIVERSAL BELZER 8pol";"UN";"82032010";40.54;68;60;78.2
"19.01.00029";"100458";"ALICATE UNIVERSAL MTX BLACK NIQUEL 6pol. COD:169789";"UN";"82032010";19.61;33;30;37.95
"19.01.00001";"768";"ALICATE UNIVERSAL MTX BLACK NIQUEL 8pol. COD:169839";"UN";"82032010";30.29;45;40.5;49.5
"19.01.00016";"3023";"ALICATE UNIVERSAL MTX NIQUELADO 8pol. COD:169069";"UN";"82032010";22.48;38;34.5;43.7
"09.01.00123";"100347";"ALVIAO C/CABO FAMASTIL";"UN";"82013000";56.4;85;77;97.75
"09.01.00037";"202";"ALVIAO C/CABO TRAMONTINA";"UN";"82013000";72.7;110;99;121
"14.00.00015";"382";"ANCINHO CURVO C/CABO";"UN";"82013000";18.94;30;27.5;34.5
"18.00.00008";"787";"ANEL 100mm AMANCO";"UN";"40169300";1.62;4.5;3.6;5.22
"18.00.00118";"2451";"ANEL 150mm AMANCO";"UN";"40169300";4.95;10;8.5;11.5
"18.00.00009";"788";"ANEL 40mm AMANCO";"UN";"40169300";0.8;2.4;1.7;2.64
"18.00.00010";"789";"ANEL 50mm AMANCO";"UN";"40169300";0.91;2.8;1.9;3.25
"18.00.00011";"790";"ANEL 75mm AMANCO";"UN";"40169300";1.38;3.8;3;4.39
"18.00.00180";"3398";"ANEL DE VEDACAO BLUKIT";"UN";"40069000";4.14;6.8;6;7.82
"18.00.00151";"3075";"ANEL DE VEDACAO BLUKIT COM GUIA";"UN";"40069000";4.09;7;6.3;8.05
"18.00.00143";"2931";"ANEL DE VEDACAO PLASTILIT COM GUIA";"UN";"40169300";7.13;12;10;13.79
"18.00.00100";"2195";"ANEL P/BICO DE TORNEIRA 3/4";"UN";"40169300";1;1.8;1.65;2.07
"18.00.00099";"2194";"ANEL TUBO PONTA AZUL";"UN";"40169300";0.85;2;1.75;2.32
"14.00.00007";"374";"ANTENA EXTERNA 20/17 FULLHD BRASFORM";"UN";"85291019";26.5;48;43;55.2
"14.00.00048";"557";"ANTENA EXTERNA DIGITAL 28 ELEMENTOS";"UN";"85291019";37.01;55;50;63.25
"14.00.00136";"3208";"ANTENA INTERNA";"UN";"85291019";26.55;45;41.5;51.75
"19.00.00347";"100557";"APARADOR DE CERCA VIVA ACV060 VONDER 127v";"UN";"84672200";463.99;600;600;600
"19.00.00345";"100543";"APLICADOR DE FITAS 50mm NOVE54";"UN";"84224090";23.43;35;32;40.25
"20.03.00017";"2804";"APLICADOR DE SILICONE ALUMINIO 400ml. SPARTA COD:8864755";"UN";"84798912";42.21;65;59;74.84
"19.00.00002";"778";"APLICADOR DE SILICONE NOVE54";"UN";"82055900";11.84;20;17;23
"19.00.00213";"2995";"APLICADOR DE SILICONE PRETO DE NYLON";"UN";"82055900";42;63;58;72.45
"19.00.00129";"2199";"APLICADOR DE SILICONE REFORCADO COD:47778";"UN";"82055900";24.98;37;33;42.55
"19.00.00348";"100563";"APLICADOR DE SILICONE SUPER REFORCADO LOTUS";"UN";"82055900";65;95;87;109.25
"05.00.00011";"2622";"ARAME FARPADO MOTTO BELGO FIO 16 500mts";"UN";"73130000";207.26;259;230;297.85
"05.00.00001";"75";"ARAME GALVANIZADO 12";"KG";"72172090";12.15;23.5;22;27.04
"05.00.00002";"76";"ARAME GALVANIZADO 14";"KG";"72172090";13.05;23.5;20;25.85
"05.00.00004";"78";"ARAME GALVANIZADO 16";"KG";"72172090";13.41;25;22;28.75
"05.00.00005";"79";"ARAME GALVANIZADO 18";"KG";"72172090";14.85;28;25;32.23
"05.00.00010";"2543";"ARAME GALVANIZADO 20";"KG";"72172090";18.27;35;31.5;40.27
"05.00.00006";"80";"ARAME RECOZIDO";"KG";"72171090";4.8;7;6.5;7.7
"05.00.00008";"2269";"ARAME RECOZIDO GROSSO BW 12";"KG";"72171090";9.1;18;14.21;18.9
"05.00.00009";"2525";"ARAME RECOZIDO TORCIDO";"KG";"72171090";8;18;16;21
"05";"0";"ARAMES";"UN";"";0;0;0;0
"14.00.00128";"2594";"ARANDELA";"UN";"94051093";16.2;25;25;28.75
"14.05.00003";"563";"ARANDELA BOREAL 1530";"UN";"94051099";20;28;25;32.2
"14.00.00110";"2576";"ARANDELA CALHA COM PINO CROMADA";"UN";"94051099";23.85;35;31.5;38.5
"20.00.00033";"1376";"ARANDELA DELTA 1720/1";"UN";"94051099";26.43;45;45;51.75
"09.01.00006";"171";"ARANDELA ELIPSE MEDIA 1600/2";"UN";"94051099";56.6;75;75;86.25
"14.05.00065";"2210";"ARANDELA ELIPSE PEQUENA 1600/1";"UN";"94051099";33.38;48;48;52.8
"14.05.00058";"2020";"ARANDELA ELIPSE PEQUENA SILKADA 1610/1";"UN";"94051099";33.44;50;50;57.5
"14.00.00108";"2574";"ARANDELA IANY CROMADA";"UN";"94051099";17.4;30;30;34.5
"14.00.00109";"2575";"ARANDELA IANY OVAL CROMADA";"UN";"94051099";27.95;45;45;51.75
"09.06.00002";"270";"ARANDELA VENUS HORIZONTAL 1704/1";"UN";"94051099";30.66;47;47;54.05
"19.00.00003";"779";"ARCO DE SERRA AJUSTAVEL FAMASTIL";"UN";"82021000";23.8;36;32.5;41.4
"19.00.00143";"2320";"ARCO DE SERRA AJUSTAVEL STANLEY";"UN";"82021000";45.97;75;67;86.25
"19.01.00007";"774";"ARCO DE SERRA MTX REFORCADO COD:775939";"UN";"82021000";40.18;64;58;73.59
"19.00.00269";"3622";"ARCO DE SERRA THOMPSON";"UN";"82023100";28.9;42;38;48.3
"14.10.00004";"702";"ARCO DE SERRA TUBOLAR MARJAY";"UN";"82021000";29.9;43;39.5;49.45
"12.00.00004";"398";"AREIA FINA LAVADA IBIRACI";"MT";"25059000";122;175;160;224
"12.00.00001";"395";"AREIA FINA RIO";"MT";"25051000";64.3;115;59.8;120
"12.00.00005";"399";"AREIA FINA RIO DELTA";"MT";"25051000";48;70;63;77
"12.00.00002";"396";"AREIA GROSSA";"MT";"25051000";105;180;148.24;198
"12.00.00003";"397";"AREIA MEDIA";"MT";"25051000";105;180;150;198
"01.01";"0";"ARGAMASSA";"UN";"";0;0;0;0
"01.01.00003";"2108";"ARGAMASSA QUARTZOLIT ACI INTERNA 05kg";"UN";"32149000";5.39;8.5;7.5;9.79
"01.01.00002";"2107";"ARGAMASSA QUARTZOLIT ACI INTERNA 20kg";"UN";"32149000";9.22;15;13.5;17.26
"01.01.00006";"2570";"ARGAMASSA QUARTZOLIT PISO PISO/PORC.EXTERNA 20kg";"UN";"32149000";22.75;31;28.4;35.65
"13.06.00012";"2154";"ARGAMASSA QUARTZOLIT PORC INT/EXT.ACIII 20kg";"UN";"32149000";28.93;35;35;45
"01.01.00058";"2994";"ARGAMASSA QUARTZOLIT PREMIUM FLEX 20kg";"UN";"32149000";19.88;32.8;29.5;37.73
"11.00.00008";"310";"ARGAMASSA QUARTZOLIT REFRATARIO 05kg";"UN";"32149000";25.18;42;36.5;48.31
"01.01.00005";"2110";"ARGAMASSA VOTOMASSA ACI INTERNO 20kg";"UN";"32149000";8.79;14;12;14.99
"01.01.00001";"2106";"ARGAMASSA VOTOMASSA ACII 20kg";"UN";"32149000";16.7;23;20;24.15
"01.01.00004";"2109";"ARGAMASSA VOTOMASSA ACIII FLEXIVEL 20kg";"UN";"32149000";25.84;37;33.11;42.29
"17.00.00086";"3390";"ARMARIO 1 PORTA COZIMAX 1.80mts";"UN";"94036000";440.12;630;510;724.5
"17.00.00085";"3389";"ARMARIO AERIO COZIMAX FLAT MON 0.60";"UN";"94032000";149.23;215;193;247.25
"17.00.00006";"411";"ARMARIO AERIO COZIMAX FLAT MON 1.00";"UN";"94032000";170.56;245;225;281.75
"22.00.00048";"2905";"ARMARIO BAN.HERC TIVOLI BRANCO";"UN";"94037000";32.39;55;50;63.25
"13.00.00001";"336";"ARMARIO BAN.HERC TIVOLI C/GAV BCO/CRO";"UN";"94037000";95.57;145;125;166.75
"13.00.10016";"100484";"ARMARIO BAN.HERC TIVOLI C/GAV PTO/CRO";"UN";"94037000";57.06;145;125;166.75
"13.00.10006";"2657";"ARMARIO BAN.HERC TIVOLI PRETO";"UN";"94037000";36.66;55;50;63.25
"13.00.00002";"337";"ARMARIO BANHEIRO ASTRA A52 BR1 BRANCO";"UN";"94037000";46.12;70;62;80.5
"13.00.10002";"2647";"ARMARIO BANHEIRO ASTRA PERFIL ALUMINIO AL31";"UN";"94037000";73.02;105;96.5;120.75
"13.02.00002";"1171";"ARMARIO BANHEIRO ASTRA VERSATIL";"UN";"94037000";33.93;52;47;59.8
"13.00.00027";"2017";"ARMARIO BANHEIRO ATLAS TOALETE BRANCO";"UN";"94037000";25.97;39;35.8;44.85
"13.00.00003";"338";"ARMARIO BANHEIRO PLENA TIGRE CARAMELO";"UN";"94037000";27.3;49;44.1;53.9
"13.00.00004";"339";"ARMARIO BANHEIRO PLENA TIGRE CINZA CLARO";"UN";"94037000";33.79;35;31.5;38.5
"16.03.00002";"428";"ARRUELA FUNILEIRO 1/4";"UN";"73182200";0.59;1.2;1;1.38
"16.03.00010";"100661";"ARRUELA FUNILEIRO 3/8";"UN";"73182200";0.35;1.35;1;1.55
"16.03.00007";"2762";"ARRUELA FUNILEIRO 5/16";"UN";"73182200";0.41;1.25;1;1.44
"16.03.00001";"427";"ARRUELA LISA 1/2";"UN";"73181300";0.05;0.4;0.35;0.52
"18.00.00033";"1468";"ARRUELA LISA 1/4";"UN";"73181300";0.08;0.2;0.15;0.25
"16.03.00008";"3267";"ARRUELA LISA 3/16";"UN";"73181300";0.04;0.1;0.09;0.11
"16.03.00003";"429";"ARRUELA LISA 3/8";"UN";"73181300";0.12;0.45;0.35;0.5
"16.03.00005";"431";"ARRUELA LISA 5/16";"UN";"73181300";0.11;0.25;0.2;0.3
"16.03.00004";"430";"ARRUELA LISA 5/8";"UN";"73181300";0.07;0.3;0.25;0.33
"18.07.00001";"3083";"ARRUELA PLASTICA P/ VALVULA LAVATORIO";"UN";"";0.75;1.1;1.01;1.27
"13.00.10001";"0";"ARRUELAS";"UN";"0";0;0;0;0
"13.00.00017";"802";"ASSENTO ASTRA ALMOF ART/ AVANT BRANCO TVT/K";"UN";"39222000";92.29;140;128;161
"20.00.00026";"1319";"ASSENTO ASTRA ALMOFADADO BEGE TPK/AS BG8";"UN";"39222000";68.25;110;100;126.49
"20.00.00094";"2557";"ASSENTO ASTRA ALMOFADADO BRANCO TPK/AS BR1";"UN";"39222000";64.29;110;100;126.5
"19.08.00001";"1047";"ASSENTO ASTRA ALMOFADADO CINZA CLARO TPK/AS CZ2";"UN";"39222000";66.98;110;100;126.49
"13.00.10004";"2649";"ASSENTO ASTRA ALMOFADADO CINZA ESCURO TPK/AS CZ1";"UN";"39222000";66.98;110;100;126.5
"09.01.00055";"220";"ASSENTO ASTRA AVANT PP BRANCO TVT/PP";"UN";"39222000";52.73;80;73;92
"09.00.00041";"393";"ASSENTO ASTRA SLIM ALMOFADADO BRANCO TAJ/AS";"UN";"39222000";48.25;80;72;92
"13.00.00018";"804";"ASSENTO ASTRA SOFT BEGE TPJ/AS BG8";"UN";"39222000";24.92;41;37.5;47.15
"13.00.00014";"799";"ASSENTO ASTRA SOFT BRANCO TPJ/AS BR1";"UN";"39222000";26.03;41;37;47.16
"13.00.00016";"801";"ASSENTO ASTRA SOFT CINZA CLARO TPJ/AS-CZ2";"UN";"39222000";26.03;41;37;47.16
"09.02.00020";"2243";"ASSENTO ASTRA SOFT CINZA ESCURO TPJ/AS-CZ1";"UN";"39222000";22.32;41;35;47.16
"13.00.00030";"2400";"ASSENTO ASTRA THEMA ALMOFADADO BISCUIT TTH/K BIS-57";"UN";"39222000";82.97;145;130;166.75
"13.00.00031";"2401";"ASSENTO ASTRA THEMA ALMOFADADO BRANCO TTH/K BR1";"UN";"39222000";104.87;145;130;166.75
"13.00.00032";"2452";"ASSENTO ASTRA THEMA ALMOFADADO CINZA CLARO TTH/K CZP-48";"UN";"39222000";82.97;145;130;166.75
"13.00.10017";"100712";"ASSENTO ASTRA THEMA ALMOFADADO CINZA ESCURO TTH/K CZC-47";"UN";"39222000";108.86;165;145;189.75
"13.00.00033";"2459";"ASSENTO ASTRA THEMA PP BRANCO TTH/PP";"UN";"39222000";46.83;84;77;96.6
"13.00.00015";"800";"ASSENTO ASTRA THEMA PP CINZA TTH/PP";"UN";"39222000";35.19;84;77;96.6
"13.00.10011";"3471";"ASSENTO ATLAS ALMOFADADO BEGE PR-1063-6";"UN";"39222000";50.17;80;72.5;92
"13.00.10009";"3469";"ASSENTO ATLAS ALMOFADADO BRANCO PR-1063-2";"UN";"39222000";53.19;80;72.5;92
"13.00.10010";"3470";"ASSENTO ATLAS ALMOFADADO CINZA PR-1063-5";"UN";"39222000";50.17;80;72.5;92
"13.00.10003";"2648";"ASSENTO DURIN ALMOF.LUXO BRANCO";"UN";"39222000";61.76;100;90;115
"13.04.00001";"1385";"ASSENTO DURIN ALMOFADADO BEGE";"UN";"39222000";49.43;75;68.5;86.25
"13.00.10005";"2650";"ASSENTO DURIN ALMOFADADO BRANCO";"UN";"39222000";42.13;70;63;80.5
"09.06.00004";"272";"ASSENTO DURIN ALMOFADADO CINZA CLARO";"UN";"39222000";43.79;75;68.5;86.25
"13.00.00013";"798";"ASSENTO ETERNIT BRANCO";"UN";"39222000";46;95;85;104.5
"19.00.00038";"1056";"ASSENTO HERC ALMOFADADO THEMA BISCUIT";"UN";"39222000";34.83;55;50;63.25
"14.00.00031";"454";"ASSENTO HERC ALMOFADADO THEMA BRANCO";"UN";"39222000";39.9;57;52;65.55
"19.00.00037";"1055";"ASSENTO HERC ALMOFADADO THEMA CINZA";"UN";"39222000";31.21;55;50;63.25
"09.01.00054";"219";"ASSENTO HERC BEGE";"UN";"39222000";12.39;38.5;35.4;44.27
"18.02.00080";"3298";"ASSENTO INCEPA ART POLIPROPILENO BRANCO";"UN";"39222000";27.54;70;64;80.5
"19.00.00007";"783";"ASSENTO INCEPA AVANT BRANCO";"UN";"39222000";79.84;225;205;258.75
"18.02.00070";"2788";"ASSENTO INCEPA FALMINGO CINZA";"UN";"39222000";71.8;110;99;126.5
"18.02.00068";"2786";"ASSENTO INCEPA FLAMINGO BISCUIT";"UN";"39222000";71.8;110;99;126.5
"18.02.00069";"2787";"ASSENTO INCEPA FLAMINGO BRANCO";"UN";"39222000";71.8;110;99;126.5
"18.02.00076";"3009";"ASSENTO INCEPA PP UNIVERSAL BISCUIT";"UN";"39222000";28.15;46;42;52.9
"18.02.00074";"2989";"ASSENTO INCEPA PP UNIVERSAL BRANCO";"UN";"39222000";24.95;46;42;52.9
"18.02.00075";"2990";"ASSENTO INCEPA PP UNIVERSAL CINZA";"UN";"39222000";28.28;46;42;52.9
"18.02.00071";"2943";"ASSENTO INCEPA SOFT CLOSE UNIV. BRANCO";"UN";"39222000";78.24;200;184;230
"18.02.00040";"1596";"ASSENTO INCEPA THEMA BISCUIT";"UN";"39222000";78.97;190;174;218.5
"18.02.00032";"1588";"ASSENTO INCEPA THEMA BRANCO";"UN";"39222000";73.43;190;150;218.5
"18.00.00044";"1602";"ASSENTO INCEPA THEMA CINZA";"UN";"39222000";69.96;190;174;218.5
"18.02.00006";"821";"BACIA DECA IZY BRANCO GELO";"UN";"69109000";190.17;270;240;310.5
"18.02.00008";"823";"BACIA DECA IZY CARAMELO";"UN";"69109000";59.6;84;75.6;92.4
"18.02.00010";"825";"BACIA DECA IZY CINZA CLARO";"UN";"69109000";228.22;340;310;391
"18.02.00014";"829";"BACIA DECA IZY CREME";"UN";"69109000";148.83;215;197;247.25
"18.02.00007";"822";"BACIA DECA RAVENA BRANCO GELO";"UN";"69109000";112.28;230;210;253
"18.02.00011";"826";"BACIA DECA RAVENA CINZA CLARO";"UN";"69109000";105.95;250;230;275
"18.02.00013";"828";"BACIA DECA RAVENA CINZA ESCURO";"UN";"69109000";111.4;250;230;275
"18.02.00015";"830";"BACIA DECA RAVENA CREME";"UN";"69109000";125.35;250;230;272.72
"18.02.00086";"3558";"BACIA INCEPA ART BRANCO";"UN";"69109000";178.56;260;239;299
"13.03.00010";"1187";"BACIA INCEPA AVANT BRANCO";"UN";"69109000";246.54;370;337;425.5
"18.02.00036";"1592";"BACIA INCEPA FLAMINGO BISCUIT";"UN";"69109000";166.75;495;445;569.25
"19.02.00013";"811";"BACIA INCEPA FLAMINGO BRANCO";"UN";"69109000";260.48;430;390;494.5
"18.02.00038";"1594";"BACIA INCEPA FLAMINGO CINZA";"UN";"69109000";262.34;495;445;569.25
"19.02.00070";"3612";"BACIA INCEPA PARA CAIXA FLAMINGO BRANCO";"UN";"";198;280;260;322
"19.00.00148";"2410";"BACIA INCEPA THEMA PLUS BISCUIT";"UN";"69109000";336.75;560;510;644
"19.02.00056";"2443";"BACIA INCEPA THEMA PLUS BRANCO";"UN";"69109000";348;520;475;598
"19.00.00014";"909";"BACIA INCEPA THEMA PLUS CINZA";"UN";"69109000";377.35;560;510;644
"18.02.00073";"2987";"BACIA INCEPA ZIP BRANCO";"UN";"69109000";70.63;105;96;120.75
"18.02.00063";"2553";"BACIA INCEPA ZIP PARA CAIXA ACOPLADA BRANCA";"UN";"69109000";78.71;115;97.75;126.5
"18.02.00089";"100009";"BACIA LOGASA PARATI BEGE AREIA";"UN";"69109000";141.09;205;188;235.75
"18.02.00088";"3560";"BACIA LOGASA PARATI BRANCO";"UN";"69109000";136.5;199;180;228.85
"18.02.00090";"100010";"BACIA LOGASA PARATI CINZA CROMO";"UN";"69109000";140.59;205;188;235.75
"14.00.00145";"100256";"BALANCA COZINHA DIGITAL 10kg";"UN";"84231000";49.12;75;67;86.25
"19.00.00185";"2791";"BALDE P/CONCRETO 10lts METAL VONDER";"UN";"73269090";14.74;23;20;25.3
"19.00.00006";"782";"BALDE P/CONCRETO 12lts PLASTICO";"UN";"39259090";5.47;14;12.76;16.11
"19.00.00228";"3206";"BALDE P/CONCRETO DURIN - BREC 12 LTS";"UN";"39259090";10.7;16.5;15;18.98
"19.00.00242";"3329";"BALDE PLASTICO 15lts";"UN";"39249000";4.61;7;6.4;8.05
"19.00.00222";"3099";"BALDE PLASTICO ASTRA 12lts";"UN";"39249000";13.5;14.9;13.75;21.85
"14.00.00009";"376";"BALLUM";"UN";"";1.04;3.5;3.22;4.03
"09.04.00012";"264";"BANDEJA P/PINTURA ATLAS 1.3lts 1415P";"UN";"39269090";5.25;8.9;8;10.23
"09.04.00024";"3149";"BANDEJA P/PINTURA ATLAS 2.7lts 1523P";"UN";"39269090";5.51;9;8;10.35
"09.06.00005";"273";"BANDEJA PINTURA COMPEL";"UN";"39269090";3.55;5.5;5;6.33
"09.01.00003";"168";"BARRA DE APOIO 40cm";"UN";"72223000";43.9;65;58.5;74.75
"09.01.00038";"203";"BARRA DE APOIO 60cm";"UN";"72223000";47.9;70;63;80.5
"09.01.00124";"100396";"BARRA DE APOIO 80cm";"UN";"72223000";51.9;78.5;70;90.27
"06.00.00007";"87";"BARRA FERRO 1/2";"UN";"72142000";57.51;87;73.95;95.7
"06.00.00004";"84";"BARRA FERRO 1/4";"UN";"72142000";15.46;25;21.25;27.5
"06.00.00009";"89";"BARRA FERRO 3/4";"UN";"72142000";157.03;237;201.45;260.7
"06.00.00005";"85";"BARRA FERRO 3/8";"UN";"72142000";35.62;57;42.75;62.7
"06.00.00003";"83";"BARRA FERRO 4.2mm";"UN";"72131000";7.28;12;9.6;13.2
"06.00.00001";"81";"BARRA FERRO 5.0mm";"UN";"72131000";10.27;18;15.3;19.8
"06.00.00006";"86";"BARRA FERRO 5/16";"UN";"72142000";23.89;38;31.18;41.8
"06.00.00008";"88";"BARRA FERRO 5/8";"UN";"72142000";91.84;145;130.5;159.5
"06.00.00020";"2598";"BARRA ROSQUEADA GALVANIZADO 1/4";"UN";"73181900";1.92;5;4;5.75
"06.00.00022";"2600";"BARRA ROSQUEADA GALVANIZADO 3/8";"UN";"73181900";4.24;10;9;11
"06.00.00021";"2599";"BARRA ROSQUEADA GALVANIZADO 5/16";"UN";"73181900";3.05;8;7.2;8.8
"13.03.00008";"1185";"BARRAMENTO BIFASICO 63A 56 POLOS 220/440 LUKMA";"UN";"69049000";81.9;115;99;132.25
"14.04.00033";"100440";"BARRAMENTO DIN BIPOLAR 63A 1mt";"UN";"";89.9;135;117;155.25
"14.04.00029";"100246";"BARRAMENTO DIN BIPOLAR 80A 1mt";"UN";"85444900";110.3;170;155;195.5
"14.00.00148";"100367";"BARRAMENTO DIN UNIPOLAR 80A 1m";"UN";"85444900";54.19;85;75.5;97.75
"14.05.00116";"100471";"BASE DE RELE FOTOELETRICO FOXLUX";"UN";"85365090";16.55;24.9;22.5;28.63
"14.05.00120";"100767";"BASE P/ RELE FOTOCELULA FOXLUX";"UN";"85365090";16.48;26;23;29.9
"20";"0";"BASICOS";"UN";"";0;0;0;0
"18.00.00197";"100107";"BASTAO DE COLA QUENTE FOXLUX 7.2x300mm";"UN";"35061090";0.7;1.1;1;1.27
"19.01.00025";"100303";"BATEDOR DE ARGAMASSA 400mm";"UN";"82079000";16.9;40;35;46
"19.01.00027";"100403";"BATEDOR DE ARGAMASSA CORTAG 40cm";"UN";"82079000";39.57;58.5;52.5;67.28
"19.01.00028";"100421";"BATEDOR DE ARGAMASSA CORTAG 60cm SUPER";"UN";"82079000";35.87;55;50;63.25
"19.01.00020";"3295";"BATEDOR DE ARGAMASSA SDS MTX 120 x 600mm COD:848849";"UN";"84798210";33.92;53;47;58.3
"19.01.00021";"3417";"BATEDOR DE ARGAMASSA SDS MTX REFORCADO COD: 848289";"UN";"82055900";32.36;53.5;48;58.85
"13.01.00024";"100574";"BATERIA DE LITIO 3v CR2032";"UN";"85065010";1.18;5;4.5;5.75
"19.00.00329";"100453";"BATERIA VONDER 20V - PFV 238 E PFV 238L";"UN";"85076000";133.1;200;180;230
"18.00.00078";"1845";"BENGALA PVC PRETO ROSQ.1";"UN";"39172300";10.55;15;13.5;16.5
"13.06.00016";"100190";"BETONEIRA RENTAL MENEGOTTI 400lt 2cv 220v";"UN";"84743100";4354.38;5225;4989.75;6009.05
"08.00.00001";"108";"BIANCO 18lts OTTO";"UN";"35069120";242.47;375;320;412.5
"08.00.00003";"110";"BIANCO 3.6lts OTTO";"UN";"35069120";72.74;120;100;132
"08.00.00002";"109";"BIANCO 900gr. OTTO";"UN";"35061090";22.43;40;35;44
"18.00.00013";"835";"BICO P/ TORNEIRA METAL 1/2 x 1/2";"UN";"79070090";1.85;3.5;3.2;4.04
"18.00.00015";"840";"BICO P/ TORNEIRA METAL 3/4 x 3/4";"UN";"79070090";1.59;4.5;4.1;4.95
"18.00.00014";"839";"BICO P/ TORNEIRA METAL 3/4x1/2";"UN";"79070090";3.44;6;5;6.91
"18.00.00227";"100495";"BICO P/ TORNEIRA PLASTICO 3/4x1/2";"UN";"84818019";1.88;3.5;3;4.02
"18.03.00029";"100498";"BIODIGESTOR FORTLEV 1500 lts";"UN";"39251000";1256.17;1850;1650;2127.5
"18.03.00030";"100499";"BIODIGESTOR FORTLEV 700 lts";"UN";"39251000";893.37;1330;1150;1529.5
"19.00.00151";"2447";"BITS PHILIPS COM LIMITADOR0 PH2 25mm SQ";"UN";"82079000";3.69;6;5.5;6.89
"20.03.00007";"1251";"BITS PHILIPS PH2 110mm";"UN";"82054000";2.99;7;6.5;8.06
"20.03.00021";"3405";"BITS PHILIPS PH2 50mm SATA";"UN";"82054000";1.92;5;4;5.75
"20.03.00022";"3406";"BITS PHILIPS/FENDA PH2 65mm";"UN";"82054000";4;6.5;6;7.48
"15.00.00002";"416";"BLOCO 10x20x20";"UN";"69049000";1.3;1.7;1.54;2.01
"15.00.00001";"415";"BLOCO 10x20x40";"UN";"69049000";2.4;3.2;3.08;3.52
"15.00.00004";"418";"BLOCO 15x20x20";"UN";"69049000";1.8;2.4;2.16;2.65
"15.00.00003";"417";"BLOCO 15x20x40";"UN";"69049000";3.1;4.1;3.88;5.14
"15.00.00006";"420";"BLOCO 20x20x20";"UN";"69049000";2.3;3;2.79;3.13
"15.00.00005";"419";"BLOCO 20x20x40";"UN";"69049000";4.1;5.4;5.12;5.94
"20.00.00021";"1284";"BLOCO DE ESPUMA CORTAG";"UN";"39095029";5.35;8.5;7.5;9.35
"20.00.00139";"3488";"BLOCO DE ESPUMA TAFORT";"UN";"39095029";2.99;5;4.5;5.74
"15";"0";"BLOCOS";"UN";"68101100";0;0;0;0
"18.01.00030";"1604";"BLOQUEADOR DE AR MASTER BLOCKER";"UN";"84818095";40;55;50;63.25
"14.00.00011";"378";"BOCAL C/ CHAVE FOXLUX";"UN";"85366100";5.22;8.3;7.5;9.55
"14.00.00013";"380";"BOCAL C/ PINO FOXLUX";"UN";"85366100";2.04;5;4.5;5.76
"14.00.00012";"379";"BOCAL C/ RABICHO FOXLUX";"UN";"85366100";1.33;5;4.5;5.5
"14.00.00010";"377";"BOCAL DE PORCELANA FOXLUX";"UN";"85366100";2.15;4.5;4;5.18
"14.00.00146";"100348";"BOCAL P/ABAJUR FOXLUX";"UN";"85366100";3.02;6;5.5;6.91
"14.00.00014";"381";"BOCAL SIMPLES FOXLUX";"UN";"85366100";1.32;4;3.5;4.62
"18.00.00018";"850";"BOIA AMANCO 1/2";"UN";"84818019";9.31;16;14;18.4
"18.00.00016";"846";"BOIA AMANCO 3/4";"UN";"84818019";10.84;16.5;14;18.97
"14.00.00131";"2597";"BOIA BLUKIT VAZAO TOTAL 1/2 - 3/4";"UN";"84818019";61.05;90;80;103.5
"18.00.00017";"848";"BOIA DECA 3/4";"UN";"84818019";90.23;130;119;149.5
"18.00.00225";"100424";"BOIA DOCOL 3/4";"UN";"84818019";58.99;89;81.5;102.35
"18.00.00040";"1517";"BOIA FORTLEV";"UN";"84818019";11.67;22;19;25.29
"18.00.00139";"2889";"BOIA TIGRE 3/4";"UN";"84818019";26.12;45;40;51.77
"18.00.00020";"854";"BOLSA BRANCA VASO";"UN";"39174090";3.32;5;4.6;5.75
"18.00.00023";"858";"BOLSA PRETA COM ANEL PLASTICA VASO SANITARIO 4";"UN";"39172900";4.49;6.8;6;7.81
"18.00.00179";"3370";"BOLSA PRETA PLASTICA VASO SANITARIO 4";"UN";"39174090";0.69;3;2.7;3.45
"16.02.00004";"435";"BORRACHA BICO TORNEIRA";"UN";"40169300";0.2;0.5;0.46;0.57
"19.00.00117";"2081";"BOTA PVC 38 VONDER";"UN";"64019200";32.13;52;46.5;59.81
"19.00.00131";"2223";"BOTA PVC 39 VONDER";"UN";"64019200";32.13;52;46.5;59.81
"20.00.00072";"2079";"BOTA PVC 40 VONDER";"UN";"64019200";32.13;52;47.5;59.8
"20.03.00012";"1256";"BOTA PVC 41 VONDER";"UN";"64019200";32.13;52;46.5;59.8
"19.00.00118";"2082";"BOTA PVC 42 VONDER";"UN";"64019200";32.13;52;46.5;59.8
"18.00.00123";"2560";"BOTA PVC 43 VONDER";"UN";"64019200";32.13;52;46.5;59.8
"18.00.00186";"3578";"BOTA PVC 44/45 VONDER";"UN";"64029190";33.98;52;47.5;59.8
"16.02.00018";"3547";"BOTAO FRANCES METAL CROMADO";"UN";"83024100";3.75;6.5;6;7.47
"18.01.00258";"3619";"BOTINA 37";"UN";"";42;69;62.5;79.35
"19.00.00166";"2658";"BOTINA 38";"UN";"64039190";45;69;62.5;79.35
"19.00.00167";"2659";"BOTINA 39";"UN";"64039190";45;69;62.5;79.35
"19.00.00168";"2660";"BOTINA 40";"UN";"64039190";45;69;62.5;79.35
"19.00.00169";"2661";"BOTINA 41";"UN";"64039190";45;69;62.5;79.35
"19.00.00170";"2662";"BOTINA 42";"UN";"64039190";45;69;62.5;79.35
"19.00.00171";"2663";"BOTINA 43";"UN";"64039190";45;69;62.5;79.35
"19.00.00172";"2664";"BOTINA 44";"UN";"64039190";45;69;62.5;79.35
"19.00.00173";"2665";"BOTINA 45";"UN";"64039190";45;69;62.5;79.35
"13.03.00017";"1194";"BOTINA ESTIVAL WORK 37";"UN";"64039190";79.1;130;120;149.5
"19.00.00224";"3150";"BOTINA ESTIVAL WORK 38";"UN";"64039190";82.3;130;120;132.03
"13.05.00001";"1410";"BOTINA ESTIVAL WORK 39";"UN";"64039190";82.3;130;120;149.5
"18.01.00077";"1667";"BOTINA ESTIVAL WORK 40";"UN";"64039190";82.3;130;120;149.5
"18.01.00061";"1651";"BOTINA ESTIVAL WORK 41";"UN";"64039190";82.3;130;120;149.5
"13.05.00002";"1411";"BOTINA ESTIVAL WORK 42";"UN";"64039190";82.3;130;120;149.5
"14.05.00025";"585";"BOTINA ESTIVAL WORK 43";"UN";"64039190";79.1;130;120;149.5
"13.05.00003";"1412";"BOTINA ESTIVAL WORK 44";"UN";"64039190";82.3;130;120;149.5
"13.05.00028";"3522";"BOTINA ESTIVAL WORK 45";"UN";"64039190";79.1;130;120;149.5
"09.00.00056";"2279";"BOTINA ESTIVAL WORK 46";"UN";"64039190";82.3;130;120;149.5
"19.00.00356";"100621";"BOTINA MCT COTURNO REF:1235 39";"UN";"64039190";95;149.9;149.9;172.38
"19.00.00357";"100622";"BOTINA MCT COTURNO REF:1235 40";"UN";"64039190";95;149.9;149.9;172.38
"19.00.00358";"100623";"BOTINA MCT COTURNO REF:1235 41";"UN";"64039190";95;149.9;149.9;172.38
"19.00.00359";"100624";"BOTINA MCT COTURNO REF:1235 42";"UN";"64039190";95;149.9;149.9;172.38
"19.00.00360";"100625";"BOTINA MCT COTURNO REF:1235 43";"UN";"64039190";95;149.9;149.9;172.38
"19.00.00361";"100626";"BOTINA MCT REF:1500 39";"UN";"64039190";85;139.9;139.9;160.88
"19.00.00362";"100627";"BOTINA MCT REF:1500 40";"UN";"64039190";85;139.9;139.9;160.88
"19.00.00363";"100628";"BOTINA MCT REF:1500 41";"UN";"64039190";85;139.9;139.9;160.88
"19.00.00364";"100629";"BOTINA MCT REF:1500 42";"UN";"64039190";85;139.9;139.9;160.88
"19.00.00365";"100630";"BOTINA MCT REF:1500 44";"UN";"64039190";85;139.9;139;160.88
"13.05.00029";"3545";"BOTINA NOBUCK SOLA LATEX 37";"UN";"64039190";70;125;114;143.75
"22.00.00005";"2041";"BOTINA NOBUCK SOLA LATEX 38";"UN";"64039190";84;125;114;143.75
"22.00.00008";"2044";"BOTINA NOBUCK SOLA LATEX 39";"UN";"64039190";84;125;-17.5;137.5
"13.03.00011";"1188";"BOTINA NOBUCK SOLA LATEX 40";"UN";"64039190";84;125;113.64;143.75
"22.00.00023";"2059";"BOTINA NOBUCK SOLA LATEX 41";"UN";"64039190";84;125;114;143.75
"22.00.00013";"2049";"BOTINA NOBUCK SOLA LATEX 42";"UN";"64039190";84;125;114;143.75
"22.00.00018";"2054";"BOTINA NOBUCK SOLA LATEX 43";"UN";"64039190";84;125;114;143.75
"20.00.00096";"2619";"BOTINA NOBUCK SOLA LATEX 44";"UN";"64039190";70;125;114;143.75
"19.00.00174";"2666";"BOTINA VENETTO BOOTS";"UN";"64039190";100;130;117;149.5
"18.00.00159";"3144";"BRACO CHUVEIRO ALUMINIO 30CM";"UN";"76042919";5.85;12.5;11;13.75
"18.01.00337";"100745";"BRACO CHUVEIRO ALUMINIO 40CM";"UN";"76042919";6.28;13.5;12;14.85
"09.02.00003";"137";"BRACO CHUVEIRO ASTRA 30cm";"UN";"39174090";10.91;16.5;14.85;18.97
"09.02.00024";"3523";"BRACO CHUVEIRO ASTRA 40cm";"UN";"39174090";14.93;22;20;25.3
"18.00.00024";"900";"BRACO CHUVEIRO PRINOX 30CM";"UN";"76082090";13.8;21;19.2;24.21
"18.00.00126";"2633";"BRACO CHUVEIRO PRINOX 40CM";"UN";"76082090";15.8;24;22;27.6
"20.00.00067";"1549";"BRACO VARAL PAREDE";"UN";"56074900";21.5;33;30;37.95
"19.02.00006";"793";"BROCA CHATA MADEIRA IRWIN 1/2";"UN";"82075019";18.82;28.5;25.9;32.77
"19.02.00001";"784";"BROCA CHATA MADEIRA IRWIN 1/4";"UN";"82075019";17.16;28;25;32.2
"19.02.00012";"809";"BROCA CHATA MADEIRA IRWIN 3/4";"UN";"82075019";22.39;33;30;37.95
"19.02.00004";"791";"BROCA CHATA MADEIRA IRWIN 3/8";"UN";"82075019";17.16;30;25;34.5
"19.02.00002";"785";"BROCA CHATA MADEIRA IRWIN 5/16";"UN";"82075019";17.16;30;25;34.52
"14.05.00018";"578";"BROCA CHATA MADEIRA IRWIN 5/8";"UN";"82075019";18.66;28;25;32.2
"19.02.00073";"100299";"BROCA CHATA MADEIRA STANLEY 1/4";"UN";"82075019";16.98;25;23;28.75
"19.02.00059";"2607";"BROCA CONCRETO EXTRA LONGA 1/2x330mm";"UN";"82075011";37.38;58;50;87
"19.02.00055";"2442";"BROCA CONCRETO EXTRA LONGA 1/4x330mm";"UN";"82075011";21.69;33;28;37.96
"19.02.00053";"2440";"BROCA CONCRETO EXTRA LONGA 3/8x330mm";"UN";"82075011";23.68;38;33;43.7
"19.02.00003";"786";"BROCA CONCRETO EXTRA LONGA 5/16x330mm";"UN";"82075011";23;35;30;40.25
"19.02.00015";"814";"BROCA CONCRETO 04.0mm";"UN";"82075011";3.99;7.5;6.5;8.65
"19.02.00016";"816";"BROCA CONCRETO 05.0mm";"UN";"82075011";4.48;8;7;9.21
"19.02.00017";"817";"BROCA CONCRETO 06.0mm";"UN";"82075011";5.54;10;8.5;11.47
"19.02.00018";"819";"BROCA CONCRETO 08.0mm";"UN";"82075011";8.25;14;11.8;16.1
"19.02.00019";"820";"BROCA CONCRETO 10.0mm";"UN";"82075011";11.48;19.5;17;22.42
"19.02.00081";"100736";"BROCA CONCRETO 12.0MM";"UN";"82075011";14.74;25;19.5;28.74
"19.02.00067";"3030";"BROCA CORTAG MADEIRA 04mm";"UN";"82075011";0.91;1.5;1.35;1.73
"09.01.00087";"2506";"BROCA CORTAG MADEIRA 06mm";"UN";"82075011";1.31;2;1.8;2.3
"19.02.00062";"2782";"BROCA CORTAG MADEIRA 08mm";"UN";"82075011";1.81;3;2.6;3.45
"19.02.00068";"3031";"BROCA CORTAG MADEIRA 10mm";"UN";"82075011";3.55;5.5;5;6.33
"19.13.00006";"1159";"BROCA DIAMANTADA SPARTA 06mm";"UN";"82075019";3.47;5.5;5;6.33
"19.00.00054";"1078";"BROCA DIAMANTADA SPARTA 08mm";"UN";"82075019";4.14;6.5;5.9;7.47
"19.07.00008";"1035";"BROCA DIAMANTADA SPARTA 10mm";"UN";"82075019";9.9;15;13.5;17.25
"09.00.00037";"389";"BROCA ESCALONADA MTX 4mm A 20mm";"UN";"82075090";26.66;42;38;48.31
"19.02.00025";"836";"BROCA FERRO 02.0mm";"UN";"82075011";4.07;6.5;5.9;7.48
"19.02.00026";"837";"BROCA FERRO 02.5mm";"UN";"82075011";3.57;6.5;5.8;7.46
"19.02.00027";"838";"BROCA FERRO 03.0mm";"UN";"82075011";3.57;7;6;8.07
"19.02.00028";"841";"BROCA FERRO 03.5mm";"UN";"82075011";4.51;9;7.8;10.33
"19.02.00029";"842";"BROCA FERRO 04.0mm";"UN";"82075011";4.67;9.5;8;10.96
"19.02.00030";"843";"BROCA FERRO 04.5mm";"UN";"82075011";5.34;11;9.5;12.66
"19.02.00031";"844";"BROCA FERRO 05.0mm";"UN";"82075011";4.76;10;9;11.5
"19.02.00033";"847";"BROCA FERRO 06.0mm";"UN";"82075011";5.41;12.5;11;14.37
"19.02.00036";"852";"BROCA FERRO 08.0mm";"UN";"82075011";10.57;20;18.5;23.03
"19.02.00039";"860";"BROCA FERRO 10.0mm";"UN";"82075011";18.25;30;28;34.5
"19.02.00040";"861";"BROCA FERRO 12mm";"UN";"82075011";30.83;46.5;42;51.15
"19.02.00058";"2606";"BROCA FIBROCIMENTO EXTRA LONGA 1/2x40cm";"UN";"82075011";60.88;100;85;115
"19.02.00052";"2265";"BROCA FIBROCIMENTO EXTRA LONGA 1/4x25cm";"UN";"82075011";19.82;35;30;40.26
"19.02.00054";"2441";"BROCA FIBROCIMENTO EXTRA LONGA 3/8x32cm";"UN";"82075011";48.23;82;70;94.3
"19.02.00023";"833";"BROCA FIBROCIMENTO EXTRA LONGA 5/16x28cm";"UN";"82075011";28.39;49.5;44;56.94
"13.16.00001";"100455";"BROCA HASTE CILINDRICA MTX 06mm";"UN";"82075019";5;7.7;7;8.86
"13.16.00002";"100456";"BROCA HASTE CILINDRICA MTX 08mm";"UN";"82075019";5.75;8.7;8;10
"13.16.00003";"100457";"BROCA HASTE CILINDRICA MTX 10mm";"UN";"82075019";7.73;12;10.8;13.79
"19.02.00043";"864";"BROCA MADEIRA 03.0mm";"UN";"82075011";5.6;10;9;11.51
"19.02.00044";"865";"BROCA MADEIRA 04.0mm";"UN";"82075011";5.76;11;9.5;12.65
"19.02.00046";"867";"BROCA MADEIRA 05.0mm";"UN";"82075011";5.91;12;9.5;13.78
"19.02.00047";"868";"BROCA MADEIRA 06.0mm";"UN";"82075011";6.19;13;10;14.96
"19.02.00049";"870";"BROCA MADEIRA 08.0mm";"UN";"82075011";6.6;13;11.5;14.95
"19.02.00051";"872";"BROCA MADEIRA 10.0mm";"UN";"82075011";11.26;19;17;21.85
"19.02.00020";"818";"BROCA MD IRWIN 150X120MM SP C/5";"UN";"82075011";13.69;23;20;26.45
"19.02.00050";"871";"BROCA MOURAO EXTRA LONGA 1/4x25cm";"UN";"82075011";27.91;43;39;47.3
"20.05.00005";"1329";"BROCA P/TELHA VONDER ESCALONADA 1/4 x 5/16";"UN";"82075011";53.56;80;73;92
"03.00.00053";"100463";"BROCA SDS P/ MARTELETE MTX 06 x 160mm COD:7101655";"UN";"82075011";5.86;10;9;11
"03.00.00032";"1283";"BROCA SDS P/ MARTELETE MTX 08 x 210mm COD 7102755";"UN";"82075011";7.99;13;11.7;14.3
"19.02.00066";"3029";"BROCA SDS P/ MARTELETE MTX 10 x 210mm COD:7102955";"UN";"82075011";0;13;11.7;14.3
"18.00.00038";"1486";"BROCA SDS P/ MARTELETE MTX 10 x 260mm COD:71004055";"UN";"82075011";10.56;17;15.3;18.7
"19.02.00069";"3032";"BROCA SDS P/ MARTELETE MTX 12 x 300mm COD 7103755";"UN";"82075011";13.09;22;19.8;24.2
"13.06.00005";"1554";"BROCA SDS P/ MARTELETE MTX 14 x 300mm COD:7103955";"UN";"82075011";10.52;27;24.3;29.7
"13.06.00010";"1559";"BROCA SDS P/ MARTELETE MTX 18 x 400mm COD 7104855";"UN";"82075011";28.2;45;40.5;49.5
"19.09.00003";"1060";"BROCA SDS P/ MARTELETE MTX 20 x 400mm COD 7105055";"UN";"82075011";34.12;55;49.5;60.5
"18.00.00127";"2634";"BROCA SDS P/ MARTELETE SPARTA 08 x 260mm COD:71003855";"UN";"82075011";8.65;16;14.4;17.6
"19.00.00300";"100225";"BROXA P/ PINTURA RETANGULAR 15x5.6cm ATLAS";"UN";"96034090";5.22;9;8;9.9
"19.00.00123";"2173";"BROXA P/ PINTURA RETANGULAR 18x08cm ATLAS";"UN";"96034090";6.6;10;9;11
"19.00.00124";"2174";"BROXA REDONDA";"UN";"96034090";7.98;12;11;13.8
"19.00.00008";"873";"BROXA REDONDA DE NYLON TIGRE";"UN";"96034090";9.93;15;13.8;17.25
"19.00.00130";"2201";"BROXA REDONDA SISAL";"UN";"96034090";20.9;30;27.5;34.51
"14.05.00004";"564";"BROXA RETANGULAR ATLAS JUMBO - 725/3";"UN";"96034090";11.68;18;16.5;20.7
"19.00.00120";"2126";"BROXA RETANGULAR MAX / CONDOR";"UN";"96034090";3.27;6;5.5;6.92
"16.02.00002";"433";"BUCHA C/ PAR. TIJOLO BAIANO 08mm";"UN";"39259090";0.18;0.3;0.27;0.33
"09.01.00137";"100808";"BUCHA ESTRIADA P/ VOLANTE DECA";"UN";"84819010";2.93;5;4.5;5.75
"09.01.00138";"100809";"BUCHA ESTRIADA P/ VOLANTE DOCOL";"UN";"84819010";3.97;7;6;0
"16.02.00017";"2399";"BUCHA P/ TIJOLO BAIANO 06mm";"UN";"39259090";0.03;0.2;0.15;0.21
"16.02.00001";"432";"BUCHA P/ TIJOLO BAIANO 08mm";"UN";"39259090";0.07;0.3;0.2;0.32
"16.00.00006";"2130";"BUCHA P/ TIJOLO BAIANO 10mm";"UN";"39259090";0.1;0.5;0.35;0.6
"16.02.00003";"434";"BUCHA P/ TIJOLO BAIANO 12mm";"UN";"39259090";0.15;0.85;0.65;0.95
"09.01.00080";"2476";"BUCHA PARA REPARO DECA/TINCO COD.50";"UN";"32081010";2.8;5.3;4.85;6.11
"09.01.00113";"3572";"BUCHA PARA REPARO DIVERSAS MARCAS COD.52";"UN";"";2.8;5.3;4.85;6.08
"16.02.00005";"436";"BUCHA PARAFUSO 06mm";"UN";"39259090";0.02;0.1;0.09;0.11
"16.02.00008";"439";"BUCHA PARAFUSO 08mm";"UN";"39259090";0.03;0.1;0.09;0.12
"16.02.00006";"437";"BUCHA PARAFUSO 10mm";"UN";"39259090";0.05;0.15;0.14;0.18
"16.00.00013";"2363";"BUCHA PARAFUSO 12mm";"UN";"39259090";0.09;0.2;0.18;0.23
"18.00.00057";"1699";"CABECOTE P/ ELETRODUTO 1.1/4pol.";"UN";"39172300";4.79;7.2;6.5;8.28
"14.12.00005";"1232";"CABECOTE P/ ELETRODUTO 1pol.";"UN";"39172300";3.92;5.9;5.3;6.79
"17.00.00002";"409";"CABECOTE P/ ELETRODUTO 3/4";"UN";"39172300";3.6;5.4;4.9;6.21
"13.02.00003";"1172";"CABIDE 4 GANCHOS MULTI USO";"UN";"73249000";10.9;17;15.58;19.55
"13.02.00009";"100826";"CABIDE FOX BRASIL ACRILICO CROMADO";"UN";"39229000";4.35;8;7;10
"13.02.00004";"1173";"CABIDE PRINOX DUPLO";"UN";"73249000";13.8;20;18.4;22.99
"13.02.00005";"1174";"CABIDE PRINOX SIMPLES";"UN";"73249000";11.8;17.5;16;20.16
"18.00.00154";"3089";"CABIDE SIMPLES MARINI";"UN";"73249000";4.9;8.5;7.8;9.78
"13.02";"0";"CABIDES";"UN";"";0;0;0;0
"14.00.00016";"383";"CABO COAXIAL P/TV";"MT";"85442000";1.17;2.1;1.8;2.39
"19.03.00002";"879";"CABO DE CAVADEIRA GRANDE";"UN";"44170090";15.83;25;22;27.5
"19.03.00014";"100138";"CABO DE CAVADEIRA QUADRADO";"UN";"44170090";11.83;18;16;20.71
"19.03.00003";"880";"CABO DE ENXADA CAIPIRA";"UN";"44170090";6.67;10;9.2;11.5
"19.03.00004";"881";"CABO DE ENXADA TORNEADO";"UN";"44170090";12.5;19.5;17.5;22.49
"14.00.00168";"100880";"CABO DE MACHADO";"UN";"44170090";12.5;20;18;25
"19.03.00005";"882";"CABO DE MARRETA DE 1.5 A 5kg.";"UN";"44170090";9.33;15;13.5;16.5
"14.00.00033";"456";"CABO DE MARRETA GRANDE DE 8 A 10kg.";"UN";"44170090";7.5;12;11;13.8
"19.03.00013";"3621";"CABO DE MARRETA PEQUENA";"UN";"44170090";5.83;10;8.5;11.52
"19.03.00006";"883";"CABO DE MARTELO";"UN";"44170090";5.42;8.5;7.5;9.76
"19.03.00007";"884";"CABO DE MARTELO MADERITE 35CM";"UN";"44170090";4.17;6.5;5.96;7.48
"19.03.00008";"885";"CABO DE MARTELO MADERITE 54CM";"UN";"44170090";5.5;8.5;7.5;9.76
"19.03.00010";"887";"CABO DE PA";"UN";"44170090";12.5;19.5;17.5;22.44
"19.03.00015";"100744";"CABO DE PA 1.20 MTS";"UN";"44170090";12.36;18.5;16.65;20.35
"19.03.00001";"878";"CABO DE PICARETA E CHIBANCA";"UN";"44170010";11.83;18;16;20.67
"14.07.00007";"641";"CABO DE PICARETA/ CHIBANCA C/ PONTA PLASTICA";"UN";"82013000";13.5;20;18.4;23
"14.00.00143";"100058";"CABO DE RASTELO";"UN";"44170090";8.17;13;11;14.95
"14.03.00018";"100768";"CABO DE REDE CAT.5E AZ";"UN";"85444900";2.68;4.2;3.7;0
"14.01.00003";"356";"CABO FLEX. 01.5mm AMARELO";"MT";"85444900";1.49;2.4;2.1;2.64
"14.01.00001";"354";"CABO FLEX. 01.5mm AZUL";"MT";"85444900";1.49;2.4;2.1;2.64
"14.01.00217";"3352";"CABO FLEX. 01.5mm BRANCO";"MT";"85444900";1.49;2.4;2.1;2.64
"14.01.00218";"100433";"CABO FLEX. 01.5mm CINZA";"UN";"85444900";1.49;2.4;2.1;2.64
"14.01.00053";"2257";"CABO FLEX. 01.5mm PRETO";"MT";"85444900";1.49;2.4;2.1;2.64
"14.01.00004";"357";"CABO FLEX. 01.5mm VERDE";"MT";"85444900";1.49;2.4;2.1;2.64
"14.01.00005";"358";"CABO FLEX. 01.5mm VERMELHO";"MT";"85444900";1.49;2.4;2.1;2.64
"14.01.00054";"2258";"CABO FLEX. 02.5mm AMARELO";"MT";"85444900";2.37;3.6;3.2;3.96
"14.01.00008";"361";"CABO FLEX. 02.5mm AZUL";"MT";"85444900";2.37;3.6;3.2;4
"14.01.00214";"3325";"CABO FLEX. 02.5mm BRANCO";"MT";"85444900";2.37;3.6;3.2;4
"14.01.00010";"363";"CABO FLEX. 02.5mm PRETO";"MT";"85444900";2.37;3.6;3.2;4
"14.01.00012";"365";"CABO FLEX. 02.5mm VERDE";"MT";"85444900";2.37;3.6;3.2;4
"14.01.00210";"282";"CABO FLEX. 02.5mm VERMELHO";"MT";"85444900";2.37;3.6;3.2;4
"14.01.00013";"366";"CABO FLEX. 04.0mm AZUL";"MT";"85444900";4;6;5.4;6.6
"14.01.00215";"3326";"CABO FLEX. 04.0mm BRANCO";"MT";"85444900";4;6;5.4;6.6
"14.01.00014";"367";"CABO FLEX. 04.0mm PRETO";"MT";"85444900";4;6;5.4;6.6
"14.01.00042";"544";"CABO FLEX. 04.0mm VERDE";"MT";"85444900";4;6;5.4;6.6
"14.01.00015";"368";"CABO FLEX. 04.0mm VERMELHO";"MT";"85444900";4;6;5.4;6.6
"14.01.00046";"548";"CABO FLEX. 06.0mm AMARELO";"MT";"85444900";6.02;9;8;9.9
"14.01.00017";"370";"CABO FLEX. 06.0mm AZUL";"MT";"85444900";6.02;9;8;9.9
"14.01.00216";"3327";"CABO FLEX. 06.0mm BRANCO";"MT";"85444900";6.02;9;8;9.9
"14.01.00018";"371";"CABO FLEX. 06.0mm PRETO";"MT";"85444900";6.02;9;8;9.9
"14.01.00029";"530";"CABO FLEX. 06.0mm VERDE";"MT";"85444900";6.02;9;8;9.9
"14.01.00002";"355";"CABO FLEX. 10.0mm- AZUL";"MT";"85444900";9.3;13.5;11.5;15.53
"14.01.00006";"359";"CABO FLEX. 10.0mm- PRETO";"MT";"85444900";9.3;13.5;11.5;15.52
"14.01.00051";"2255";"CABO FLEX. 16.0mm- AZUL";"MT";"85444900";14.66;22;19;25
"14.01.00007";"360";"CABO FLEX. 16.0mm- PRETO";"MT";"85444900";14.66;22;19;25
"14.01.00036";"538";"CABO FLEX. 50.0mm AZUL";"MT";"85444900";45.99;62;53;71.3
"14.11.00019";"743";"CABO FLEX. 50.0mm PRETO";"MT";"69049000";45.99;62;53;71.3
"14.01.00220";"100588";"CABO FLEX. ROLO 100mts. 1.5mm AMARELO";"UN";"85444900";116.55;179;168;205.85
"14.01.00221";"100589";"CABO FLEX. ROLO 100mts. 1.5mm AZUL";"UN";"85444900";116.55;179;159;205.85
"14.01.00222";"100590";"CABO FLEX. ROLO 100mts. 1.5mm BRANCO";"UN";"85444900";116.55;179;159;205.85
"14.01.00223";"100591";"CABO FLEX. ROLO 100mts. 1.5mm CINZA";"UN";"85444900";126.99;179;159;205.85
"14.01.00224";"100592";"CABO FLEX. ROLO 100mts. 1.5mm PRETO";"UN";"85444900";116.55;179;159;205.85
"14.01.00225";"100593";"CABO FLEX. ROLO 100mts. 1.5mm VERDE";"UN";"84444900";116.55;179;159;205.85
"14.01.00226";"100594";"CABO FLEX. ROLO 100mts. 1.5mm VERMELHO";"UN";"85444900";116.55;179;159;205.85
"14.01.00227";"100595";"CABO FLEX. ROLO 100mts. 10.0mm AZUL";"UN";"85444900";789.51;1180;1050;1357
"14.01.00228";"100596";"CABO FLEX. ROLO 100mts. 2.5mm AMARELO";"UN";"84444900";181.41;280;245;322
"14.01.00229";"100597";"CABO FLEX. ROLO 100mts. 2.5mm AZUL";"UN";"84444900";181.41;280;245;322
"14.01.00230";"100598";"CABO FLEX. ROLO 100mts. 2.5mm BRANCO";"UN";"84444900";181.41;280;245;322
"14.01.00231";"100599";"CABO FLEX. ROLO 100mts. 2.5mm PRETO";"UN";"84444900";181.41;280;245;322
"14.01.00232";"100600";"CABO FLEX. ROLO 100mts. 2.5mm VERDE";"UN";"84444900";181.41;280;245;322
"14.01.00233";"100601";"CABO FLEX. ROLO 100mts. 2.5mm VERMELHO";"UN";"84444900";181.41;280;245;322
"14.01.00234";"100602";"CABO FLEX. ROLO 100mts. 4.0mm AZUL";"UN";"84444900";305.49;470;415;540.5
"14.01.00235";"100603";"CABO FLEX. ROLO 100mts. 4.0mm PRETO";"UN";"84444900";305.49;470;415;540.5
"14.01.00236";"100604";"CABO FLEX. ROLO 100mts. 4.0mm VERDE";"UN";"84444900";305.49;470;415;540.5
"14.01.00237";"100605";"CABO FLEX. ROLO 100mts. 4.0mm VERMELHO";"UN";"84444900";305.49;470;415;540.5
"14.01.00238";"100606";"CABO FLEX. ROLO 100mts. 6.0mm AMARELO";"UN";"84444900";455.89;700;620;805
"14.01.00239";"100607";"CABO FLEX. ROLO 100mts. 6.0mm AZUL";"UN";"84444900";455.89;700;620;805
"14.01.00240";"100608";"CABO FLEX. ROLO 100mts. 6.0mm PRETO";"UN";"84444900";455.89;700;620;805
"14.01.00241";"100609";"CABO FLEX. ROLO 100mts. 6.0mm VERDE";"UN";"84444900";455.89;700;620;805
"14.01.00212";"3011";"CABO FLEX.PP 2 x 2.5mm SIL";"MT";"85444900";6.58;10;9;11
"14.05.00069";"2231";"CABO FLEX.PP 2 x 4.0mm SIL";"MT";"85444900";9.31;14;12.6;15.4
"14.01.00213";"3013";"CABO TELEFONE CCI 2 PARES";"MT";"85444900";0.31;0.45;0.41;0.52
"14.01.00219";"100541";"CABO TRANSFERENCIA DE CARGA 2.5mts NOVE54";"UN";"85444200";34.32;52;47.5;59.8
"14.01.00211";"2957";"CABO TRANSFERENCIA DE CARGA 3mts VONDER";"UN";"85444200";59.62;89;81.8;102.35
"19.03";"0";"CABOS";"UN";"44170090";0;0;0;0
"14.00.00103";"2387";"CACHIMBO SIMPLES TV";"UN";"";0.36;0.8;0.72;0.88
"19.04.00020";"2913";"CADEADO PADO 60mm";"UN";"83011000";52.22;75;68.5;86.26
"19.04.00023";"100018";"CADEADO PADO HASTE LONGA 35x50mm";"UN";"83011000";27.39;42;38.5;48.3
"19.04.00013";"901";"CADEADO PADO HASTE LONGA 35x75mm";"UN";"83011000";31.33;50;45;57.5
"19.04.00019";"2448";"CADEADO PADO HASTE LONGA 45x50mm";"UN";"83011000";34.5;57;52;65.55
"19.04.00003";"890";"CADEADO PADO/STAM 20mm";"UN";"83011000";7.86;13;11.5;15
"19.04.00004";"891";"CADEADO PADO/STAM 25mm";"UN";"83011000";11.18;18.5;16.5;21.3
"19.04.00005";"892";"CADEADO PADO/STAM 30mm";"UN";"83011000";12.64;21;18.5;24.15
"19.04.00006";"893";"CADEADO PADO/STAM 35mm";"UN";"83011000";14.82;25;22;28.77
"19.04.00007";"894";"CADEADO PADO/STAM 40mm";"UN";"83011000";17.33;29;25;33.35
"19.04.00008";"895";"CADEADO PADO/STAM 45mm";"UN";"83011000";19.68;32.5;29;37.38
"19.04.00009";"896";"CADEADO PADO/STAM 50mm";"UN";"83011000";21.79;36;31.5;41.4
"19.04";"0";"CADEADOS";"UN";"83011000";0;0;0;0
"01.01.00125";"100654";"CAFE UTAM 500gr.";"UN";"09012100";28;28;28;28
"13.00.10012";"100192";"CAIXA ALUMINIO TRAMONTINA DUPLA MULT X 3/4";"UN";"76090000";22.54;34;31.2;39.1
"13.03.00030";"100191";"CAIXA ALUMINIO TRAMONTINA MULT X 3/4";"UN";"76090000";6.27;9.5;8.7;10.93
"18.00.00117";"2384";"CAIXA ARTICULADA 100X40 TIGRE";"UN";"";3.26;6.5;5.9;7.15
"13.03.00001";"1178";"CAIXA CORREIO DAMA 1 TIJOLO 23cm";"UN";"76169900";42.8;68;62;78.2
"13.03.00004";"1181";"CAIXA CORREIO DAMA 1/2 TIJOLO 14cm";"UN";"76169900";41.05;62.5;56.5;71.88
"13.03.00016";"1193";"CAIXA CORREIO DAMA REVISTA GRANDE";"UN";"76169900";81.94;123;112;141.45
"13.03.00028";"3181";"CAIXA CORREIO DAMA VERTICAL 2 IRMAOS";"UN";"76169900";81.47;130;119;149.5
"13.03.00025";"3141";"CAIXA CORREIO GRELHASOL N10";"UN";"76169900";22.13;45;40;51.75
"13.03.00037";"100430";"CAIXA CORREIO LINEAR 1 TIJOLO INOX 20cm";"UN";"76169900";62.78;95;85;109.25
"13.03.00036";"100429";"CAIXA CORREIO LINEAR 1 TIJOLO PRETA 20cm";"UN";"76169900";62.78;95;85.5;104.5
"13.03.00027";"3160";"CAIXA CORREIO LINEAR 1/2 TIJOLO INOX";"UN";"76169900";54.54;82;74;94.3
"13.03.00026";"3142";"CAIXA CORREIO LINEAR 1/2 TIJOLO PRETA 14cm";"UN";"73102990";54.54;82;75;94.3
"13.03.00024";"3071";"CAIXA CORREIO PLASTICA SIMPLES AMARELA N 5";"UN";"73102990";14;32;28;36.8
"13.03.00005";"1182";"CAIXA CORREIO PLASTICA SIMPLES N4";"UN";"73102990";14;32;28;36.8
"13.03.00023";"1200";"CAIXA CORREIO SIMPLES P/ GRADE";"UN";"73251000";23.87;35;32;40.25
"18.03.00021";"2812";"CAIXA DAGUA 500lts";"UN";"39251000";112.31;175;150;200.67
"18.00.00243";"100706";"CAIXA DAGUA ACQUALIMP 1000L";"UN";"39251000";371.42;540;480;594
"18.00.00241";"1515";"CAIXA DAGUA ACQUALIMP 310L";"UN";"39251000";165.39;235;220;270.25
"18.00.00240";"100704";"CAIXA DAGUA ACQUALIMP 500L";"UN";"39251000";227.69;330;297;363
"18.00.00244";"100707";"CAIXA DAGUA ACQUALIMP TANQUE 1000L";"UN";"39251000";615.32;865;780;951.5
"18.03.00022";"3049";"CAIXA DAGUA ACQUALIMP TANQUE 310L";"UN";"39251000";350.35;500;450;550
"18.00.00242";"100705";"CAIXA DAGUA ACQUALIMP TANQUE 500L";"UN";"39251011";408.16;590;530;649
"18.03.00002";"974";"CAIXA DAGUA FORTLEV 100 lts";"UN";"39259090";165.92;240;215;276
"18.03.00003";"977";"CAIXA DAGUA FORTLEV 1000 lts";"UN";"39251000";370.76;550;440;632.5
"18.03.00007";"996";"CAIXA DAGUA FORTLEV 150 lts";"UN";"39259090";188.82;275;220;316.25
"18.03.00008";"998";"CAIXA DAGUA FORTLEV 250 lts";"UN";"39259090";198.12;290;255;333.5
"18.03.00010";"1005";"CAIXA DAGUA FORTLEV 310 lts";"UN";"39251000";201.62;295;260;339.25
"18.03.00011";"1006";"CAIXA DAGUA FORTLEV 500 lts";"UN";"39251000";227.65;340;285;391
"18.03.00024";"3335";"CAIXA DAGUA FORTLEV NOVO TANQUE C/REVESTI. 500 lts";"UN";"39251000";259.3;375;344.53;380
"18.03.00020";"2092";"CAIXA DAGUA FORTLEV TANQUE 1000 lts";"UN";"39251000";618.33;895;715;1029.25
"19.03.00009";"886";"CAIXA DAGUA FORTLEV TANQUE 310 lts";"UN";"39251000";342.73;480;420;552
"18.03.00019";"2091";"CAIXA DAGUA FORTLEV TANQUE 500 lts";"UN";"39251000";388.91;560;450;644
"18.02.00034";"1590";"CAIXA DAGUA ISDRALIT 1000 lts";"UN";"39251000";180;280;257.4;322
"18.03.00023";"3050";"CAIXA DAGUA PERMATEX INFIBRA 500 lts";"UN";"39251000";160.28;300;265;345
"13.03.00033";"100379";"CAIXA DE LUZ OCTAGONAL 4X4 FORTLEV";"UN";"39174090";3.01;5;4;5.5
"18.00.00176";"3287";"CAIXA DESCARGA ASTRA BRANCA";"UN";"39229000";38.08;58;50;66.7
"18.00.00026";"1038";"CAIXA GORDURA AMANCO 250x172x50mm QUADRADA";"UN";"39174090";59.63;90;76.5;103.49
"18.00.00173";"3242";"CAIXA GORDURA AMANCO 250x172x50mm REDONDA";"UN";"39174090";56.59;90;79;103.49
"18.00.00157";"3137";"CAIXA GORDURA AMANCO 250x230x75 QUADRADA";"UN";"39174090";62.17;100;80;115
"18.00.00036";"1044";"CAIXA GORDURA AMANCO 250x230x75mm REDONDA";"UN";"39174090";56.71;90;72;103.51
"18.00.00134";"2801";"CAIXA GORDURA BREC DN300";"UN";"39174090";88.8;125;115;143.75
"18.00.00170";"3209";"CAIXA GORDURA FORTLEV 250x172x50 QUADRADA";"UN";"39174090";44.91;66;52.8;75.9
"18.00.00110";"2367";"CAIXA GORDURA FORTLEV 250x172x50 REDONDA";"UN";"39174090";44.22;66;52.8;75.9
"18.00.00178";"3345";"CAIXA GORDURA FORTLEV 250x230x75 QUADRADA";"UN";"39174090";57.95;85;72;97.75
"18.00.00171";"3222";"CAIXA GORDURA FORTLEV 250x230x75 REDONDA";"UN";"39174090";50.77;75;60;86.26
"18.00.00111";"2368";"CAIXA GORDURA HERC 250x250x75/100 C/CESTO";"UN";"39174090";63.46;94;86;108.1
"13.03.00012";"1189";"CAIXA GORDURA PLASTILIT 250x172x50 QUADRADA";"UN";"39174090";67.94;105;92;115.5
"22.22.00001";"100632";"CAIXA INSPECAO AMANCO DN300 COM TAMPA";"KG";"39174090";262.07;420;330;483
"18.00.00219";"100365";"CAIXA INSPECAO AMANCO DN300 S/TAMPA";"UN";"39174090";150.24;225;180;258.75
"18.00.00129";"2717";"CAIXA INSPECAO BREC 300x250mm";"UN";"39174090";101.9;150;130;172.5
"09.00.00048";"2135";"CAIXA INSPECAO BREC 500x300mm";"UN";"39174090";198;290;265;333.5
"18.00.00235";"100650";"CAIXA INSPECAO PLASTILIT DN300";"UN";"39174090";129.79;210;165;241.5
"18.00.00114";"2371";"CAIXA INSPECAO TIGRE DN300";"UN";"39174090";202.69;360;330;414
"19.00.00373";"100759";"CAIXA MASSEIRO DURIN 20lts";"UN";"39259090";19.64;30;27;33
"19.00.00015";"911";"CAIXA MASSEIRO PLASTICA 20lts.";"UN";"39259090";11.9;20;18;23
"19.00.00366";"100635";"CAIXA MASSEIRO PLASTICA BRANCA 20lts.";"UN";"39259090";27.85;42;37.8;46.2
"14.05.00109";"100250";"CAIXA PADRAO TELEBRAS EMB.40x40";"UN";"";108.71;165;140;189.75
"18.00.00167";"3173";"CAIXA PARA HIDROMETRO SABESP TAF";"UN";"39259090";76.48;120;100;138.46
"14.00.00005";"414";"CAIXA PASSAGEM METAL 15x15cm PALOMAR";"UN";"73269090";19.42;30;27;34.5
"14.00.00002";"385";"CAIXA PASSAGEM METAL 20x20cm PALOMAR";"UN";"73261900";28.75;43;39;49.45
"14.00.00144";"100176";"CAIXA PASSAGEM PLASTICA 10x10cm";"UN";"39174090";7.21;11.5;10.5;12.3
"14.00.00001";"384";"CAIXA PASSAGEM PLASTICA ILUMI 15x15cm";"UN";"85381000";15.4;23.5;21;27.03
"14.00.00156";"100497";"CAIXA PASSAGEM PLASTICA ILUMI 20x20cm";"UN";"85381000";25.52;38;34;43.7
"18.00.00144";"2939";"CAIXA PASSAGEM PLASTICA ILUMI 30x30";"UN";"85381000";31.12;45;39.5;51.75
"19.01.00017";"3034";"CAIXA PLASTICA P/FERRAMETAS VONDER";"UN";"42032901";29.06;45;40;51.75
"18.00.00160";"3145";"CAIXA SIF.AMANCO 100x100x50mm GREL.QUADRADA";"UN";"39174090";23.58;38;30;43.82
"18.00.00029";"1464";"CAIXA SIF.AMANCO 100x100x50mm GREL.REDONDA";"UN";"39174090";22.53;38;30;43.73
"18.00.00161";"3147";"CAIXA SIF.AMANCO 150x150x50mm GREL.QUADRADA";"UN";"39174090";28.58;50;40;57.5
"18.00.00032";"1467";"CAIXA SIF.AMANCO 150x150x50mm GREL.REDONDA";"UN";"39174090";47.52;70;63;77
"18.00.00113";"2370";"CAIXA SIF.FORTLEV 150x150x50 GREL.REDONDA CS7";"UN";"39174090";17.85;27;21.6;31.05
"18.00.00165";"3167";"CAIXA SIF.FORTLEV 150x185x75 GREL.QUADRADA";"KG";"39174090";23.97;38;30.4;41.99
"18.00.00115";"2372";"CAIXA SIF.FORTLEV 150x185x75 GREL.REDONDA";"UN";"39174090";25.12;38;30.4;43.72
"18.00.00166";"3168";"CAIXA SIF.PLASTILIT 100x100x50 GREL.QUADRADA";"UN";"39174090";11.4;22;18;25.04
"18.00.00112";"2369";"CAIXA SIF.PLASTILIT 100x100x50 GREL.REDONDA";"UN";"39174090";12.29;22;19.8;22
"18.00.00067";"1784";"CAIXA SIF.PLASTILIT 150x150x50 GREL.QUADRADA";"UN";"39174090";29.18;48;40;55.2
"18.00.00164";"3166";"CAIXA SIF.PLASTILIT 150x150x50 GREL.REDONDA";"UN";"39174090";30.68;50;42.5;57.52
"18.00.00162";"3148";"CAIXA SIFONADA TIGRE 150x185x75mm QUADRADA";"UN";"39174090";35.06;55;50;63.36
"18.00.00034";"1469";"CAIXA SIFONADA TIGRE 150x185x75mm REDONDA";"UN";"39174090";30.49;55;50;63.25
"18.00.00116";"2376";"CAIXA SIFONADA TIGRE GIRAFACIL CORPO 100x140x50mm";"UN";"39174090";32.74;45;41;49.5
"01.00.00023";"100227";"CAIXA TERMICA 20lts TERMOLAR";"UN";"39239000";77.98;119;100;136.85
"18.03";"971";"CAIXAS DAGUA";"UN";"";0;0;0;0
"13.03";"0";"CAIXAS DE CORREIO";"UN";"";0;0;0;0
"20.00.00197";"100770";"CAIXINHA 4X2 ELETRODUTO PVC HIDROSSOL";"UN";"39172300";4;6.5;5.7;7.8
"20.00.00196";"100769";"CAIXINHA 4X4 ELETRODUTO PVC HIDROSSOL";"UN";"39172300";6.79;11;9.6;13.2
"13.03.00039";"100755";"CAIXINHA DE LUZ 4x2 PLASTILIT AMARELA";"UN";"39259090";1.11;2.5;2;2.75
"13.03.00021";"1198";"CAIXINHA DE LUZ 4x2 TRAMONTINA AMARELA";"UN";"39174090";1.35;2.5;2.2;2.75
"13.03.00038";"100754";"CAIXINHA DE LUZ 4x4 PLASTILIT AMARELA";"UN";"39259090";3.74;6;5.25;6.6
"13.03.00020";"1197";"CAIXINHA DE LUZ 4x4 REFORCADA AMARELA";"UN";"39174090";3.98;6;5.4;6.6
"14.00.00018";"441";"CAIXINHA DE LUZ DURIN AMARELA 4x4";"UN";"39174090";2.56;3.7;3.4;4.25
"14.00.00017";"440";"CAIXINHA DE LUZ FORTLEV 4x2 SIMPLES";"UN";"39174090";0.78;1.2;1.1;1.38
"18.03.00017";"1021";"CAIXINHA DE LUZ FORTLEV SUPORTE LAJE 25cm";"UN";"39174090";7.78;13;11.7;14.3
"18.03.00025";"3440";"CAIXINHA DE LUZ FORTLEV SUPORTE LAJE 30cm";"UN";"39174090";8.85;13.5;12;15.53
"13.03.00034";"100393";"CAIXINHA DE LUZ LEGRAND PRETA 4x2";"UN";"39174090";0.8;1.2;1.1;1.38
"13.03.00035";"100394";"CAIXINHA DE LUZ LEGRAND PRETA 4x4";"UN";"39174090";2.71;4.5;4;5.17
"14.00.00024";"447";"CAIXINHA DE LUZ METAL TETO SIMPLES";"UN";"73261900";1.68;2.7;2.5;3.11
"14.00.00019";"442";"CAIXINHA DE LUZ RIBEIRO PLASTICA 2x4";"UN";"39259090";1.25;1.9;1.75;2.16
"14.00.00020";"443";"CAIXINHA DE LUZ RIBEIRO PLASTICA 4x4";"UN";"39174090";1.17;3.8;3.5;4.39
"14.00.00047";"556";"CAIXINHA DE LUZ RIBEIRO SUPORTE LAJE 25cm";"UN";"39259090";2.25;7.8;7.15;8.58
"14.00.00102";"2380";"CAIXINHA DE LUZ RIBEIRO SUPORTE LAJE 30cm";"UN";"39259090";2.25;8.2;7.5;9.44
"14.00.00021";"444";"CAIXINHA DE LUZ RIBEIRO TETO DUPLA";"UN";"39259090";1.4;5;4.6;5.76
"14.00.00022";"445";"CAIXINHA DE LUZ RIBEIRO TETO SIMPLES";"UN";"73261900";0.94;3.8;3.5;4
"14.00.00023";"446";"CAIXINHA SOBREPOR 4x2 MEC TRONIC";"UN";"39174090";3.78;5.5;4.95;6.05
"01.00.00003";"3";"CAL ITAU";"UN";"25221000";16.94;23;20.7;24.84
"01.00.00005";"2022";"CAL PINTURA ITAU 8 kg";"UN";"25221000";11.95;20;17.28;23
"01.00.00042";"100492";"CAL VIRGEM 150gr";"UN";"25182000";4.5;8;7.2;8.8
"03.00.00017";"32";"CALCO PARA TELHA ONDULADA";"UN";"39259010";0.86;1.5;1.35;1.73
"19.00.00256";"3500";"CAMARA DE AR P/ CARRINHO";"UN";"40139000";9.8;15;13.8;17.25
"19.00.00017";"914";"CAMARA DE AR P/ CARRINHO BELTOOLS 3.25x8";"UN";"40139000";13.72;25;20;28.77
"19.00.00252";"3446";"CAMARA DE AR P/ CARRINHO COLSON 3.25x8";"UN";"40139000";12.48;20;18;23.01
"09.01.00026";"191";"CAMARIM OVAL GRANDE 1510/2";"UN";"85365090";39;55;55;63.25
"18.01.00205";"1918";"CAMARIM OVAL PQ 1510/1";"UN";"94051099";26.43;40;40;46
"18.00.00137";"2859";"CAMINHAO F-4000";"UN";"87042190";16900;20000;19800;22000
"01.00.00016";"3648";"CAMINHAO TRATOR VOLVO FH-460 CHASSI - 9BVAG20C3DE806772";"UN";"87012000";190000;200000;198000;202000
"14.00.00139";"3269";"CAMPAINHA";"UN";"82318000";7.22;11;10;12.66
"14.00.00100";"2220";"CAMPAINHA CIGARRA";"UN";"85318000";13.04;20;18;23
"14.00.00161";"100771";"CAMPAINHA CIGARRA EXTERNA ILUMI";"UN";"85318000";21.06;33;29;39.6
"14.00.00099";"2213";"CAMPAINHA MUSICAL 127V";"UN";"85318000";29.64;45;40;51.75
"14.00.00135";"3182";"CAMPAINHA SEM FIO FOXLUX 36 TOQUES";"UN";"85318000";54.27;80;73;92
"14.05.00020";"580";"CAMPAINHA SEM FIO INTELBRAS";"UN";"85318000";39;58.5;52;67.27
"15.00.00010";"424";"CANALETA 10x20x20";"UN";"68109100";1.3;1.7;1.64;1.89
"15.00.00009";"423";"CANALETA 10x20x40";"UN";"68109100";2.6;3.4;3.17;3.74
"15.00.00012";"426";"CANALETA 15x20x20";"UN";"68109100";1.9;2.5;2.36;2.75
"15.00.00011";"425";"CANALETA 15x20x40";"UN";"68109100";3.3;4.3;3.87;4.91
"15.00.00008";"422";"CANALETA 20x20x20";"UN";"68109100";2.3;3;2.88;3.3
"15.00.00007";"421";"CANALETA 20x20x40";"UN";"68109100";4.4;5.6;5.29;6.15
"02.00.00014";"13";"CANALETA CERAMICA 14x19x29cm";"UN";"68109100";1.3;1.8;1.6;2.02
"15.00.00015";"3284";"CANALETA CERAMICA 19x19x29cm";"UN";"68109100";1.65;3;2.75;3.45
"14.00.00132";"2623";"CANALETA CERAMICA ESTRUTURAL 11x19x29cm";"UN";"69049000";1.85;2.2;2.1;2.53
"02.00.00024";"100727";"CANALETA CERAMICA ESTRUTURAL 14x19x29cm";"UN";"69049000";4.16;5.4;5.05;6.21
"02.00.00026";"100729";"CANALETA CERAMICA TIPO J 14x19x29";"UN";"69041000";3.55;4.8;4.2;5.51
"09.01.00028";"193";"CANALETA P/ FIO 20x10mm 2m FITA DUPLA FACE";"UN";"39162000";4.59;9.5;8.5;10.92
"09.01.00136";"100772";"CANALETA P/ FIO 40X16mm 2M FITA DUPLA FACE";"UN";"39162000";16.47;26.5;22;31.8
"18.02.00081";"3521";"CANETA DE MARCACAO PRETO";"UN";"96082000";2.55;4.5;4;5.18
"18.02.00035";"1591";"CANETA DE MARCACAO SHARPIE PRETA";"UN";"96082000";5.16;12;10;13.8
"18.02.00077";"3012";"CANETA DE MARCACAO SHARPIE VERMELHA";"UN";"96082000";7.91;13;11.9;14.96
"18.02.00092";"100030";"CANETA DE MARCACAO VERMELHA";"UN";"96082000";2.55;4.5;4;5.17
"19.00.00308";"100302";"CANIVETE INOX PONTA TRAMONTINA";"UN";"82119320";19.98;30;27;34.5
"01.00.00040";"100388";"CANTIL TERMICO SOPRANO 2.5lts";"UN";"39269090";38.8;39;39;44.85
"20.01.00017";"2751";"CANTONEIRA AL";"UN";"76101000";5.9;10;9.2;11.51
"14.09.00002";"671";"CANTONEIRA ESQU. PRETA 28x20cm.";"UN";"72162100";12;18;16.2;20.7
"22.00.00034";"2365";"CANTONEIRA ESQU. PRETA 38x30cm.";"UN";"72162100";18;28;25;32.2
"20.01.00002";"1207";"CANTONEIRA ESQU. REFORCADA 15cm";"UN";"72162100";3.25;6.5;5.9;7.45
"19.00.00053";"1077";"CANTONEIRA ESQU. REFORCADA 20cm";"UN";"72162100";4.06;8;7.4;9.19
"10.00.00041";"2340";"CANTONEIRA ESQU. REFORCADA 25cm";"UN";"72162100";4.88;9.5;8.7;10.92
"10.00.00004";"279";"CANTONEIRA ESQU. REFORCADA 30cm";"UN";"72162100";6.09;12;11;13.81
"20.01.00015";"2517";"CANTONEIRA ESQU. REFORCADA 35cm";"UN";"72162100";6.78;13.5;12;15.57
"22.00.00006";"2042";"CANTONEIRA ESQU. REFORCADA 40cm";"UN";"72162100";8.39;16.5;15;19.02
"20.01.00019";"2884";"CANTONEIRA PERFIL L BRANCA 1 3mts";"UN";"76101000";15.4;24;21.5;27.61
"20.01.00020";"2909";"CANTONEIRA PERFIL L BRANCA 1/2 3mts";"UN";"76101000";9.7;15;13.5;17.27
"20.01.00018";"2752";"CANTONEIRA PERFIL L BRANCA 3/4 3mts";"UN";"76101000";13;19;17;21.82
"14.05.00005";"565";"CANTONEIRA PERFIL L POLIDA 1 3mts";"UN";"76101000";14.6;22;19.5;25.31
"20.01.00014";"2261";"CANTONEIRA PERFIL L POLIDA 1/2 3mts";"UN";"76101000";9;13.5;12;15.53
"20.01.00008";"1213";"CANTONEIRA PERFIL L POLIDA 3/4 3mts";"UN";"76101000";11.7;17.5;15.5;20.09
"20.01.00021";"100402";"CANTONEIRA PERFIL L PRETA 1 3mts";"UN";"76101000";16;25;22;28.74
"20.01.00022";"100428";"CANTONEIRA PERFIL L PRETA 1/2 3mts.";"UN";"76101000";10;15;13.5;17.26
"20.01.00016";"2750";"CANTONEIRA PERFIL L PRETA 3/4 3mts";"UN";"76101000";13.6;21;18.5;24.13
"20.01.00007";"1212";"CANTONEIRA PERFIL U 1x3cm 3mts";"UN";"76101000";6.7;12;11.04;13.8
"20.01.00001";"1206";"CANTONEIRA PLAST BRANCA DUPLA 2.80mts";"UN";"39169090";6;12;9.6;13.2
"21.01.00001";"2610";"CANTONEIRA PLAST BRANCA TIPO L 3/4 2.80mts";"UN";"39169090";9;14;12.85;15.4
"20.01.00009";"1214";"CANTONEIRA REBOCO FINA 2mts";"UN";"76101000";3.4;5.5;5;6.32
"20.01.00011";"1216";"CANTONEIRA REDONDA POLIDA 3mts";"UN";"76101000";7.8;12;10.8;13.81
"20.01.00012";"1217";"CANTONEIRA SEXTAVADA POLIDA 3mts";"UN";"76101000";11;18;15.5;20.72
"20.01";"0";"CANTONEIRAS";"UN";"39169090";0;0;0;0
"18.01.00014";"1471";"CAP AMANCO ESGOTO 100mm";"UN";"39174090";7.12;12;10;13.2
"18.01.00015";"1472";"CAP AMANCO ESGOTO 150mm";"UN";"39174090";31.4;50;40;57.5
"18.01.00017";"1474";"CAP AMANCO ESGOTO 40mm";"UN";"39174090";2.32;5;4;5.5
"18.01.00018";"1475";"CAP AMANCO ESGOTO 50mm";"UN";"39174090";7.3;12;9.5;13.2
"18.01.00020";"1477";"CAP AMANCO ESGOTO 75mm";"UN";"39174090";6.92;13;10;14.95
"18.01.00016";"1473";"CAP AMANCO SOLD 25mm";"UN";"39174090";1.56;3;2.4;3.44
"18.01.00019";"1476";"CAP AMANCO SOLD 50mm";"UN";"39174090";5.09;10;8;11.51
"18.01.00222";"1935";"CAP FORTLEV 150mm";"UN";"39174090";14.08;21;19.3;24.15
"18.01.00233";"2449";"CAP PLASTILIT 100mm";"UN";"39174090";4.95;8.7;7;10
"18.01.00241";"2629";"CAP PLASTILIT 150mm";"UN";"39174090";15.73;24;21;26.4
"18.01.00022";"1479";"CAP PLASTILIT 40mm";"UN";"39174090";1.78;3.2;2.8;3.52
"18.01.00026";"1483";"CAP PLASTILIT 50mm";"UN";"39174090";2.65;4.5;3.8;5.17
"18.01.00027";"1484";"CAP PLASTILIT 75mm";"UN";"39174090";4.97;7.5;6.3;8.65
"18.01.00275";"100072";"CAP PLASTILIT SOLD 20mm";"UN";"39174090";0.69;1.2;1;1.32
"18.01.00025";"1482";"CAP PLASTILIT SOLD 25mm";"UN";"39174090";0.83;1.5;1.2;1.75
"18.01.00276";"100073";"CAP PLASTILIT SOLD 32mm";"UN";"39174090";1.4;2.8;2.3;3.23
"18.01.00021";"1478";"CAP PLASTILIT SOLD 50mm";"UN";"39174090";4.35;7;5.8;8.05
"01.01.00031";"2691";"CAP ROSCA INTERNA 1 1/2";"KG";"39174090";4.97;10.5;9.6;12.09
"18.01.00023";"1480";"CAP ROSCA INTERNA 1/2";"UN";"39174090";1.15;2.2;1.8;2.53
"18.01.00024";"1481";"CAP ROSCA INTERNA 3/4";"UN";"39174090";2.6;5.2;4;5.74
"03.00.00029";"44";"CAPA CHUVA GG FORRADA NOVE 54";"UN";"62013000";11.46;18;16.5;20.7
"20.00.00006";"1218";"CAPA CHUVA GG FORRADA VONDER";"UN";"62013000";20.91;32;29.5;36.8
"20.00.00147";"100015";"CAPA DE CHUVA NOVE 54 FORRADA G";"UN";"62014000";19.45;30;27.5;34.5
"20.00.00179";"100631";"CAPA DE CHUVA NOVE 54 FORRADA GG";"UN";"62014000";20.94;33.5;30;38.52
"20.00.00146";"100014";"CAPA DE CHUVA NOVE 54 S/FORRO GG";"UN";"62014000";16.64;25;23;29
"21.00.00001";"1436";"CAPACETE SEGURANCA VONDER";"UN";"65061000";7.28;12;11;13.2
"20.00.00064";"1540";"CARNEIRA P/CAPACETE SEGURANCA VONDER";"UN";"65070000";4.52;7;6.4;7.7
"19.00.00328";"100452";"CARREGADOR BATERIA CONVENCIONAL VONDER ICBV1805";"UN";"85044010";101.19;150;142.76;172.5
"19.00.00178";"2745";"CARRINHO CANAL EXPORTACAO GALVANIZADO";"UN";"87168000";229.6;345;310;370
"19.00.00080";"1125";"CARRINHO ESFERA G-14";"UN";"87168000";294.75;480;410;552
"19.00.00157";"2488";"CARRINHO ESFERA G-16";"UN";"87168000";225.75;370;315;425.5
"19.00.00018";"916";"CARRINHO ESFERA G-20";"UN";"87168000";165.65;265;225;304.75
"19.00.00156";"2487";"CARRINHO ESFERA GIRICA";"UN";"87168000";310.53;485;410;560
"19.00.00165";"2654";"CARRINHO FISCHER CH24";"UN";"87168000";149.17;245;200;257.25
"19.00.00159";"2507";"CARRINHO GORDINI EXPORT GALVANIZADO";"UN";"87168000";107.96;190;160;218.5
"19.00.00258";"3509";"CARRINHO GORDINI SOFT VERMELHO";"UN";"87168000";96.65;155;130;178.25
"10.02.00025";"2437";"CARTELA DOB. 1 1/2 3pcs";"UN";"79070090";3;4.5;4.14;5.18
"10.02.00021";"2433";"CARTELA DOB. 3 C/3pcs";"UN";"83021000";3.95;6;5.5;6.9
"10.02.00022";"2434";"CARTELA DOB. 3.1/2 C/3pcs";"UN";"83021000";4.73;7;6.4;8.05
"10.02.00023";"2435";"CARTELA DOB. COM ANEL DE BRONZE 3.1/2 3 PECAS";"UN";"83021000";16.89;25;23;28.75
"10.02.00024";"2436";"CARTELA DOB. DOURADA C/ ANEL 3 1/2 3 PECAS";"UN";"83021000";12.87;19.5;17.94;22.43
"10.02.00019";"2431";"CARTELA DOB.2 C/3pcs";"UN";"83021000";3.1;4.5;4.15;5.17
"10.02.00011";"2423";"CARTELA MINI TRINCO 035";"UN";"83014000";3.77;5.5;5.1;6.32
"10.02.00012";"2424";"CARTELA MINI TRINCO 055";"UN";"83014000";2.89;4.5;4.05;5.17
"10.02.00013";"2425";"CARTELA MINI TRINCO 075";"UN";"83014000";4.49;6.7;6.15;7.71
"20.00.00023";"1300";"CARTELA PRENDEDOR DE PORTA ROCHA";"UN";"79070090";7.53;11.5;10.58;13.22
"10.02.00008";"2420";"CARTELA TARJETA 3";"UN";"83014000";2.48;3.8;3.47;4.37
"19.04.00010";"897";"CARTELA TRIN. FG 100";"UN";"83014000";4.83;7.3;6.75;8.39
"10.02.00002";"1544";"CARTELA TRIN.060";"UN";"83014000";4.47;6.7;6.1;7.71
"20.00.00112";"2891";"CASTELO CHURRASQUEIRA PRE MOLDADA";"UN";"68109900";29.98;49;44;56.35
"20.00.00214";"100854";"CATALISADOR P/ MASSA PLASTICA 12G";"UN";"29096090";2.89;6;5;7
"19.00.00384";"100853";"CAVADEIRA ART LIGHT TUBULAO 1.8M FAMASTIL";"UN";"82019000";90.87;135;115;150
"19.00.00149";"2438";"CAVADEIRA ARTICULADA LIGHT 1.8m MINASUL";"UN";"82019000";83.47;125;112;143.75
"19.00.00022";"920";"CAVADEIRA ARTICULADA LIGHT TRAMONTINA";"UN";"82019000";84.23;130;117;143
"14.05.00006";"566";"CAVADEIRA ARTICULADA MINASUL 1,50M";"UN";"82011000";41.13;65;58.5;74.75
"19.00.00023";"922";"CAVADEIRA ARTICULADA PEQUENA TRAMONTINA 77562/503";"UN";"82019000";47.98;75;67.5;82.5
"19.00.00383";"100845";"CAVADEIRA ARTICULADA STANDART 1.25M FAMASTIL";"UN";"82019000";47.73;70;65;75
"19.00.00301";"100235";"CAVADEIRA ARTICULADA VONDER";"UN";"82019000";34.77;52;47.5;59.8
"19.00.00193";"2830";"CAVADEIRA RETA VONDER C/ CABO";"UN";"82011000";48.7;75;67.5;82.5
"09.06.00009";"2241";"CAVADEIRA RETA VONDER SEM CABO";"UN";"32089039";18.54;35;31.5;38.5
"13.03.00014";"1191";"CAVALETE 1mt.";"UN";"85291090";95;140;120;161
"03.00.00025";"40";"CELOTE COLONIAL";"UN";"69051000";2.8;4.5;3.84;5.12
"03.00.00024";"39";"CELOTE SIMPLES";"UN";"69051000";2.7;4.3;3.87;5
"19.00.00338";"100534";"CELULOIDE BARICAR";"UN";"39269090";1.82;3;2.7;3.45
"19.00.00371";"100710";"CELULOIDE COMPEL";"UN";"39269090";1.46;2.5;2.13;2.88
"19.00.00001";"777";"CELULOIDE SENIOR";"UN";"39269090";1.21;2.5;2.2;2.86
"18.00.00043";"1566";"CESTINHA P/ PIA AMERICANA";"UN";"96040000";1.07;2.5;2.3;2.88
"19.00.00241";"3328";"CESTO MULTIUSO C/TAMPA 60lts";"UN";"39249000";22.1;25;23.08;28.75
"19.00.00239";"3318";"CESTO MULTIUSO C/TAMPA ASTRA 60lts";"UN";"39249000";47;50;40;57.5
"18.00.00075";"1842";"CESTO PARA CAIXA GORDURA ESTRELA";"UN";"39172200";6.41;10;9.2;11.5
"09.00.00071";"2936";"CHAPEU BRINDE LOPES E LOPES";"UN";"";16.98;15.98;15.98;15.98
"20.00.00111";"2890";"CHAPEU CHURRASQUEIRA PRE MOLDADA";"UN";"68109900";36.8;60;54;69
"01.01.00082";"3214";"CHAPEU PALHA DUPLA";"UN";"63090010";22;34;30;39.1
"01.01.00115";"100051";"CHAPEU ZE CARLOS - JUTA";"UN";"65040010";28;42;38;48.3
"01.01.00105";"3280";"CHAPEU ZE CARLOS LONA NOVA";"UN";"65050039";19;30;27;34.5
"01.01.00080";"3187";"CHAPEU ZE CARLOS LONA VELHA";"UN";"65050039";23;35;32;40.25
"01.01.00079";"3186";"CHAPEU ZE CARLOS PALHA 007";"UN";"65040010";18;28;25.5;32.2
"01.01.00078";"3185";"CHAPEU ZE CARLOS PALHA 034";"UN";"65040010";21;32;29;36.79
"01.01.00077";"3184";"CHAPEU ZE CARLOS PALHA 041";"UN";"65040010";25;35;32;40.25
"19.05.00085";"3348";"CHAVE BIELA 10 COD:1430355";"UN";"82041100";13.27;21;19;24.15
"19.05.00086";"3349";"CHAVE BIELA 11 COD:1430455";"UN";"82041100";14.02;23;21;26.46
"19.05.00103";"100212";"CHAVE BIELA 12 COD:1430555";"UN";"82041100";16.69;26;23.88;29.91
"19.05.00087";"3350";"CHAVE BIELA 13 COD:1430655";"UN";"82041100";18.46;28.5;26;32.77
"19.05.00104";"100213";"CHAVE BIELA 14";"UN";"82041100";21;34;30.91;39.09
"19.05.00105";"100214";"CHAVE BIELA 15";"UN";"82041100";23;37;33;42.55
"19.05.00114";"100420";"CHAVE BIELA 17";"UN";"82041100";25;39;35.5;44.85
"19.05.00026";"952";"CHAVE CANHAO 08mm";"UN";"82041100";13.46;20;18;23
"19.05.00037";"963";"CHAVE CANHAO 10mm";"UN";"82054000";9.8;22;15.5;25.31
"19.05.00032";"958";"CHAVE CANHAO 11mm";"UN";"82054000";10.9;22;17;25.36
"19.05.00031";"957";"CHAVE CANHAO P/SEDE HYDRA MAX";"UN";"82054000";49.9;53;48.76;60.95
"19.05.00116";"100564";"CHAVE COMBINADA 08 COD:151049";"UN";"82041100";5.12;8;7.3;9.21
"19.05.00118";"100673";"CHAVE COMBINADA 09";"UN";"82041100";0;8.5;7.82;10
"19.05.00080";"3301";"CHAVE COMBINADA 10 COD:151069";"UN";"82041100";5.84;9;8.2;10.35
"19.05.00081";"3302";"CHAVE COMBINADA 11 COD:151079";"UN";"82041100";6.39;10.5;9.5;12.06
"19.05.00083";"3346";"CHAVE COMBINADA 12 COD:151059";"UN";"82041100";6.56;10;9.1;11.47
"19.05.00082";"3303";"CHAVE COMBINADA 13 COD:151099";"UN";"82041100";7.09;12;10.9;13.8
"19.05.00084";"3347";"CHAVE COMBINADA 14 COD:151109";"UN";"82041100";8.46;13.5;12.3;15.49
"19.05.00089";"3355";"CHAVE COMBINADA 15 COD:151119";"UN";"82041100";8.46;13.5;12.4;15.53
"19.00.00135";"2266";"CHAVE COMBINADA 17";"UN";"82041100";10.2;17;15.5;19.55
"19.00.00052";"1076";"CHAVE COMBINADA 19 COD:151159";"UN";"82041100";13.79;21;19;24.16
"20.05.00004";"1328";"CHAVE COMBINADA 21";"UN";"82041100";16.9;26;23.9;29.9
"19.05.00019";"945";"CHAVE DE FENDA 1/4x1 1/2 MTX / FOXLUX COD:1140855";"UN";"82054000";5.11;8.5;7.7;9.77
"19.05.00027";"953";"CHAVE DE FENDA 1/4x4 MAYLE";"UN";"82054000";4.86;7.5;6.9;8.64
"19.05.00096";"100168";"CHAVE DE FENDA 1/4x4 MTX/FAMASTIL COD 1140955";"UN";"82054000";7.04;11.5;10.35;12.65
"19.05.00097";"100169";"CHAVE DE FENDA 1/4x5 FAMASTIL";"UN";"82054000";6.87;12;10.9;13.8
"19.05.00028";"954";"CHAVE DE FENDA 1/4x5 MAYLE";"UN";"82054000";5.93;9;8.25;10.35
"19.05.00043";"981";"CHAVE DE FENDA 1/8x6 VONDER";"UN";"82054000";2.34;4;3.6;4.4
"19.05.00107";"100275";"CHAVE DE FENDA 3/16x1.1/2 MTX/ FOXLUX 1140555";"UN";"82054000";5.44;9;8.1;9.9
"19.05.00098";"100170";"CHAVE DE FENDA 3/16x3 MTX COD:1140655";"UN";"82054000";5.44;9;8.1;9.9
"19.05.00068";"2532";"CHAVE DE FENDA 3/16x4 FAMASTIL";"UN";"82054000";4.85;8;7.2;9.2
"19.05.00023";"949";"CHAVE DE FENDA 3/8x10 VONDER";"UN";"82054000";11.72;15;13.7;16.96
"19.05.00017";"943";"CHAVE DE FENDA 3/8x12 VONDER";"UN";"82054000";12.97;17.5;15.75;19.25
"19.05.00072";"2602";"CHAVE DE FENDA 3/8x6 VONDER";"UN";"82054000";9.59;14;12.45;15.55
"19.05.00024";"950";"CHAVE DE FENDA 3/8x8 VONDER";"UN";"82054000";10.23;15;13.5;16.5
"19.05.00069";"2533";"CHAVE DE FENDA 5/16x4 VONDER";"UN";"82054000";6.77;10.5;9.66;12.08
"19.05.00070";"2534";"CHAVE DE FENDA 5/16x5 VONDER";"UN";"82054000";7.25;11.5;10.55;13.22
"19.05.00071";"2535";"CHAVE DE FENDA 5/16x6 FAMASTIL";"UN";"82054000";8.83;14;12.6;16.1
"19.05.00076";"2653";"CHAVE DE FENDA 5/16x8 VONDER";"UN";"82054000";8.53;13;11.96;14.96
"19.05.00066";"2530";"CHAVE GRIFO FAMASTIL 08";"UN";"82041200";19.55;29;26.5;33.35
"19.05.00092";"3505";"CHAVE GRIFO FAMASTIL 10";"UN";"82041200";24.72;37;34;42.55
"19.05.00093";"3506";"CHAVE GRIFO FAMASTIL 12";"UN";"82041200";29.65;45;41;51.75
"19.05.00047";"985";"CHAVE GRIFO LOTUS / MTX 08";"UN";"82041200";21.73;34;31;39.1
"19.05.00048";"986";"CHAVE GRIFO LOTUS / MTX 10";"UN";"82041200";29.5;45;41;51.75
"19.05.00049";"987";"CHAVE GRIFO LOTUS / MTX 12";"UN";"82041200";36;54;49;62.1
"18.00.00101";"2217";"CHAVE GRIFO LOTUS / MTX 18 COD:1570555";"UN";"82041200";59;89;80;102.35
"19.05.00091";"3504";"CHAVE GRIFO LOTUS 24";"UN";"82041200";90.34;145;130;166.77
"19.05.00045";"983";"CHAVE GRIFO MTX 14 COD 1570455";"UN";"82041200";53.4;80;72;88
"19.05.00079";"2902";"CHAVE HIDRAULICA MULTFUNCAO COD. 48857";"UN";"82054000";22.98;37;33.55;42.55
"19.05.00002";"926";"CHAVE INGLESA LOTUS 12pol.";"UN";"82041200";38.05;57;52;61.56
"19.05.00054";"992";"CHAVE INGLESA MTX 6pol. COD:155019";"UN";"82041200";22.63;37;33.3;40.7
"19.05.00034";"960";"CHAVE INGLESA MTX 8pol. COD:155039";"UN";"82041200";28.62;45;41;51.75
"19.05.00004";"928";"CHAVE INGLESA SPARTA 06pol. COD:1552055";"UN";"82041200";16.04;25;23;28.75
"19.05.00064";"2391";"CHAVE INGLESA SPARTA 08pol. COD:1552555";"UN";"82041200";20.78;32.5;29.9;37.38
"19.05.00003";"927";"CHAVE INGLESA SPARTA 10pol. COD: 1553055";"UN";"82041200";22.59;35;32;40.25
"18.10.00034";"2747";"CHAVE LIGA DES. ALAVANCA MONO/TRIFASICA 30A MARGIRIUS";"UN";"85365090";68.37;100;95;110
"18.10.00004";"1984";"CHAVE LIGA DES.BOTAO MONO/TRIFASICA 30A MARGIRIUS";"UN";"85365090";21.86;40;36.8;46
"19.05.00078";"2888";"CHAVE MANDRIL MTX / VONDER COD:1689559";"UN";"84669340";4.18;6.5;5.9;7.46
"09.00.00050";"2137";"CHAVE P/ TORNEIRA LAVATORIO";"UN";"82041200";16;23;21.15;25.3
"19.05.00067";"2531";"CHAVE P/SEDE HYDRA MAX";"UN";"82054000";39.9;42;37.8;48.3
"19.05.00119";"100708";"CHAVE PHILIPS/ FENDA E BIT SD-1123";"UN";"8205400";6.9;12;10.8;13.2
"19.05.00033";"959";"CHAVE PHILLIPS 1/4x1.1/2 MTX / FAMASTIL COD:1145955";"UN";"82054000";5.85;10;9;11
"19.05.00099";"100171";"CHAVE PHILLIPS 1/4x4 MTX/FAMASTIL COD:1146055";"UN";"82054000";7.07;11.5;10.35;12.65
"19.05.00036";"962";"CHAVE PHILLIPS 1/4x5 MTX COD 1146155";"UN";"82054000";7.51;12.5;11.25;13.75
"19.05.00051";"989";"CHAVE PHILLIPS 1/8x2 MTX COD 1145155";"UN";"82054000";4.82;8;7.2;8.8
"19.05.00052";"990";"CHAVE PHILLIPS 1/8x3 MTX COD 1145255";"UN";"82054000";4.89;8;7.2;8.8
"19.05.00053";"991";"CHAVE PHILLIPS 1/8x5 MTX COD 1145355";"UN";"82054000";5.13;8.5;7.65;9.35
"19.05.00102";"100174";"CHAVE PHILLIPS 3/16x1.1/2 MTX COD 1145555";"UN";"82054000";5.44;9;8.1;9.9
"19.05.00056";"994";"CHAVE PHILLIPS 3/16x1.1/2 VONDER";"UN";"82054000";3.04;4.5;4.14;5.17
"19.05.00025";"951";"CHAVE PHILLIPS 3/16x3 MTX COD 1145655";"UN";"82054000";5.79;9;8.1;9.9
"19.05.00100";"100172";"CHAVE PHILLIPS 3/16x4 MTX / FAMASTIL COD 1145755";"UN";"82054000";6.16;10;9;11
"19.05.00101";"100173";"CHAVE PHILLIPS 3/16x5 FAMASTL";"UN";"82054000";5.2;9.5;8.5;10.92
"19.05.00040";"966";"CHAVE PHILLIPS 3/8x6 VONDER";"UN";"82054000";9.59;14.5;13.05;15.95
"19.05.00038";"964";"CHAVE PHILLIPS 5/16x5 FAMASTIL";"UN";"82054000";9.18;15;13.5;17.25
"20.00.00106";"2763";"CHAVE SOQUETE 1/2 - 10 PECAS COD:46319";"UN";"82042000";78;120;109;138
"20.00.00008";"1220";"CHAVE SOQUETE C/ CATRACA 1/2 FOXLUX 12pcs";"UN";"82042000";127.46;190;170;218.5
"20.00.00181";"100643";"CHAVE SOQUETE C/ CATRACA 1/2 STEELS 11pcs COD: 1412755";"UN";"82042000";136.41;180;170;207
"19.05.00042";"968";"CHAVE TESTE";"UN";"90303390";1.75;4.5;3.6;5.19
"13.05.00006";"1415";"CHAVE TESTE DIGITAL";"UN";"90303390";8.16;14.5;13;16.67
"19.05.00090";"3432";"CHAVE VIRAR FERRO SAO ROMAO 3/8";"UN";"82055900";25.82;39;35.5;44.85
"19.05.00060";"1000";"CHAVE VIRAR FERRO SAO ROMAO 5/16";"UN";"82055900";24.28;37;34;42.55
"19.05.00088";"3354";"CHAVE VIRAR FERRO TENACE 1/4";"UN";"82055900";6.05;11;10.1;12.65
"19.05.00059";"999";"CHAVE VIRAR FERRO VONDER 1/2";"UN";"82055900";39.11;59;53;67.85
"19.05.00063";"1004";"CHAVE VIRAR FERRO VONDER 1/4";"UN";"82055900";29.5;44.5;40;51.18
"19.05.00046";"984";"CHAVE VIRAR FERRO VONDER 3/8";"UN";"82055900";35.3;53;48;60.95
"22.00.00042";"2515";"CHAVE VIRAR FERRO VONDER 5/16";"UN";"82055900";31.59;47.5;43;52.25
"18.00.00081";"1848";"CHAVE VIRAR FERRO VONDER 5/8";"UN";"82054000";57.83;87;80;100.05
"19.05";"0";"CHAVES";"UN";"";0;0;0;0
"19.00.00221";"3098";"CHIBANCA C/ CABO FUZIL";"UN";"82013000";27.1;80;73;92
"13.06.00006";"1555";"CHIBANCA C/CABO TRAMONTINA";"UN";"82013000";73.92;115;103.5;126.5
"19.00.00024";"1009";"CHIBANCA FAMASTIL";"UN";"82013000";67.5;98.5;89.5;113.27
"16.00.00055";"100544";"CHUMBADOR 1/2 x 4.1/2";"UN";"73181500";4.98;8.8;8;10.13
"16.00.00056";"100545";"CHUMBADOR 3/8 x 3.1/2";"UN";"73181500";2.54;4.8;4.2;5.51
"16.00.00057";"100546";"CHUMBADOR 5/16 x 3.1/4";"UN";"73181500";2.18;3.3;2.85;3.8
"20.00.00082";"2503";"CHURRASQUEIRA INOX 30x60cm";"UN";"73211100";95;150;135;166.75
"18.09.00041";"1973";"CHURRASQUEIRA MEIO BOTIJAO C/ GRELHA";"UN";"73218900";120;180;160;207
"20.00.00085";"2520";"CHURRASQUEIRA PRE MOLDADA 55cm LISA BOI NO GRILL";"UN";"68109900";541.9;760;675;874
"16.05.00012";"3336";"CHURRASQUEIRA PRE MOLDADA 55cm QUADRADA";"UN";"68109900";541.9;800;720;920
"20.00.00128";"3045";"CHURRASQUEIRA PRE MOLDADA 55cm TIJOLINHO MARFIM";"UN";"68109900";664.4;980;870;1127
"20.00.00084";"2505";"CHURRASQUEIRA PRE MOLDADA 55cm TIJOLINHO PINTADA";"UN";"68109900";664.4;965;770;1061.5
"20.00.00151";"100149";"CHURRASQUEIRA PRE MOLDADA 65 cm PICANHA GRILL";"UN";"";500;725;667;833.75
"20.00.00086";"2521";"CHURRASQUEIRA PRE MOLDADA 65cm LISA BOI NO GRILL";"UN";"68109900";558.9;820;735;943
"16.05.00011";"2395";"CHURRASQUEIRA PRE MOLDADA 65cm QUADRADA";"UN";"68109900";587.9;860;770;989
"20.03.00014";"1258";"CHURRASQUEIRA PRE MOLDADA 65cm TIJOLINHO MARFIM";"UN";"68109900";692.4;1000;900;1150
"20.00.00083";"2504";"CHURRASQUEIRA PRE MOLDADA 65cm TIJOLINHO PINTADA";"UN";"68109900";692.4;1100;980;1265
"20.00.00087";"2522";"CHURRASQUEIRA PRE MOLDADA 75cm LISA BOI NO GRILL";"UN";"68109900";594.9;880;790;1012
"20.00.00134";"3258";"CHURRASQUEIRA PRE MOLDADA 75cm TIJOLINHO PINTADA";"UN";"68109900";720.39;1180;1000;1357
"14.05.00021";"581";"CHURRASQUEIRA PRE MOLDADA PICANHA GRILL 65cm";"KG";"68109900";420;595;547;684.25
"18.01.00005";"735";"CHUVEIRINHO 3 FAZES PARA TORNEIRA COD.47663";"UN";"84818011";11.98;18;16.5;20.7
"14.02.00001";"471";"CHUVEIRINHO MANUAL C/ MANGUEIRA";"UN";"85169000";9.58;14;12.5;16.1
"14.02.00034";"3319";"CHUVEIRINHO MANUAL C/ MANGUEIRA ASTRA D/CHM";"UN";"85169000";14.74;23;20;26.45
"14.02";"0";"CHUVEIROS";"UN";"85161000";0;0;0;0
"10.00.00019";"294";"CILINDRO STAM 803/804/1801";"UN";"83014000";15.9;25;22.5;28.75
"14.05.00015";"575";"CIMENTINHO BRANCO 1kg";"UN";"25232100";4.19;6.5;5.85;7.15
"13.02.00007";"1176";"CIMENTO BRANCO 25KG";"UN";"25232100";32.5;44;40.48;50.6
"01.00.00002";"2";"CIMENTO CAMPEAO CP II-32";"SC";"25232910";11.41;18.26;15.5;21
"01.00.00011";"2882";"CIMENTO CSN CP II-32";"UN";"25232990";30.1;42;39;46.2
"01.00.00008";"2150";"CIMENTO HOLCIM CP IV-32 50kg";"UN";"25232990";19.1;25;23;28.75
"01.00.00001";"1";"CIMENTO ITAU CP II-32 50kg";"UN";"25232910";31.77;42;36.6;43.59
"01.00.00013";"3192";"CIMENTO ITAU CP II-32 MEIO SACO 25KG";"UN";"25232910";17.43;24;20.87;26.85
"01.00.00007";"2125";"CIMENTO KILO";"UN";"25232910";0.4;1.5;1.2;1.65
"20.00.00089";"2524";"CIMENTO REFRATARIO CHURRASQUEIRA 6.5kg";"UN";"38160090";41;60;55;69.01
"01.00.00012";"3035";"CIMENTO TUPI CPII E 32 - RS";"UN";"25232910";27.2;36;34;39.09
"01.00";"0";"CIMENTOS";"UN";"25232910";0;0;0;0
"19.00.00025";"1011";"CLIPS P/ CABO DE ACO 1/8";"UN";"";0.4;0.8;0.72;0.88
"19.00.00026";"1012";"CLIPS P/ CABO DE ACO 3/16";"UN";"";0.5;1;0.9;1.1
"19.00.00027";"1013";"CLIPS P/ CABO DE ACO 3/8";"UN";"";1.2;2;1.8;2.2
"19.00.00028";"1015";"CLIPS P/ CABO DE ACO 5/16";"UN";"";1.4;1.95;1.75;2.15
"14.12.00017";"2867";"CLORO ESTAB.GENCO PASTILHAS 200gr.";"UN";"38089419";7.53;11.5;10;13.23
"01.00.00034";"100263";"CLORO MULTIPLA ACAO 3x1 GENCO 10kg";"UN";"34029039";169.25;240;220;276
"20.00.00144";"3617";"COIFA PARA CHURRASQUEIRA LISA";"UN";"68109900";133.98;198;180;227.7
"20.02.00008";"2719";"COLA ARALDITE 10 MINUTOS 16gr";"UN";"35061090";13.43;22;20;25.3
"20.02.00010";"100568";"COLA AZULEJO MASSAPLIC 700gr.";"UN";"35061090";13.26;19.9;18;22.88
"20.02.00001";"1221";"COLA AZULEJO TEK BOND 750G";"UN";"35061090";12.75;19;17.3;21.85
"20.02.00005";"1225";"COLA MADEIRA 250gr";"UN";"35061090";9.52;18;15;20.73
"20.02.00003";"1223";"COLA MADEIRA 90G";"UN";"35061090";3.98;8;6.8;9.2
"20.02.00004";"1224";"COLA MADEIRA CASCOREZ 1kg";"UN";"35061090";28.99;42;38.5;48.3
"20.02.00006";"1226";"COLA MADEIRA CASCOREZ 500gr";"UN";"35061090";15.64;22;20;25.31
"20.02.00009";"3200";"COLA MADEIRA VONDER 1kg";"UN";"35069120";12.96;22;20;25.3
"20.02";"0";"COLAS";"UN";"35061090";0;0;0;0
"19.02.00065";"3016";"COLETOR DE PO PARA FURADEIRA";"UN";"39269090";4.23;6.5;5.98;7.47
"19.06.00011";"100290";"COLHER PEDREIRO 06 COD.11224";"UN";"82055900";25;39;35;44.84
"18.00.00233";"100573";"COLHER PEDREIRO 07 COD.19493";"UN";"82055900";26;42;36.5;48.3
"18.00.00030";"1465";"COLHER PEDREIRO 08 COD.19499";"UN";"82055900";25;45;40;51.75
"16.06.00001";"2923";"COLHER PEDREIRO 09 COD:21893";"UN";"82055900";28;48;43;55.19
"16.06.00002";"2972";"COLHER PEDREIRO 10 COD:28481";"UN";"82055900";29;50;45;57.5
"19.06.00009";"3654";"COLHER PEDREIRO 7POL";"UN";"82055900";15;23;21;26.45
"19.06.00001";"1018";"COLHER PEDREIRO CORTAG 09";"UN";"82055900";13.8;22;19.5;25.67
"19.06.00013";"100859";"COLHER PEDREIRO MTX 07";"UN";"82055900";5.22;12.5;10;13.75
"19.06.00007";"2613";"COLHER PEDREIRO MTX 08 COD 8620255";"UN";"82055900";11.36;18;16.2;19.8
"19.06.00010";"100055";"COLHER PEDREIRO MTX 09 COD 8620355";"UN";"82055900";12.08;19;17.1;20.9
"19.06.00012";"100291";"COLHER PEDREIRO OGMAR 9";"UN";"82055900";15;24;21.5;27.6
"19.06.00006";"1025";"COLHER PEDREIRO PACETTA 07";"UN";"82055900";37.28;52;48;59.8
"19.06.00004";"1022";"COLHER PEDREIRO PACETTA 08";"UN";"82055900";38.39;55;49.5;60.5
"19.06.00005";"1023";"COLHER PEDREIRO PACETTA 09";"UN";"82055900";38.35;58;53;63.8
"19.06.00002";"1019";"COLHER PEDREIRO THOMPSON 09";"UN";"82055900";10.98;18;16.5;20.71
"19.06.00008";"2922";"COLHER TAFORT/BELLOTA 8";"UN";"82055900";8.1;13;11.95;14.95
"18.02.00021";"1567";"COLUNA DECA IZY / RAVENA BRANCA";"UN";"69109000";61.83;90;82.8;103.5
"18.02.00025";"1571";"COLUNA DECA IZY / RAVENA CINZA CLARO";"UN";"69109000";49.76;99;90;113.85
"18.02.00029";"1575";"COLUNA DECA IZY / RAVENA CREME";"UN";"69109000";68.12;99;90;113.85
"18.02.00022";"1568";"COLUNA DECA RAVENA BRANCA";"UN";"69109000";50.39;72;64.8;79.2
"18.02.00024";"1570";"COLUNA DECA RAVENA CARAMELO";"UN";"69109000";39.92;60;45;69
"13.04.00024";"2413";"COLUNA P/TANQUE 57x45cm";"UN";"73241000";33;45;41.4;51.75
"18.02.00023";"1569";"COLUNA SUSPENSA P/ LAVATORIO BRANCO";"UN";"69109000";273.39;400;370;430
"20.02.00007";"1227";"COMPOUND ADESIVO 1KG OTTO";"UN";"35061090";54.98;85;76.5;93.5
"14.12.00018";"3026";"CONDUITE CORRUGADO AMARELO 1/2";"MT";"39172300";1.34;2;1.7;2.31
"22.00.00045";"2527";"CONDUITE CORRUGADO AMARELO 1pol";"MT";"39172300";2.84;4.25;3.8;5.32
"17.00.00004";"410";"CONDUITE CORRUGADO AMARELO 3/4";"MT";"39172300";1.39;2.1;1.7;2.44
"14.12.00015";"2417";"CONDUITE CORRUGADO C/ GUIA 1.1/2";"MT";"39172300";3.34;5.5;4.95;6.05
"14.12.00014";"2416";"CONDUITE CORRUGADO LARANJA 1/2";"MT";"39172300";2;3.5;3.1;4.03
"14.12.00022";"100341";"CONDUITE CORRUGADO LARANJA 1pol";"UN";"39172300";3.03;4.5;4;5.29
"14.12.00007";"1234";"CONDUITE CORRUGADO LARANJA 3/4";"MT";"39172300";2.66;3.7;3.3;4.1
"14.12";"0";"CONDUITES";"UN";"39173100";0;0;0;0
"14.03.00015";"2832";"CONE C/TAMPA P/ HASTE TERRA";"UN";"85381000";4.9;7.5;6.9;8.63
"14.03.00017";"100381";"CONECTOR DE PRESSAO 0.2 A 4mm WAGO";"UN";"85369090";2.85;4.5;4;5.17
"14.03.00004";"481";"CONECTOR DE PRESSAO 0.5 A 6mm WAGO";"UN";"85369090";4.15;6;5.5;6.89
"18.01.00028";"1585";"CONECTOR DE TORCAO AMARELO";"UN";"85359000";0.51;1.2;1.08;1.32
"14.03.00005";"482";"CONECTOR EM BARRA 25MM";"UN";"85369010";0.45;1;0.86;1.14
"14.03.00002";"479";"CONECTOR EM BARRA 6MM";"UN";"85369010";0.14;0.4;0.36;0.44
"14.00.00049";"558";"CONECTOR HASTE ATERRAMENTO COBRE";"UN";"85359090";6.08;10;8.9;11.49
"18.00.00213";"100248";"CONECTOR INTERLIGACAO PINO 6-25mm";"UN";"";4.44;6.7;5.7;7.71
"14.03.00009";"486";"CONECTOR METALTEX P/ FIO RG06";"UN";"85369010";0.12;0.2;0.16;0.3
"20.00.00205";"100794";"CONECTOR P/ CABO DE REDE RJ45 CAT5E";"UN";"85369090";0.64;1.5;1.2;2
"14.03.00006";"483";"CONECTOR P/CABO COAXIAL C/ ANEL";"UN";"85444200";0.65;1.3;1.2;1.5
"14.03.00016";"100349";"CONECTOR P/CABO COAXIAL ROSCAVEL";"UN";"85369090";0.62;1.3;1.2;1.5
"14.03.00011";"488";"CONECTOR PORC FOXLUX BIPOLAR 16mm";"UN";"85369010";2.96;6;5.4;6.6
".";"2270";"CONECTOR PORC FOXLUX TRIPOLAR 16mm";"UN";"85369010";4.85;7.5;6.75;8.25
"18.00.00019";"853";"CONECTOR SPLIT BOLT P/CABO COBRE 16mm";"UN";"85359090";4.2;6.5;5.8;7.48
"14.05.00027";"587";"CONECTOR SPLIT BOLT P/CABO COBRE 25mm";"UN";"85359090";5.7;8.5;7.8;9.71
"14.05.00117";"100572";"CONECTOR SPLIT BOLT P/CABO ESTANHADO 16mm";"UN";"85359090";7.79;15;12.5;17.25
"14.05.00009";"569";"CONECTOR SPLIT BOLT P/CABO ESTANHADO 25mm";"UN";"85359090";10.44;18;15;20.7
"14.03.00003";"480";"CONECTOR ZAGONEL 1.5mm A 10mm";"UN";"85369010";3.28;5;4.6;5.75
"14.03";"0";"CONECTORES";"UN";"85369010";0;0;0;0
"18.01";"0";"CONEXOES";"UN";"";0;0;0;0
"14.05.00081";"3116";"CONJ PLACA 4x2 1 POSTO HORIZ MARGIRIUS";"UN";"39259090";5.74;9;8;9.9
"14.05.00080";"3115";"CONJ PLACA 4x2 2 POSTOS HORIZ MARGIRIUS";"UN";"39259090";5.01;8;7;9.21
"14.05.00078";"3113";"CONJ PLACA 4x2 2 POSTOS HORIZ SEPARADOS MARGIRIUS";"UN";"39259090";5.72;9;8.1;9.9
"14.05.00077";"3112";"CONJ PLACA 4x2 3 POSTOS HORIZ MARGIRIUS";"UN";"39259090";5.07;8;7.1;9.21
"14.05.00082";"3117";"CONJ PLACA 4x2 CEGA MARGIRIUS";"UN";"39259090";4.88;8.5;7.8;9.83
"14.05.00075";"3110";"CONJ PLACA 4x4 2 POSTOS HORIZ MARGIRIUS";"UN";"39259090";7.98;12;10;13.8
"14.05.00074";"3109";"CONJ PLACA 4x4 4 POSTOS HORIZ MARGIRIUS";"UN";"39259090";6.96;12;10;13.81
"14.05.00079";"3114";"CONJ PLACA 4x4 4 POSTOS HORIZ SEPARADOS MARGIRIUS";"UN";"39259090";7.02;12;10;13.82
"14.05.00073";"3108";"CONJ PLACA 4x4 6 POSTOS HORIZ MARGIRIUS";"UN";"39259090";6.67;12;10;13.82
"14.05.00076";"3111";"CONJ PLACA 4x4 CEGO MARGIRIUS";"UN";"39259090";7.12;12;10;13.81
"20.00.00187";"100688";"CONJ. CHURRASQUEIRA 4 EM 1 - 65CM";"UN";"68109900";3858.8;4675;4600;5000
"20.00.00212";"100846";"CONJ. ESPELHO 4X2 1MOD ELETRODUTO HIDROSSOL";"UN";"39172300";1.8;3;2.7;3.45
"20.00.00200";"100785";"CONJ. ESPELHO 4X2 2MOD ELETRODUTO HIDROSSOL";"UN";"39172300";1.8;3;2.7;4
"20.00.00201";"100786";"CONJ. ESPELHO 4X2 3MOD ELETRODUTO HIDROSSOL";"UN";"39172300";1.8;3;2.7;4
"20.00.00202";"100787";"CONJ. ESPELHO 4X2 TAMPA CEGA ELETRODUTO HIDROSSOL";"UN";"39172300";1.29;2.5;2.2;3
"18.02.00072";"2986";"CONJ.ACOPL.INCEPA ART BRANCO C/ASSENTO E KIT INSTALACAO";"UN";"69109000";498.67;730;662.19;839.5
"18.02.00020";"933";"CONJ.ACOPL.INCEPA ZIP BRANCO C/ASSENTO E KIT INSTALACAO";"UN";"69109000";414.21;600;550;690
"18.02.00001";"805";"CONJ.ACOPLADO DECA IZY BRANCO GELO";"UN";"69109000";289.78;495;420;569.25
"18.02.00003";"810";"CONJ.ACOPLADO DECA IZY CINZA REAL";"UN";"69109000";362.17;530;485;609.5
"18.02.00005";"815";"CONJ.ACOPLADO DECA IZY CREME";"UN";"69109000";362.17;530;485;609.5
"18.02.00002";"807";"CONJ.ACOPLADO DECA IZY DUAL 3/6lts CREME";"UN";"69109000";240.12;350;322;402.5
"18.02.00079";"3297";"CONJ.ACOPLADO INCEPA ART BRANCO 3/6lts";"UN";"69109000";338.97;499;449.1;573.85
"18.03.00014";"1014";"CONJ.ACOPLADO INCEPA AVANT BRANCO 3/6lts";"UN";"69109000";490.59;785;710;847.8
"20.03.00008";"1252";"CONJ.ACOPLADO INCEPA FLAMINGO BISCUIT 3/6lts";"UN";"69109000";332;730;660;839.5
"18.02.00059";"2485";"CONJ.ACOPLADO INCEPA FLAMINGO BRANCO 3/6lts";"UN";"69109000";289.29;640;580;736
"18.02.00060";"2486";"CONJ.ACOPLADO INCEPA FLAMINGO CINZA 3/6lts";"UN";"69109000";332;730;660;839.5
"18.02.00065";"2756";"CONJ.ACOPLADO INCEPA NEXO C/ ASSENTO BRANCO";"UN";"69109000";467.4;655;570;720.5
"18.02.00067";"2765";"CONJ.ACOPLADO INCEPA THEMA BRANCO";"UN";"69109000";533.86;810;730;931.5
"18.02.00093";"100517";"CONJ.ACOPLADO LOGASA PARATI BEGE 6lts";"UN";"69109000";329.7;479;440;550.85
"18.02.00018";"925";"CONJ.ACOPLADO LOGASA PARATI BRANCO 6lts.";"UN";"69109000";306.15;450;409;517.5
"18.02.00094";"100518";"CONJ.ACOPLADO LOGASA PARATI CINZA 6lts";"UN";"69109000";329.71;479;440;550.85
"18.05.00017";"100400";"CONJUNTO FIXACAO ASSENTO ASTRA TP JPF";"UN";"39269090";5.78;10;9;11.5
"18.05.00018";"100445";"CONJUNTO FIXACAO ASSENTO ASTRA TPKPFU";"UN";"39269090";11.98;18;16.5;20.7
"18.00.00215";"100276";"CONJUNTO PARA JARDIM FAMASTIL 3pcs";"UN";"82019000";31.35;47;43;54.05
"18.06.10016";"100514";"CONTRA SEDE P/ HYDRA MAX DECA";"UN";"84819010";19;29.5;27;33.92
"09.00.00018";"240";"CONVERSOR DIGITAL INTELBRAS K-900";"UN";"85287119";59.9;89;81.8;102.35
"22.22.00003";"100634";"COPO DESCARTAVEL 180ml";"PCT";"";6.4;6.4;5.6;5.6
"22.22.00004";"100651";"COPO DESCARTAVEL CAFE 50ml.";"UN";"";0;0;0;0
"09.07.00001";"1236";"CORANTE LIQUIDO AMARELO 50gr.";"UN";"32041700";4.31;7.5;6.8;8.65
"09.07.00002";"1237";"CORANTE LIQUIDO AZUL 50gr.";"UN";"32041700";4.31;7.5;6.8;8.64
"09.08.00007";"3516";"CORANTE LIQUIDO BRANCO 50gr.";"UN";"32041700";4.31;7.5;6.8;8.61
"09.07.00003";"1238";"CORANTE LIQUIDO LARANJA 50gr.";"UN";"32041700";4.31;7.5;6.8;8.64
"09.07.00004";"1239";"CORANTE LIQUIDO MARROM 50gr.";"UN";"32041700";4.31;7.5;6.8;8.65
"09.07.00005";"1240";"CORANTE LIQUIDO OCRE 50gr.";"UN";"32041700";4.31;7.5;6.8;8.6
"09.07.00006";"1241";"CORANTE LIQUIDO PRETO 50gr.";"UN";"32041700";4.31;7.5;6.8;8.61
"09.07.00007";"1242";"CORANTE LIQUIDO VERDE 50gr.";"UN";"32041700";4.31;7.5;6.8;8.61
"09.07.00008";"1243";"CORANTE LIQUIDO VERMELHO 50gr.";"UN";"32041700";4.31;7.5;6.8;8.61
"09.07.00009";"1244";"CORANTE LIQUIDO VIOLETA 50gr.";"UN";"32041700";4.31;7.5;6.8;8.64
"09.07";"0";"CORANTES";"UN";"32064990";0;0;0;0
"20.03.00005";"1249";"CORDA POLIESTER 03mm";"UN";"56074900";0.34;0.8;0.7;0.89
"20.03.00002";"1246";"CORDA POLIESTER 04mm";"UN";"56074900";0.43;1.1;0.95;1.19
"20.03.00003";"1247";"CORDA POLIESTER 06mm";"UN";"56074900";0.67;2;1.35;2.31
"20.03.00004";"1248";"CORDA POLIESTER 08mm";"UN";"56074900";0.82;2.3;1.9;2.65
"20.03.00006";"1250";"CORDA POLIESTER 12mm";"UN";"56074900";2;3.9;3.5;4.49
"20.03.00018";"2844";"CORDA POLIESTER 14mm";"UN";"56075090";3.69;6.3;5.6;7.25
"20.00.00215";"100879";"CORDA REVESTIDA P/ VARAL";"UN";"39269090";5.51;10;9;11.5
"14.01.00021";"491";"CORDAO PARALELO 2 x 1.5mm BRANCO";"MT";"85444900";3.44;5.5;4.9;6.05
"14.01.00022";"492";"CORDAO PARALELO 2 x 1.5mm MARROM";"MT";"85444900";3.44;5.5;4.9;6.05
"20.01.00013";"2181";"CORDAO PARALELO 2 x 1.5mm PRETO";"UN";"85444900";3.44;5.5;4.9;6.05
"14.01.00023";"493";"CORDAO PARALELO 2 x 2.5mm BRANCO";"MT";"85444900";5.36;8.3;7.5;9.13
"14.01.00024";"494";"CORDAO PARALELO 2 x 2.5mm PRETO";"MT";"85444900";5.36;8.3;7.5;9.13
"18.00.";"1245";"CORDAS";"UN";"39269090";5.51;10;9;15
"18.00.00239";"100703";"CORPO CAIXA SIFONADA TIGRE 150 X 185 X 75";"UN";"39174090";25;37.5;35;40
"19.00.00029";"1026";"CORRENTE 6.4mm ELO LONGO GALVANIZADA";"UN";"73158200";13.62;26;23;29.9
"19.00.00121";"2143";"CORTADOR PISO CORTAG HD-1000";"UN";"84649090";295.72;425;380;488.75
"19.00.00155";"2458";"CORTADOR PISO CORTAG HD-900";"UN";"84649090";256.34;390;320;448.5
"19.00.00128";"2196";"CORTADOR PISO CORTAG MASTER 115";"UN";"84649090";555.87;829;760;953.35
"19.00.00204";"2904";"CORTADOR PISO CORTAG PRIME 120";"UN";"84649090";840;1200;1020;1380
"18.01.00323";"100334";"CPVC AMANCO ADESIVO 175gr.";"UN";"35061090";26.36;40;32;46
"18.01.00299";"100310";"CPVC AMANCO CAP 22mm";"UN";"39172300";1.5;2.4;1.92;2.76
"18.01.00300";"100311";"CPVC AMANCO CAP 28mm";"UN";"39172300";2.24;3.5;2.8;4.03
"18.01.00301";"100312";"CPVC AMANCO CONECTOR TRANSICAO 22x1/2";"UN";"39172300";13.55;20.5;16.4;23.58
"18.01.00297";"100308";"CPVC AMANCO CONECTOR TRANSICAO 22x3/4";"UN";"39172300";14.06;22.5;18.1;25.88
"18.01.00302";"100313";"CPVC AMANCO CONECTOR TRANSICAO 28x1pol";"UN";"39172300";19.76;32.5;26.1;37.38
"18.01.00324";"100335";"CPVC AMANCO CURVA 90x22mm";"UN";"39172300";4.55;6.9;5.7;7.94
"18.01.00325";"100336";"CPVC AMANCO CURVA 90x28mm";"UN";"39172300";6.65;10.9;8.9;12.54
"18.01.00326";"100337";"CPVC AMANCO CURVA TRANSPOSICAO 22mm";"UN";"39172300";4.65;7.5;6.3;8.63
"18.01.00303";"100314";"CPVC AMANCO JOELHO 45x22mm";"UN";"39172300";3.41;5.4;4.32;6.21
"18.01.00304";"100315";"CPVC AMANCO JOELHO 45x28mm";"UN";"39172300";4.56;7.9;6.4;9.09
"18.01.00305";"100316";"CPVC AMANCO JOELHO 90x22mm";"UN";"39172300";2.37;3.6;2.88;4.14
"18.01.00306";"100317";"CPVC AMANCO JOELHO 90x28mm";"UN";"39172300";5.38;8.7;7.1;10.01
"18.01.00307";"100318";"CPVC AMANCO JOELHO TRANSICAO 22x1/2";"UN";"39172300";8.02;13.1;10.5;15.07
"18.01.00308";"100319";"CPVC AMANCO JOELHO TRANSICAO 22x3/4";"UN";"39172300";10.96;18;14.5;20.71
"18.01.00309";"100320";"CPVC AMANCO LUVA DE CORRER 22mm";"UN";"39172300";4.96;8.6;7.1;9.89
"18.01.00310";"100321";"CPVC AMANCO LUVA DE CORRER 28mm";"UN";"39172300";7.95;13.8;11.3;15.88
"18.01.00311";"100322";"CPVC AMANCO LUVA SIMPLES 22mm";"UN";"39172300";1.55;2.5;2;2.87
"18.01.00312";"100323";"CPVC AMANCO LUVA SIMPLES 28mm";"UN";"39172300";2.88;5;4.1;5.76
"18.01.00315";"100326";"CPVC AMANCO LUVA TRANSICAO 22x25mm";"UN";"39172300";1.1;1.9;1.55;2.19
"18.01.00313";"100324";"CPVC AMANCO LUVA TRANSICAO 22x3/4";"UN";"39174090";11.9;18;16;20.72
"18.01.00314";"100325";"CPVC AMANCO LUVA TRANSICAO 28x1pol.";"UN";"39172300";15.7;27;22.3;31.05
"18.01.00298";"100309";"CPVC AMANCO REDUCAO MF 28x22mm";"UN";"39172300";1.97;3.4;2.8;3.91
"18.01.00316";"100327";"CPVC AMANCO TE FFF 22mm";"UN";"39172300";2.44;4.25;3.45;4.89
"18.01.00317";"100328";"CPVC AMANCO TE FFF 28mm";"UN";"39172300";5.01;8.7;7.1;10.01
"18.01.00318";"100329";"CPVC AMANCO TE MISTURADOR FFF 22x3/4";"UN";"39172300";18.59;32.25;26.5;37.09
"18.01.00321";"100332";"CPVC AMANCO TUBO 22mm C/3mts";"UN";"39172300";27.56;45;38;51.75
"18.01.00322";"100333";"CPVC AMANCO TUBO 28mm C/3mts";"UN";"39172300";47.47;72;62;82.8
"18.01.00319";"100330";"CPVC AMANCO UNIAO FF 22mm";"UN";"39172300";8.36;14.5;11.85;16.68
"18.01.00320";"100331";"CPVC AMANCO UNIAO FF 28mm";"UN";"39172300";11.54;20;16.2;22.99
"01.01.00116";"100185";"CREME HIDRATANTE 4x1 240gr TRATCOM";"UN";"33049990";30;40;38;46
"18.01.00031";"1605";"CRUZETA SOLD. 50mm TIGRE";"UN";"39174090";15.23;22;17.6;25.29
"18.02.00095";"100731";"CUBA DE ACO INOX";"UN";"73241000";50;90;80;103.5
"18.02.00066";"2757";"CUBA DE APOIO INCEPA NEXO BRANCA";"UN";"69109000";186.02;265;225;291.5
"18.02.00078";"3213";"CUBA LAVATORIO SOBREPOR DECA CZA";"UN";"69109000";93;140;125;161
"03.00.00057";"100749";"CUMEEIRA ARTICULADA PVC";"UN";"39259090";31;60;51;69
"03.00.00054";"100505";"CUMEEIRA FIBROCIMENTO BRASILIT 1.10m 10 GRAUS";"UN";"68118200";45.49;68.5;61.5;78.78
"03.00.00028";"43";"CUMEEIRA FIBROCIMENTO BRASILIT 1.10m 15 GRAUS";"UN";"68118200";49.67;72;64;82.8
"03.00.00050";"100184";"CUMEEIRA PVC CENTRAL TERRACOTA";"UN";"39259090";46.94;75;67.5;82.5
"20.00.00121";"2942";"CUNHA NIVELADORA CORTAG C/50un";"PCT";"39269090";19.9;29;26.5;33.35
"20.00.00124";"2946";"CUNHA NIVELADORA CORTAG ECO C/50un.";"PCT";"39259090";12.03;20;18;22.99
"20.00.00172";"100496";"CUNHA NIVELADORA CORTAG ECO CX 500un.";"UN";"39259090";150.94;220;195;242
"20.00.00061";"1527";"CUNHA NIVELADORA VONDER C/50un";"UN";"39269090";8.8;14;12.5;16.1
"19.03.00011";"2798";"CUNHA PARA CABO DE ENXADA";"UN";"44170090";0.57;1.5;1.2;1.65
"20.00.00198";"100773";"CURVA 90°x1POL ELETRODUTO HIDROSSOL";"UN";"39172300";5.96;9.5;8.3;10.93
"20.00.00199";"100774";"CURVA 90°x3/4 ELETRODUTO HIDROSSOL";"UN";"39172300";3.42;5.5;4.8;6.33
"09.01.00009";"174";"CURVA CURTA AMANCO 100mm";"UN";"39174090";21.23;32;25.6;36.81
"18.01.00142";"1750";"CURVA CURTA AMANCO 50mm";"UN";"39174090";9.77;15;12.5;17.29
"19.01.00026";"100380";"CURVA CURTA AMANCO 75mm";"UN";"39174090";20.58;30;25;34.49
"18.01.00239";"2627";"CURVA CURTA PLASTILIT 100mm";"UN";"39174090";15.33;25;19;28.77
"18.10.00012";"1992";"CURVA CURTA PLASTILIT 40mm";"UN";"39174090";2.93;4.5;3.7;5.17
"18.01.00240";"2628";"CURVA CURTA PLASTILIT 50mm";"UN";"39174090";6.41;10;8;11.5
"18.01.00249";"3259";"CURVA CURTA PLASTILIT 75mm";"UN";"39174090";11.28;19;15.5;21.86
"14.12.00012";"2374";"CURVA ELETRODUTO PVC 2pol.";"UN";"39172300";8.48;12.8;11;14.72
"18.01.00036";"1610";"CURVA LONGA AMANCO / TIGRE 50mm";"UN";"39174090";8.68;14.7;12;16.91
"18.01.00038";"1612";"CURVA LONGA AMANCO 100mm";"UN";"39174090";37.2;58;50;66.7
"18.01.00035";"1609";"CURVA LONGA AMANCO 40mm";"UN";"39174090";8.39;14.5;11.6;16.67
"18.01.00039";"1613";"CURVA LONGA AMANCO SOLD 25mm";"UN";"39174090";2.36;5;4.3;5.45
"18.01.00040";"1614";"CURVA LONGA AMANCO SOLD 50mm";"UN";"39174090";11.89;19.5;14.63;22.43
"18.01.00037";"1611";"CURVA LONGA AMANCO/TIGRE 75mm";"UN";"39174090";23.3;39;31.2;44.86
"18.01.00032";"1606";"CURVA LONGA PLASTILIT 100mm";"UN";"39174090";39.32;60;51;69.23
"18.01.00033";"1607";"CURVA LONGA PLASTILIT 40mm";"UN";"39174090";6.58;10;8.5;11.52
"18.01.00041";"1615";"CURVA LONGA PLASTILIT 50mm";"UN";"39174090";12.08;19;15;21.87
"18.01.00236";"2550";"CURVA LONGA PLASTILIT 75mm";"UN";"39174090";36.83;55;45;63.25
"18.01.00287";"100187";"CURVA LONGA PLASTILIT SOLD 20mm";"UN";"39174090";1.94;3.5;3;4.07
"18.01.00234";"2510";"CURVA LONGA PLASTILIT SOLD 25mm";"UN";"39174090";2.61;5;4.5;5.5
"18.01.00277";"100074";"CURVA LONGA PLASTILIT SOLD 32mm";"UN";"39174090";5.62;9.5;7.5;10.92
"18.01.00088";"1678";"CURVA LONGA PLASTILIT SOLD 50mm";"UN";"39174090";11.65;18.5;14.8;21.27
"14.12.00010";"1583";"CURVA P/ELETRODUTO 1.1/4pol.";"UN";"39172300";5.44;8.2;7.5;9.43
"14.12.00013";"2375";"CURVA P/ELETRODUTO 1pol.";"UN";"39172300";3.8;5.7;5.2;6.55
"14.12.00006";"1233";"CURVA P/ELETRODUTO 2.1/2pol.";"UN";"39172300";16.72;25;23;28.75
"18.01.00042";"1616";"CURVA TRANSPOSICAO AMANCO 3/4";"UN";"39174090";7.6;14;11;16.09
"19.00.00311";"100354";"CUTELO ARTESANAL REF. SQ4187 47535";"UN";"82019000";99;150;138;172.5
"19.00.00354";"100616";"CUTELO ESTAMPADO 7.5 POL.";"UN";"82019000";44.98;69;63;79.35
"19.00.00316";"100371";"CUTELO INOX REF. SQ-4568 COD: 50144";"UN";"82019000";32.98;52;47.5;59.8
"19.00.00336";"100526";"CUTELO INOX MINI COD:42218";"UN";"";54.98;80;73;92
"18.00.00191";"100002";"CX SIF TIGRE PG PR QD/GR INOX 150X150X50";"UN";"39174090";74.07;74.07;74.07;74.07
"25.00.00003";"2542";"DEBITO ANTERIOR";"UN";"";0;0;1;1500
"13.06.00002";"1551";"DEGRAU ESCADA EURO-POLY";"UN";"73269090";5;8;7.2;8.8
"14.02.00006";"476";"DESEMPENADEIRA ACO CASTOR DENTE 12mm 35cm 425";"UN";"82055900";63.5;95;85;109.25
"19.09.00010";"3234";"DESEMPENADEIRA ACO CASTOR DENTE U 12mm35cm 426";"UN";"82055900";63.5;95;87;109.25
"19.07.00004";"1031";"DESEMPENADEIRA ACO CASTOR GRAFIATO 7x16cm.";"UN";"39269090";7.36;11;10;12.66
"19.07.00010";"1037";"DESEMPENADEIRA ACO CASTOR NIVELA MAX 60cm.";"UN";"82055900";3.73;160;145;184
"14.02.00036";"3443";"DESEMPENADEIRA ACO CORTAG DENTADA 12x28cm";"KG";"82055900";31.48;50;45;57.51
"19.07.00013";"2014";"DESEMPENADEIRA ACO DENTE GRANDE 12x35cm P.A.G.";"UN";"39269090";42.9;65;59;74.74
"19.00.00009";"874";"DESEMPENADEIRA ACO INOX 32x12 DENTADA COD:44391";"UN";"39269090";42.98;64;58;73.64
"19.10.00026";"100346";"DESEMPENADEIRA ACO INOX 49x12 DENTADA COD:49697";"UN";"39269090";92.98;139;125;159.88
"19.07.00016";"2755";"DESEMPENADEIRA ACO INOX LISA 30x12";"UN";"39269090";20.93;34;31;39.1
"18.03.00013";"1010";"DESEMPENADEIRA ACO LISA CABO ABERTO 30 x 12cm";"UN";"82055900";16.41;24;22.08;27.6
"19.07.00001";"1028";"DESEMPENADEIRA BARICAR ACO DENTADA 12x26cm";"UN";"82055900";10.77;17;15.5;19.55
"19.07.00002";"1029";"DESEMPENADEIRA BARICAR ACO DENTADA 12x35cm";"UN";"82055900";14.57;23.5;18.8;27.02
"19.07.00009";"1036";"DESEMPENADEIRA BARICAR ACO DENTADA 12x48cm";"UN";"82055900";21.5;35;32;40.25
"19.17.00001";"3637";"DESEMPENADEIRA BARICAR ACO LISA 12x26cm";"UN";"82055900";10.77;17;15.45;19.54
"19.17.00002";"3638";"DESEMPENADEIRA BARICAR ACO LISA 12x35cm";"UN";"82055900";15.14;24;22;27.61
"19.07.00003";"1030";"DESEMPENADEIRA BARICAR GRAFIATO 15x26cm";"UN";"39269090";10.3;15;13.5;17.25
"19.00.00251";"3445";"DESEMPENADEIRA BARICAR MADEIRA 15x28cm";"UN";"44170010";18.09;27;24.5;31.05
"19.07.00012";"1040";"DESEMPENADEIRA BARICAR PLASTICA 12x22cm";"UN";"39269090";6.14;9;8;10.35
"19.07.00011";"1039";"DESEMPENADEIRA BARICAR PLASTICA 15x26cm";"UN";"39269090";6.48;10;9;11.51
"19.07.00019";"3372";"DESEMPENADEIRA BARICAR PLASTICA 18x30cm";"UN";"39269090";9.19;15;12.5;17.26
"19.07.00021";"3460";"DESEMPENADEIRA DE PU ESTRIADA 18X30 LARANJA ATLAS";"UN";"39269090";43.66;67;53.5;77.05
"19.07.00015";"2300";"DESEMPENADEIRA GRAFIATO MINI 17x7cm";"UN";"39269090";4.9;7.5;6.9;8.63
"19.00.00236";"3288";"DESEMPENADEIRA PLASTICA MAX 15x26cm";"UN";"39269090";5.27;8;7.3;9.2
"19.07.00018";"3320";"DESEMPENADEIRA PLASTICA ASTRA 17x30cm DSP2";"UN";"39269090";23.55;35;31.5;38.5
"19.07.00020";"3373";"DESEMPENADEIRA PLASTICA ATLAS GRAFIATO 14x27";"UN";"39269090";9.85;15;13.8;17.25
"19.07.00017";"2833";"DESEMPENADEIRA PLASTICA AZUL SENIOR 14x26cm";"UN";"39269090";5.07;12;11;13.86
"14.00.00004";"387";"DESEMPENADEIRA PLASTICA AZUL SENIOR 18x30";"UN";"39269090";8.9;13;11.8;14.95
"14.02.00028";"3101";"DESEMPENADEIRA PLASTICA C/ESPUMA 18x30 COD.48662";"UN";"39269090";19.98;30;27.5;34.58
"14.02.00046";"100739";"DESEMPENADEIRA PLASTICA ICAP 15.5 X 26.5 CM";"UN";"39269090";13.9;23.5;20;27.94
"14.02.00029";"3102";"DESEMPENADEIRA PLASTICA ICAP 18x30cm";"UN";"39269090";13.9;25;22;28.75
"14.02.00017";"2189";"DESEMPENADEIRA PLASTICA LARANJA 22x34";"UN";"39269090";14.98;22.5;21;25
"20.00.00074";"2182";"DESENGRIPANTE SPRAY VONDER PLUS 300ml";"UN";"38249941";11.7;17.5;16;19.25
"20.00.00030";"1333";"DESENGRIPANTE SPRAY WD-40 300ml";"UN";"34031900";29.1;45;41;49.5
"19.05.00108";"100343";"DESENTUPIDOR DE MOLA P/TUBULACAO 3mts";"UN";"82055900";19.6;30;25;34.5
"19.05.00109";"100344";"DESENTUPIDOR DE MOLA P/TUBULACAO 5mts COD:44144";"UN";"82055900";42.9;65;59;74.75
"19.05.00110";"100345";"DESENTUPIDOR DE MOLA P/TUBULACAO 7mts";"UN";"82055900";35.98;55;52;63.25
"01.00.00030";"100259";"DESINCRUSTANTE LOCA SANITARIA 500ml DURATTO";"UN";"34021190";10.24;16;14;18.4
"19.05.00111";"100372";"DETECTOR DE TENSAO";"UN";"90303390";17.98;27;24.8;31.05
"22.22.00006";"100653";"DETERGENTE IPE 500ml";"UN";"";2.5;0;0;0
"01.01.00123";"100613";"DIESEL S-10 ADITIVADO";"LT";"27101921";5.57;6.43;6.12;7.07
"19.00.00372";"100743";"DISCO CORTAR FERRO 12 X 1/8 X 5/8";"UN";"68042211";16.5;24.75;24.5;28.46
"20.00.00007";"1219";"DISCO CORTAR FERRO E INOX 4.1/2";"UN";"68042211";1.34;3.5;3;5
"20.00.00188";"100689";"DISCO CORTAR FERRO E INOX 4.1/2 NORTON";"UN";"68042211";1.62;4.5;4;4.95
"19.00.00060";"1084";"DISCO CORTAR FERRO E INOX 7pol.";"UN";"68042119";5.84;10;9;11
"19.00.00246";"3351";"DISCO CORTAR FERRO E INOX 9pol.";"UN";"68042211";8.2;14;12.5;16.11
"20.00.00178";"100620";"DISCO DE ARADO";"UN";"";100;150;140;172.5
"20.00.00176";"100570";"DISCO DE ARADO GRANDE";"UN";"";185;220;0;253
"09.00.00103";"100182";"DISCO DE BORRACHA P/ LIXA 4.1/2 PERFIL ALTO COD:6099004120";"UN";"40069000";8.1;13;11.5;14.95
"09.00.00102";"100181";"DISCO DE LIXA 4.1/2 G-100";"UN";"68052000";1.81;2.7;2.4;3.11
"09.00.00100";"100179";"DISCO DE LIXA 4.1/2 G-60";"UN";"68052000";1.99;3;2.7;3.44
"09.00.00101";"100180";"DISCO DE LIXA 4.1/2 G-80";"UN";"68052000";1.81;2.7;2.4;3.11
"09.00.00107";"100474";"DISCO DE LIXA C/ VELCRO 40";"UN";"68052000";0.8;1.5;1.35;1.73
"09.00.00108";"100475";"DISCO DE LIXA C/ VELCRO 80";"UN";"68052000";0.9;1.5;1.35;1.73
"09.00.00110";"100477";"DISCO DE LIXA C/ VELCRO 100";"UN";"68052000";0.9;1.5;1.35;1.73
"09.00.00109";"100476";"DISCO DE LIXA C/ VELCRO 120";"UN";"68052000";0.8;1.5;1.35;1.73
"09.00.00111";"100478";"DISCO DE LIXA C/ VELCRO 150";"UN";"68052000";0.9;1.5;1.35;1.73
"09.00.00112";"100479";"DISCO DE LIXA C/ VELCRO 180";"UN";"68052000";0.9;1.5;1.35;1.54
"09.00.00113";"100480";"DISCO DE LIXA C/ VELCRO 320";"UN";"68052000";0.9;1.5;1.35;1.73
"13.03.00003";"1180";"DISCO DE REMOCAO STRIP TATU";"UN";"68053090";23.1;40;35;46
"19.00.00176";"2743";"DISCO DESBASTE 4.5 POL. VONDER";"UN";"68042211";4.06;6.5;5.9;7.15
"19.00.00177";"2744";"DISCO DESBASTE 7 VONDER";"UN";"68042211";10.21;16.5;14.9;18.98
"14.05.00061";"2206";"DISCO DIAMANTADO 7 POLEGADAS";"UN";"68042119";24;48;43;55.2
"18.02.00027";"1573";"DISCO DIAMANTADO 9 POLEGADAS";"UN";"68042119";34;72;62;84.18
"19.00.00226";"3199";"DISCO DIAMANTADO CORTAG PORCELANATO";"UN";"68042119";21.87;35;32;38.5
"19.00.00232";"3266";"DISCO DIAMANTADO CORTAG PORCELANATO 5pol. FURO 22mm COD:62141";"UN";"68042119";75.35;110;100;126.5
"19.00.00205";"2908";"DISCO DIAMANTADO CORTAG PORCELANATO BEST QUALIT COD:60659";"UN";"68042119";44.39;67;60;77.05
"20.08.00023";"3529";"DISCO DIAMANTADO CORTAG PORCELANATO DUO";"UN";"68042119";27.21;40;36;45.99
"19.00.00367";"100665";"DISCO DIAMANTADO CORTAG VIDRO E PORCELANATO 4pol.";"UN";"68042119";35.22;59;50;64.9
"19.00.00175";"2731";"DISCO DIAMANTADO FIT PORCELANATO FURO 22mm";"UN";"68042119";14.39;25;23;28.75
"20.02.00002";"1222";"DISCO DIAMANTADO FIT/ECAST SEGMENTADO 4 1/2";"UN";"68042211";12;22;20;27.17
"19.00.00264";"3598";"DISCO DIAMANTADO NORTON PORCELANATO";"UN";"68042119";16.15;29;26;33.35
"19.00.00146";"2392";"DISCO DIAMANTADO NORTON TURBO PRO";"UN";"68042119";15.61;25;22.5;27.5
"19.00.00370";"100709";"DISCO DIAMANTADO PORCELANATO 22MM";"UN";"68042119";16;25;22;27.5
"19.00.00139";"2289";"DISCO DIAMANTADO PROFIELD TURBO FURO 22mm";"UN";"68042211";8.5;16;14;18.4
"18.01.00029";"1586";"DISCO DIAMANTADO REBOLO 115mm";"UN";"68042119";32;65;59;74.75
"19.00.00138";"2288";"DISCO DIAMANTADO REBOLO 7pol. SEGMENTADO";"UN";"68042211";119;179;160;205.85
"19.00.00005";"781";"DISCO DIAMANTADO REBOLO P/GRAFIATO";"UN";"68042211";39.95;65;59;74.75
"20.02.00011";"100842";"DISCO DIAMANTADO SEGMENTADO 20MM VONDER";"UN";"68042119";10.35;20;17.5;22
"20.02.00012";"100843";"DISCO DIAMANTADO TURBO 20MM VONDER";"UN";"68042119";11.06;22;19;25
"19.00.00237";"3294";"DISCO FLAP 115mm GR-40 COD:740279";"UN";"68051000";2.66;6.5;5.8;7.48
"19.00.00250";"3436";"DISCO FLAP 115mm GR-60 COD:740289";"UN";"68051000";3.48;6.5;5.8;7.48
"19.00.00270";"3627";"DISCO FLAP 115mm GR-80 COD:740299";"UN";"68051000";3.64;6.5;5.8;7.48
"19.00.00318";"100374";"DISCO LIXA CERAMICA GRAO 50 COD:47856";"UN";"68052000";12.71;22.5;20;24.75
"19.00.00317";"100373";"DISCO LIXA CERAMICA GRAO 100 COD:47854";"UN";"68052000";13.24;22.5;20;25.87
"19.00.00351";"100584";"DISCO LIXA CERAMICA GRAO 1500 COD:48596";"UN";"68052000";13.98;22.5;20.5;25.88
"19.00.00319";"100375";"DISCO LIXA CERAMICA GRAO 200 COD:47855";"UN";"68052000";14.43;22.5;20.5;25.87
"19.00.00320";"100376";"DISCO LIXA CERAMICA GRAO 400 COD:48070";"UN";"68052000";14.36;22.5;20.5;25.87
"19.00.00273";"100013";"DISCO LIXA CERAMICA GRAO 800 COD:48596";"UN";"68052000";14.12;22.5;20.5;25.87
"19.00.00033";"1046";"DISCO P/ MADEIRA 4.1/2";"UN";"68042119";9.9;17;15;19.54
"19.00.00140";"2290";"DISCO P/ MADEIRA 7x1/4 24 DENTES";"UN";"68042119";18;35;30;40.25
"19.00.00195";"2838";"DISCO P/ MADEIRA 7x1/4 36 DENTES";"UN";"68042119";22;40;35;46
"19.00.00030";"1041";"DISCO P/ MADEIRA 9";"UN";"68042119";39;65;58;74.75
"19.00.00230";"3239";"DISCO P/ MADEIRA CORRENTE MOTOSSERRA 4"" COD:47853";"UN";"82082000";29.98;45;41;51.75
"19.00.00142";"2292";"DISCO P/ MADEIRA ECAST/FIT TUNGSTENIO 110mm";"UN";"68042119";16;30;27;34.5
"19.00.00196";"2839";"DISCO P/ MADEIRA SETORIAL 9""1/4 24 DENTES";"UN";"68042119";62.45;88;80.9;101.2
"19.00.00194";"2837";"DISCO P/ MADEIRA TUNGSTENIO 20MM TAFORT";"UN";"68042119";16.99;33;28.5;37.95
"19.00.00032";"1045";"DISCO PAREDE REFRATARIO 9";"UN";"68042119";4.8;12;10.8;13.2
"19.00.00125";"2177";"DISCO POLICORTE USO INTERNO 12 x 1/8 x 5/8";"UN";"68042119";16.8;30;27.6;33
"18.01.00336";"100735";"DISCO REBOLO TURBO FURO 22MM";"UN";"68042119";35.98;65;58;74.75
"14.04.00034";"100775";"DISJUNTOR DIN BIPOLAR JNG 16A";"UN";"85362000";20.25;32.5;28.5;40
"14.04.00035";"100776";"DISJUNTOR DIN BIPOLAR JNG 32A";"UN";"85362000";20.25;32;28.5;38.4
"14.04.00036";"100777";"DISJUNTOR DIN BIPOLAR JNG 40A";"UN";"85362000";20.69;34;30;40.8
"14.04.00037";"100778";"DISJUNTOR DIN BIPOLAR JNG 63A";"UN";"85362000";20.69;36;32;40
"14.04.00032";"100439";"DISJUNTOR DIN BIPOLAR WEG 20A C";"UN";"85362000";28.51;46;41.5;52.9
"14.04.00031";"100288";"DISJUNTOR DIN BIPOLAR WEG 25A C";"UN";"85362000";31.5;46;42;52.9
"14.04.00018";"3315";"DISJUNTOR DIN BIPOLAR WEG 32A C";"UN";"85362000";28.51;48;42;55.2
"14.04.00019";"3316";"DISJUNTOR DIN BIPOLAR WEG 40A C";"UN";"85362000";31.99;48.5;44.28;55.77
"14.04.00017";"2907";"DISJUNTOR DIN BIPOLAR WEG 50A C";"UN";"85362000";31.99;49;44.5;56.34
"14.04.00025";"3576";"DISJUNTOR DIN BIPOLAR WEG 63A";"UN";"85362000";30.35;53;47.5;60.94
"14.04.00023";"3571";"DISJUNTOR DIN TRIPOLAR WEG 50A";"UN";"85362000";38.9;60;55;69
"14.04.00024";"3575";"DISJUNTOR DIN TRIPOLAR WEG 63A";"UN";"85362000";44.99;69;62.8;79.35
"18.09.00045";"2083";"DISJUNTOR DIN UNIP. WEG 16A";"UN";"85362000";7.27;12.5;11;14.38
"14.04.00011";"2496";"DISJUNTOR DIN UNIP. WEG 20A";"UN";"85362000";7.27;13;11.5;14.95
"14.04.00012";"2497";"DISJUNTOR DIN UNIP. WEG 25A";"UN";"85362000";7.27;13;11.5;14.96
"14.04.00013";"2498";"DISJUNTOR DIN UNIP. WEG 32A";"UN";"85362000";7.27;13;11.7;14.95
"14.04.00014";"2499";"DISJUNTOR DIN UNIP. WEG 40A";"UN";"85362000";9.66;18;16;20.7
"14.04.00016";"2501";"DISJUNTOR DIN UNIP. WEG 50A";"UN";"85362000";9.66;18;15.5;20.71
"14.04.00015";"2500";"DISJUNTOR DIN UNIP. WEG 63A";"UN";"85362000";10.95;28;25;32.22
"14.04.00026";"100218";"DISJUNTOR DIN UNIP. WEG 80A";"UN";"85362000";71.9;105;92;120.75
"14.04.00038";"100779";"DISJUNTOR DIN UNIPOLAR JNG 16A";"UN";"85362000";5.85;10;8.75;12.5
"14.04.00039";"100780";"DISJUNTOR DIN UNIPOLAR JNG 20A";"UN";"85362000";5.85;11;9.5;14.35
"14.04.00040";"100781";"DISJUNTOR DIN UNIPOLAR JNG 25A";"UN";"85362000";5.85;11;9;13.75
"14.04.00041";"100782";"DISJUNTOR DIN UNIPOLAR JNG 32A";"UN";"85362000";5.85;11;9;15
"14.04.00042";"100783";"DISJUNTOR DIN UNIPOLAR JNG 40A";"UN";"85362000";6.21;12;10.8;14.4
"14.04.00045";"100852";"DISJUNTOR DIN UNIPOLAR JNG 50A";"UN";"85362000";6.21;12.5;11;15
"14.04.00043";"100784";"DISJUNTOR DIN UNIPOLAR JNG 63A";"UN";"85362000";6.21;13;11.5;15
"22.00.00025";"2061";"DISJUNTOR LUKMA DIN BIPOLAR 63A";"UN";"85362000";18.9;28;22.7;32.2
"14.05.00012";"572";"DISJUNTOR LUKMA DIN TRIPOLAR 32A";"UN";"85362000";27.02;40;32.7;46
"20.01.00004";"1209";"DISJUNTOR LUKMA DIN UNIPOLAR 63A";"UN";"69049000";6.2;9.3;7.5;10.73
"03.00.00026";"41";"DISJUNTOR NEMA TRIPOLAR 50A";"UN";"85362000";53.43;80;73.5;92
"14.04.00001";"495";"DISJUNTOR NEMA UNIPOLAR 10A";"UN";"85362000";7.48;20.5;18.8;23.58
"14.04.00002";"496";"DISJUNTOR NEMA UNIPOLAR 15A";"UN";"85362000";6.96;20.5;18.8;23.59
"14.04.00003";"497";"DISJUNTOR NEMA UNIPOLAR 20A";"UN";"85362000";7.91;20.5;18.8;23.58
"14.04.00004";"498";"DISJUNTOR NEMA UNIPOLAR 25A";"UN";"85362000";8.33;20.5;18.8;23.58
"14.04.00005";"499";"DISJUNTOR NEMA UNIPOLAR 30A";"UN";"85362000";7.91;20.5;18.8;23.58
"14.04.00006";"500";"DISJUNTOR NEMA UNIPOLAR 35A";"UN";"85362000";13.81;28.5;26;32.78
"14.04.00007";"501";"DISJUNTOR NEMA UNIPOLAR 40A";"UN";"85362000";27.26;42;38.5;48.31
"14.04.00008";"502";"DISJUNTOR NEMA UNIPOLAR 50A";"UN";"85362000";23.26;42;38.5;48.31
"14.04.00009";"503";"DISJUNTOR NEMA UNIPOLAR 60A";"UN";"85362000";22.31;45.5;41.8;52.33
"14.04.00010";"504";"DISJUNTOR NEMA UNIPOLAR 70A";"UN";"85362000";20.73;45.5;41.8;52.33
"22.22.00002";"100633";"DISPONIVEL";"KG";"";17;17;17;17
"14.04.00030";"100247";"DISPOSITIVO DR 4POLOS 63A 30MA";"UN";"";106.23;159;135;182.85
"20.00.00009";"1260";"DISTANCIADOR PLASTICO C 20";"UN";"39259000";0.07;0.2;0.17;0.2
"20.00.00070";"2077";"DISTANCIADOR PLASTICO CG-20";"UN";"39259000";0.09;0.2;0.18;0.2
"20.00.00071";"2078";"DISTANCIADOR PLASTICO CONE 3/4";"UN";"39259000";0.06;0.15;0.13;0.17
"20.00.00069";"2076";"DISTANCIADOR PLASTICO CP 02";"UN";"39259000";0.13;0.25;0.22;0.28
"20.00.00010";"1261";"DISTANCIADOR PLASTICO DR 15x4-8";"UN";"39259000";0.06;0.15;0.13;0.17
"20.00.00073";"2080";"DISTANCIADOR PONTEIRA DE PROTECAO 5/16 A 1";"UN";"39259000";0.51;0.9;0.8;0.99
"20.00.00022";"1292";"DIVISOR P/CABO COAXIAL 2 SAIDAS";"UN";"85369090";11.5;17.5;16;20.15
"20.00.00062";"1538";"DIVISOR P/CABO COAXIAL 3 SAIDAS";"UN";"85369090";3.86;20;17;22.97
"10.01.00001";"1262";"DOBRADICA GALVANIZADA 1 1/2";"UN";"83021000";0.82;1.7;1.5;1.95
"10.01.00002";"1263";"DOBRADICA GALVANIZADA 2";"UN";"83021000";0.88;2;1.8;2.3
"10.01.00003";"1264";"DOBRADICA GALVANIZADA 2 1/2";"UN";"83021000";1.11;2.4;2;2.75
"10.01.00007";"1268";"DOBRADICA GALVANIZADA 3";"UN";"83021000";1.44;3;2.5;3.45
"10.01.00006";"1267";"DOBRADICA GALVANIZADA 3 1/2";"UN";"83021000";1.87;5;4;5.73
"10.01.00008";"1269";"DOBRADICA GALVANIZADA 4";"UN";"83021000";3.12;6.3;5.7;7.25
"10.02.00020";"2432";"DOBRADICA P/ARTESANATO";"UN";"83021000";0.59;1.5;1.35;1.72
"10.01";"0";"DOBRADICAS";"UN";"";0;0;0;0
"20.01.00003";"1208";"DPS 20KA CLASSE II 275v EMBRASTEC";"UN";"85363090";18.9;28;25.45;32.4
"14.04.00027";"100219";"DPS MARGIRIUS 20KA 127V";"UN";"85363090";53.54;80;73.6;92
"14.04.00028";"100220";"DPS MARGIRIUS 20KA 220V";"UN";"85363090";53.54;80;73.6;92
"18.09.00103";"3599";"DPS PROTETOR CONTRA SURTO 20KA 275V";"UN";"85363090";23.53;35;32;40.25
"14.02.00016";"2188";"DUCHA FRIA 10 POLEGADAS";"UN";"85161000";88;130;115;149.5
"14.02.00013";"2088";"DUCHA FRIA 12 POLEGADAS";"UN";"85161000";95;140;125;160
"14.02.00027";"3092";"DUCHA HIGIENICA ABS CROMADA MEGA";"UN";"85161000";42.97;65;58;74.75
"14.02.00039";"3636";"DUCHA HIGIENICA EMA 1/4 DE VOLTA C-34";"UN";"85161000";65.9;97;87;106.7
"14.02.00040";"100503";"DUCHA HIGIENICA EMA C-40";"UN";"84819010";59.9;87;78;100.05
"14.02.00011";"1580";"DUCHA HIGIENICA EMA C-50";"UN";"85161000";59;87;78;100.05
"14.02.00012";"1581";"DUCHA HIGIENICA EMA C-52";"UN";"85161000";59;87;78;95.7
"14.02.00002";"472";"DUCHA HIGIENICA EMA C-53";"UN";"85161000";57.6;87;78;100.05
"14.02.00014";"2186";"DUCHA LORENZETTI ADVANCED 5.500w x 127v";"UN";"85161000";173.9;250;220;287.5
"14.02.00005";"475";"DUCHA LORENZETTI ADVANCED 7.500w x 220v";"UN";"85161000";173.9;250;215;287.5
"14.02.00018";"2190";"DUCHA LORENZETTI BELLA DUCHA 4T 127v x 5.500w";"UN";"85161000";66.98;115;95;132.25
"14.02.00031";"3152";"DUCHA LORENZETTI BELLA DUCHA 4T 220v x 6.800w";"UN";"85161000";66.98;115;98;132.25
"14.02.00032";"3207";"DUCHA LORENZETTI DUO SHOWER 127v x 5500w";"UN";"85161000";180.5;265;240;304.75
"14.02.00035";"3340";"DUCHA LORENZETTI DUO SHOWER 220v x 7500w";"UN";"85161000";180.5;265;240;304.75
"14.02.00022";"2862";"DUCHA LORENZETTI FUTURA 5500w x 127v";"UN";"85161000";130.63;200;180;230
"14.02.00038";"3548";"DUCHA LORENZETTI FUTURA 7500w x 220v";"UN";"85161000";139.1;200;180;230
"14.02.00021";"2861";"DUCHA LORENZETTI LOREN BELO 3T C/ CANO 127v";"UN";"85161000";84.3;135;115;155.25
"14.02.00033";"3215";"DUCHA LORENZETTI LOREN BELO 3T C/ CANO 220v";"UN";"85161000";94.96;135;118;155.25
"14.02.00003";"473";"DUCHA LORENZETTI LOREN SHOWER ELET. 127V x 5500w";"UN";"85161000";121.71;180;155;207
"14.02.00037";"3490";"DUCHA LORENZETTI LOREN SHOWER ELET. 220v x 7500w";"UN";"85161000";121.71;180;155;207
"14.02.00045";"100611";"DUCHA LORENZETTI LOREN SHOWER MULT. 127v x 5500w";"UN";"85161000";111.34;180;160;207
"14.02.00044";"100610";"DUCHA LORENZETTI LOREN SHOWER MULT. 220v x 7500w";"UN";"85161000";118.38;180;155;207
"14.02.00008";"1577";"DUCHA LORENZETTI MAXI DUCHA 127V x 5.500w";"UN";"85161000";64.37;95;85;109.25
"14.02.00009";"1578";"DUCHA LORENZETTI MAXI DUCHA 220V x 5.500w";"UN";"85161000";64.37;95;85;109.25
"14.02.00050";"100829";"DUCHA LORENZETTI TOP JET ELETR. 127v x 5500w";"UN";"85161000";173.92;250;220;287.5
"14.02.00051";"100830";"DUCHA LORENZETTI TOP JET ELETR. 220v x 7500w";"UN";"85161000";173.92;250;220;287.5
"14.02.00047";"100761";"DUCHA LORENZETTI TOP JET MULT. 127v x 5500w";"UN";"85161000";134.77;200;170;230
"14.02.00048";"100762";"DUCHA LORENZETTI TOP JET MULT. 220v x 7500w";"UN";"85161000";134.77;200;170;230
"14.02.00041";"100521";"DUCHA ZAGONEL FLUIR 127v x 5.500w.";"UN";"85161000";67;98;88;107.8
"14.02.00042";"100522";"DUCHA ZAGONEL FLUIR 220v x 6.800w";"UN";"85161000";67;98;88;107.8
"14.02.00023";"2863";"DUCHA ZAGONEL IDEALE 4 T 127v x 5.500w";"UN";"85161000";56;85;75;93.5
"14.02.00026";"2866";"DUCHA ZAGONEL IDEALE 4 T 220v x 6.800w";"UN";"85161000";56;85;75;93.5
"14.02.00024";"2864";"DUCHA ZAGONEL MOMENT ELETRONICA 127v x 5.500w";"UN";"85161000";115;165;150;181.5
"14.02.00025";"2865";"DUCHA ZAGONEL MOMENT ELETRONICA 220v x 7.500w";"UN";"85161000";115;165;150;181.5
"14.02.00020";"2860";"DUCHA ZAGONEL SUBLIME ELETRONICA 127v x 5.500w";"UN";"85161000";182;265;238.5;291.5
"14.02.00043";"100523";"DUCHA ZAGONEL SUBLIME ELETRONICA 220v x 5.6.800w";"UN";"85161000";182;265;238.5;291.5
"20.00.00011";"1270";"DUREPOXI 100g";"UN";"35061090";8.32;12.5;11;14.33
"20.00.00095";"2603";"DUREPOXI 50G";"UN";"35061090";4.51;7;6;8.04
"18.02.00061";"2495";"DUTO CHURRASQUEIRA";"UN";"72104990";50;70;63;77
"20.00.00109";"2842";"DUTO CHURRASQUEIRA GALVANIZADO 1mt";"UN";"72104990";82.9;120;100;138
"20.00.00088";"2523";"DUTO CHURRASQUEIRA LISO 30x25cm";"UN";"68109900";19.05;30;27;34.5
"20.00.00093";"2556";"DUTO CHURRASQUEIRA TIJOLINHO PINTADO";"UN";"68109900";27.95;45;36;51.75
"18.07.00011";"1880";"DUTO CHURRASQUEIRA TIJOLINHO SEM PINTURA";"UN";"68109900";19.64;30;27.5;34.5
"01.00.00024";"100228";"DVR NVD 16CH FULL HD 3116 IP 4K";"UN";"85219000";1848.72;1848.72;1848.72;1848.72
"14.00.00159";"100702";"EBULIDOR ALUMINIO 39CM 127V COTHERM";"UN";"851611000";45.22;65;60;70.91
"14";"0";"ELETRICOS";"UN";"";0;0;0;0
"19.00.00342";"100539";"ELETRODO VONDER 60.13 2.5mm";"UN";"83111000";0.24;0.55;0.5;0.61
"19.00.00343";"100540";"ELETRODO VONDER 60.13 3.25mm";"UN";"83111000";0.45;0.9;0.81;1.03
"14.12.00008";"1235";"ELETRODUTO BARRA 3mts 1pol.";"UN";"39172300";15.19;23;21;26.45
"14.12.00019";"3027";"ELETRODUTO BARRA 3mts. 1.1/4";"UN";"39172300";22.32;34;31;39.13
"14.12.00004";"1231";"ELETRODUTO BARRA 3mts. 2.1/2";"UN";"39172300";58.32;88;80;101.2
"18.02.00009";"824";"ELETRODUTO CORRUGADO 25MM - 50M FORTLEV";"UN";"39172300";30.49;30.49;161.1;205.85
"17.00.00094";"100252";"ELETRODUTO LUVA ROSCAVEL 1.1/4";"UN";"";2.6;4;3.4;4.6
"20.00.00207";"100802";"ELETRODUTO PVC 1POL HIDROSSOL";"UN";"39172300";14.24;23;20;25
"20.00.00206";"100801";"ELETRODUTO PVC 3/4 HIDROSSOL";"UN";"39172300";10.03;16;14;20
"17.00.00095";"100253";"ELETRODUTO PVC RIGIDO 1.1/4 3mts";"UN";"";27.76;42;35.5;48.3
"17.00.00093";"100251";"ELETRODUTO PVC RIGIDO BENGALA 1.1/4 180 GRAUS";"UN";"";77.74;115;98;132.25
"19.00.00061";"1085";"ELETRODUTO ZINCADO 3/4 x 3mts";"UN";"73063000";16.26;25;22.5;28.75
"14.00.00091";"1272";"EMENDA NIQUEL TV. COAXIAL";"UN";"85292090";0.87;2;1.8;2.3
"14.12.00021";"100245";"EMENDA PARA CONDUITE 1/2";"UN";"";0.55;1.2;1;1.38
"14.12.00020";"3454";"EMENDA PARA CONDUITE 1pol.";"UN";"39174090";1.35;2.5;2.3;2.89
"14.12.00016";"2827";"EMENDA PARA CONDUITE 3/4";"MT";"39174090";0.92;1.5;1.35;1.72
"18.00.00047";"1619";"ENGATE FLEXIVEL AMANCO 40cm";"UN";"39173300";4.03;7.5;6;8.63
"18.00.00048";"1620";"ENGATE FLEXIVEL AMANCO 50cm";"UN";"39173300";4.73;10;8;11.53
"18.00.00124";"2614";"ENGATE FLEXIVEL AMANCO 60cm";"UN";"39173300";5.46;15.5;12.5;17.88
"18.00.00045";"1617";"ENGATE FLEXIVEL CROMADO 40cm EMA";"UN";"39174090";15.15;24;21.5;27.58
"19.02.00032";"845";"ENGATE FLEXIVEL CROMADO 50cm";"UN";"83079000";6.98;14;11.2;15.4
"18.00.00002";"3190";"ENGATE FLEXIVEL DURIN 100CM";"UN";"39174090";9.81;17.5;16;19.25
"18.00.00050";"1622";"ENGATE FLEXIVEL MALHA DE ACO 40cm";"UN";"83071090";13.1;24;21.5;27.6
"19.00.00039";"1057";"ENGATE FLEXIVEL MALHA DE ACO 60cm";"UN";"83071090";15.71;29;25;33.34
"14.02.00019";"2626";"ENGATE FLEXIVEL P/ DUCHA HIGIENICA 1.20m";"UN";"40092290";20.87;32;28.5;36.81
"14.02.00049";"100810";"ENGATE FLEXIVEL P/ DUCHA HIGIENICA 1.60m";"UN";"40092290";23.22;35;31.5;42
"18.00.00168";"3188";"ENGATE FLEXIVEL PLASTILIT 40cm";"UN";"39174090";1.66;3.5;3.23;4.03
"18.00.00169";"3189";"ENGATE FLEXIVEL PLASTILIT 50cm";"UN";"39174090";1.92;4.5;4.15;5.17
"09.01.00086";"2483";"ENGATE RAPIDO CONECTOR DUPLO";"UN";"74122000";5.01;8;7.36;9.21
"09.01.00077";"2473";"ENGATE RAPIDO METAL P/MANGUEIRA 1/2";"UN";"74122000";13.1;19;17.4;21.84
"19.04.00018";"2132";"ENGATE RAPIDO PLASTICO BICO 1/2";"UN";"39174090";1.53;5;4.5;5.75
"19.04.00022";"3577";"ENGATE RAPIDO PLASTICO EMENDA 1/2";"UN";"39174090";3.18;5.5;4.8;6.32
"19.04.00015";"903";"ENGATE RAPIDO PLASTICO P/MANGUEIRA 1/2";"UN";"39174090";2.02;5.5;4.9;6.33
"20.00.00013";"1273";"ENROLADOR DE MANGUEIRA 25mts";"UN";"73259990";27;43;39;49.45
"20.00.00125";"2996";"ENROLADOR DE MANGUEIRA COM CARRINHO 30mts";"UN";"73259990";55;80;74;92
"20.00.00100";"2655";"ENROLADOR DE MANGUEIRA MEIA LUA";"UN";"73259990";16;23;20.7;25.3
"20.00.00150";"100142";"ENROLADOR DE MANGUEIRA PLASTICO HERC";"UN";"39259090";9.81;15;13.5;17.25
"20.00.00105";"2760";"ENROLADOR DE MANGUEIRA TUBOLAR 30mts";"UN";"73259990";41;62;55;71.3
"20.00.00118";"2916";"ENROLADOR DE MANGUEIRA TUBOLAR C/ENGATE 50mts BARICAR";"UN";"73259990";87.29;128;117;147.2
"20.00.00104";"2759";"ENROLADOR DE MANGUEIRA TUBOLAR MEIA LUA";"UN";"73259990";23;35;31;40.25
"20.00.00097";"2635";"ENROLADOR MANGUEIRA TUBOLAR COM CARRINHO 50mts";"UN";"73259990";117.66;175;160;201.25
"19.00.00247";"3353";"ENXADA ALPE GOIVADA 2.5 LIBRAS COM CABO";"UN";"82013000";63.23;95;86.83;109.25
"19.08.00002";"1048";"ENXADA CANAL LARGA C/CABO";"UN";"82013000";42.67;65;60;74.75
"19.00.00374";"100800";"ENXADA FAMASTIL LARGA 2.5lbs C/CABO";"UN";"82013000";31.03;50;45;57.5
"19.00.00263";"3567";"ENXADA RAMADA COM CABO 2.5lbs";"UN";"82013000";20.18;30;27.6;34.5
"19.00.00021";"919";"ENXADA SERVENTE ESTREITA 2.5lbs C/CABO";"UN";"82013000";32.6;47;43;54.05
"19.00.00212";"2985";"ENXADA TRAMONTINA LARGA C/CABO";"UN";"82013000";44.32;70;60;80.5
"19.00.00260";"3511";"ENXADA TRAMONTINA S/CABO";"UN";"82013000";26.53;45;40.5;49.5
"19.08.00004";"1051";"ENXADAO C/ CABO PARABONI";"UN";"82013000";15.8;23;21;26.45
"03.00.00030";"1281";"ENXADAO SERVENTE S/ CABO";"UN";"82019000";30.94;47;43;54.05
"19.08.00003";"1050";"ENXADAO SERVENTE/TRAMONTINA C/ CABO";"UN";"82013000";40.97;59;54;67.85
"19.08";"0";"ENXADAS";"UN";"";0;0;0;0
"09.01.00016";"181";"ESCADA ALUMINIO BANQUETA 3 DEGRAUS";"UN";"76169900";71.76;140;128;161
"19.00.00324";"100417";"ESCADA ALUMINIO DOMESTICA 3 DEGRAUS";"UN";"76169900";117.78;180;150;207
"19.00.00158";"2494";"ESCADA ALUMINIO DOMESTICA 6 DEGRAUS";"UN";"76169900";191.75;275;235;316.25
"19.00.00217";"3051";"ESCADA ALUMINIO DOMESTICA 7 DEGRAUS";"UN";"76169900";237.88;345;290;396.75
"18.10.00011";"1991";"ESCADA ALUMINIO DOMESTICA 8 DEGRAUS";"UN";"76169900";259.17;375;315;431.25
"19.00.00036";"1054";"ESCADA ALUMINIO EXTENSIVA 15 A 30 DEGRAUS";"UN";"76169900";922.8;1150;92;1322.5
"02.01.00002";"2693";"ESCADA ALUMINIO EXTENSIVA 6 A 12 DEGRAUS";"UN";"76169900";303.99;460;410;529
"02.01.00005";"100416";"ESCADA ALUMINIO EXTENSIVA 7 A 14 DEGRAUS";"UN";"76169900";437.33;635;520;730.25
"02.01.00003";"2694";"ESCADA ALUMINIO EXTENSIVA 8 A 16 DEGRAUS";"UN";"76169900";508.64;735;625;845.25
"19.00.00255";"3497";"ESCADA ALUMINIO MAESTRO DOMESTICA 7 DEGRAUS";"UN";"76169900";193.34;280;257;322
"19.00.00253";"3495";"ESCADA ALUMINIO MOR DOMESTICA 3 DEGRAUS";"UN";"76169900";85.12;140;125;161
"19.00.00254";"3496";"ESCADA ALUMINIO MOR EXTENSIVA 8 A 16 DEGRAUS";"UN";"76169900";342.67;600;540;690
"19.00.00035";"1053";"ESCADA ZINCADA EXTENSIVA 6 DEGRAUS";"UN";"73269090";211;320;285;368
"19.00.00034";"1052";"ESCADA ZINCADA EXTENSIVA 7 DEGRAUS";"UN";"73269090";213;350;300;402.5
"19.00.00231";"3263";"ESCADA ZINCADA EXTENSIVA 8 DEGRAUS";"UN";"73269090";287;440;390;506
"09.00.00092";"3604";"ESCALA DE ACO VONDER 300mm";"UN";"90172000";12.05;18;16.5;20.69
"16.01.00009";"2722";"ESCAPULA 06mm";"UN";"73181300";0.17;0.5;0.4;0.54
"16.01.00010";"2723";"ESCAPULA 08mm";"UN";"73181200";0.3;0.8;0.65;0.9
"16.01.00011";"2724";"ESCAPULA 10mm";"UN";"73181300";0.43;1;0.9;1.09
"20.00.00015";"1275";"ESCOVA DE ACO C/ CABO 3 FILEIRAS";"UN";"96039000";3;7.5;6.5;8.25
"20.00.00014";"1274";"ESCOVA DE ACO C/ CABO 4 FILEIRAS COD:7482255";"UN";"96039000";3.78;9;8;10.36
"20.00.00166";"100385";"ESCOVA DE ACO CIRCULAR FERTAK 125mm";"UN";"96035000";24.98;38;34.6;43.7
"20.00.00159";"100183";"ESCOVA DE ACO COM CABO E RASPADOR COD: 48405";"UN";"96035000";9.98;15;13.5;17.27
"20.00.00145";"3629";"ESCOVA DE ACO ROTATIVA KIT 3pcs";"UN";"96035000";18.98;30;27;33
"18.00.00185";"3541";"ESGUICHO";"UN";"84248229";3.04;4.8;4.42;5.52
"13.03.00007";"1184";"ESGUICHO 6 FUNCOES VONDER";"UN";"84834090";21.82;34;31;39.1
"18.00.00210";"100237";"ESGUICHO 7 FUNCOES FAMASTIL";"UN";"84248221";19.54;29.5;27;33.92
"18.00.00158";"3143";"ESGUICHO 7 FUNCOES PALISAD";"UN";"84248221";5.51;13.5;12;15.53
"18.00.00142";"2928";"ESGUICHO 7 FUNCOES VONDER";"UN";"84818099";25.71;38;34.5;43.71
"13.03.00040";"100824";"ESGUICHO ECOJET";"UN";"84818095";67.31;100;85;115
"13.03.00041";"100825";"ESGUICHO ECOJET MINI";"UN";"84818095";58.25;87.5;78;0
"18.00.00149";"3040";"ESGUICHO PLASTICO ENGATE RAPIDO TRAMONTINA";"UN";"84248229";3.23;7;6.2;8.03
"18.00.00177";"3339";"ESGUICHO PLASTICO GATILHO GARDEN";"UN";"79070090";7.28;12;10;13.8
"18.00.00053";"1625";"ESGUICHO PLASTICO GATILHO MACLOREN";"UN";"84248229";4.58;7;6.4;8.05
"18.00.00052";"1624";"ESGUICHO PLASTICO GATILHO PALISAD";"UN";"84248221";9.07;15;13.5;16.5
"18.00.00172";"3224";"ESGUICHO PLASTICO SIMPLES MACLOREN";"UN";"84818019";4.86;7.5;6.9;8.61
"18.00.00051";"1623";"ESGUICHO PLASTICO SIMPLES TRAMONTINA";"UN";"84248229";3.98;7;6.3;7.7
"09.02.00016";"150";"ESMALTE AUTOMOTIVO MAZALUX 3.6lts BRANCO PURO";"UN";"32081010";58.49;82;76;94.3
"09.00.00008";"134";"ESMALTE AUTOMOTIVO MAZALUX 3.6lts PRETO FOSCO";"UN";"32081010";46.64;77;70.84;88.55
"09.02.00006";"140";"ESMALTE AUTOMOTIVO MAZALUX 900ml BRANCO PURO";"UN";"32082011";30.72;49.5;45;56.92
"09.02.00013";"147";"ESMALTE LUKSCOLOR 900ml AREIA";"UN";"32081010";11.62;20;18.42;23
"09.02.00015";"149";"ESMALTE LUKSCOLOR 900ml BRANCO";"UN";"32081010";22.55;33;30;37.95
"09.02.00023";"3043";"ESMALTE LUKSCOLOR 900ml GELO";"UN";"32081010";22.55;33;30;37.95
"09.00.00042";"394";"ESMALTE LUKSCOLOR 900ml PLATINA";"UN";"32081010";13.98;15;13.77;17.25
"09.01.00018";"183";"ESMALTE LUKSCOLOR GALAO AREIA";"UN";"32081010";43.74;75;69;86.25
"09.02.00022";"2408";"ESMALTE LUKSCOLOR GALAO BRANCO";"UN";"32081010";49.45;85;78;97.75
"09.02.00021";"2272";"ESMALTE LUKSCOLOR GALAO CREME";"UN";"32081010";43.74;75;69;86.25
"09.01.00074";"2470";"ESMALTE LUKSCOLOR GALAO GELO";"UN";"32081010";69.35;100;92;115.01
"09.01.00078";"2474";"ESMALTE LUKSCOLOR GALAO PLATINA";"UN";"32081010";48.97;75;69;86.25
"09.02.00008";"142";"ESMALTE SINTETICO MAZA 3.6lt BRANCO";"UN";"32081010";88.26;140;115;161
"09.02.00014";"148";"ESMALTE SINTETICO MAZA 3.6lt GELO";"UN";"32081010";88.26;140;120;161
"09.02.00019";"2242";"ESMALTE SINTETICO MAZA 3.6lt MARFIN";"UN";"32081010";36.06;70;64.17;80.5
"09.01.00076";"2472";"ESMALTE SINTETICO MAZA 3.6lt PLATINA";"UN";"32081010";37.56;70;64.04;80.5
"09.02.00007";"141";"ESMALTE SINTETICO MAZA 900ml BRANCO";"UN";"32081010";25.78;40;35;46.01
"09.02.00010";"144";"ESMALTE SINTETICO MAZA 900ml GELO";"UN";"32081010";21.16;40;35;46.01
"19.07.00007";"1034";"ESMALTE SINTETICO MAZA 900ml MARFIM";"UN";"32081010";10.97;21;19;24.15
"09.02.00012";"146";"ESMALTE SINTETICO MAZA 900ml PLATINA";"UN";"32081010";12.46;21;19;24.15
"12.00.00021";"2982";"ESMERILHADEIRA DEWALT 4.1/2 DWE4020 800w 127v";"UN";"84672999";355.55;500;440;575
"12.00.00017";"2301";"ESMERILHADEIRA DEWALT 7pol. DWE491-BR 2.200w. x 127v.";"UN";"84672999";574.98;870;780;1000.5
"12.00.00018";"2625";"ESMERILHADEIRA DEWALT 9pol. DWE490-BR 2.200w. x 127v.";"UN";"84672999";574.98;870;800;1000.5
"12.00.00024";"3426";"ESMERILHADEIRA MAKITA AZUL GA 4530 127v x 720w";"UN";"84672999";333.25;490;400;563.5
"13.05.00019";"2086";"ESMERILHADEIRA MAKITA CINZA M 0901 127v x 600w";"UN";"84672999";162.49;399;367;458.85
"12.00.00022";"3424";"ESMERILHADEIRA MAKITA CINZA M 0920 110v x 1800w";"UN";"84672999";642.29;930;850;1069.5
"12.00.00023";"3425";"ESMERILHADEIRA MAKITA M 9510 PRO 127v x 850w";"UN";"84672999";299.33;450;400;517.5
"12.00.00020";"2886";"ESMERILHADEIRA SKILL 4.1/2 700w 127v";"UN";"84672999";263.28;388;350;446.2
"20.00.00117";"2901";"ESPACADOR JUNTAPISO CORTAG 1.5mm";"UN";"39269090";3.02;6;5.4;6.91
"20.00.00090";"2540";"ESPACADOR JUNTAPISO CORTAG 1mm";"UN";"39269090";3.02;6;5.4;6.91
"20.00.00016";"1276";"ESPACADOR JUNTAPISO CORTAG 2mm";"UN";"39269090";3.02;6;5.4;6.6
"20.00.00017";"1277";"ESPACADOR JUNTAPISO CORTAG 3mm";"UN";"39269090";3.02;6;5.4;6.6
"20.00.00018";"1278";"ESPACADOR JUNTAPISO CORTAG 4mm";"UN";"39269090";3.02;6;5.4;6.91
"20.00.00019";"1279";"ESPACADOR JUNTAPISO CORTAG 5mm";"UN";"39269090";3.02;6;5.4;6.91
"20.00.00020";"1280";"ESPACADOR JUNTAPISO CORTAG 8mm";"UN";"39259090";1.98;5.5;5;6.33
"20.00.00119";"2940";"ESPACADOR NIVELADOR CORTAG C/50un 1.0mm";"PCT";"39259090";12.77;22.5;20;25.89
"20.00.00120";"2941";"ESPACADOR NIVELADOR CORTAG C/50un 1.5mm";"PCT";"39259090";12.77;22.5;20;25.88
"20.00.00132";"3191";"ESPACADOR NIVELADOR CORTAG C/50un 2.0mm";"PCT";"39259090";13.33;22.5;18;24.75
"20.00.00158";"100177";"ESPACADOR NIVELADOR CORTAG C/50un 3.0mm";"UN";"39259090";12.77;22.5;20;25.88
"20.00.00131";"3161";"ESPACADOR NIVELADOR CORTAG CX C/500un 1.0mm";"UN";"39259090";75.99;125;110;145
"20.00.00123";"2945";"ESPACADOR NIVELADOR CORTAG CX C/500un 1.5mm";"UN";"39259090";75.99;125;110;145
"20.00.00148";"100028";"ESPACADOR NIVELADOR CORTAG CX C/500un 2.0mm";"UN";"39259090";98.69;125;120;145
"20.00.00164";"100265";"ESPACADOR NIVELADOR CORTAG CX C/500un 3.0mm";"UN";"39259090";98.69;125;120;145
"20.00.00122";"2944";"ESPACADOR NIVELADOR VONDER 1.5mm C/100un";"PCT";"39259090";13.38;20;18;22
"20.03.00019";"3017";"ESPACADOR NIVELADOR VONDER 1mm C/100un";"PCT";"39259090";14.43;23;21;26.46
"20.03.00020";"3047";"ESPACADOR NIVELADOR VONDER 2mm C/100un";"UN";"39259090";9.45;20;18;22
"16.04.00002";"458";"ESPACADOR TIJOLO DE VIDRO";"UN";"39269090";0.78;1.2;1.1;1.38
"19.00.00181";"2780";"ESPANADOR NYLON 41cm";"UN";"96039000";9.41;15;13.5;16.5
"20.03.00025";"3428";"ESPATULA ACO REFORCADO 100mm ATLAS";"UN";"82055900";10.6;16.5;15;18.98
"20.03.00029";"3597";"ESPATULA ACO REFORCADO 120mm ATLAS";"UN";"82055900";12.85;19.5;18;22.42
"20.03.00016";"2803";"ESPATULA ACO REFORCADO 60mm ATLAS";"UN";"82055900";9.4;14.5;13;16.69
"20.03.00024";"3427";"ESPATULA ACO REFORCADO 80mm ATLAS";"UN";"82055900";9.69;16;14.4;18.4
"19.00.00332";"100470";"ESPATULA DE EVA 12x10cm";"UN";"40021911";2.19;4;3.5;4.6
"09.03.00002";"153";"ESPATULA INOX TITANIUM 2.5pol";"UN";"82055900";3.83;6.5;6;7.47
"20.03.00011";"1255";"ESPATULA INOX TITANIUM 3.0pol";"UN";"82055900";4.08;7;6.4;8.05
"09.03.00001";"152";"ESPATULA PACETTA 04cm";"UN";"82055900";7.63;15;13.8;16.5
"09.03.00007";"158";"ESPATULA PACETTA 06cm";"UN";"82055900";8.35;17;15.5;18.7
"09.03.00014";"2466";"ESPATULA PACETTA 08cm";"UN";"82055900";16.25;25;23;28.74
"09.03.00005";"156";"ESPATULA PACETTA 10cm";"UN";"82055900";17.63;26.5;24.35;30.48
"09.03.00015";"2467";"ESPATULA PACETTA 12cm";"UN";"82055900";13.97;29;26.5;33.35
"09.03";"0";"ESPATULAS";"UN";"82055900";0;0;0;0
"17.00.00072";"3231";"ESPELHEIRA ALECRIM 50 PRETA";"UN";"94036000";67.04;94;86;108.1
"17.00.00082";"3322";"ESPELHEIRA COZIMAX ACO ROMA";"UN";"94032000";161.5;240;220;276
"18.02.00042";"1598";"ESPELHEIRA COZIMAX GARDENIA 60";"UN";"94036000";179.23;260;220;299
"18.02.00044";"1600";"ESPELHEIRA COZIMAX GARDENIA 80";"UN";"94036000";225.68;315;289.8;362.25
"17.00.00025";"2572";"ESPELHEIRA COZIMAX GERANIO 60 BRANCO";"UN";"94036000";178.26;250;230;287.5
"17.00.00032";"2703";"ESPELHEIRA COZIMAX GERANIO 60 PRETO";"UN";"94036000";178.26;250;220;287.5
"17.00.00034";"2705";"ESPELHEIRA COZIMAX JASMIM ACQUA";"UN";"94036000";171.1;190;190;218.5
"17.00.00033";"2704";"ESPELHEIRA COZIMAX JASMIM BISCUIT";"UN";"94036000";171.1;190;190;218.5
"17.00.00023";"2565";"ESPELHEIRA COZIMAX JASMIM BRANCA";"UN";"94036000";171.1;190;170;218.5
"17.00.00024";"2571";"ESPELHEIRA COZIMAX JASMIM PRETA";"UN";"94036000";171.1;190;190;218.5
"17.00.00078";"3311";"ESPELHEIRA COZIMAX MOARA 0.60 BRANCO";"UN";"94036000";85.8;135;124;155.25
"17.00.00080";"3313";"ESPELHEIRA COZIMAX MOARA 0.60 DAKOTA";"UN";"94036000";58.67;135;124;155.25
"17.00.00087";"3415";"ESPELHEIRA COZIMAX MOARA 0.60 PRETO";"UN";"94036000";58.67;135;124;155.25
"17.00.00079";"3312";"ESPELHEIRA COZIMAX MOARA 0.60 TAMARINDO";"UN";"94036000";63.6;135;124;155.25
"17.00.00029";"2700";"ESPELHEIRA COZIMAX ORQUIDEA 60 BISCUIT";"UN";"94036000";107.01;190;160;218.5
"17.00.00018";"2309";"ESPELHEIRA COZIMAX ORQUIDEA 60 BRANCA";"UN";"94036000";108.53;190;160;218.5
"17.00.00047";"2727";"ESPELHEIRA COZIMAX ORQUIDEA 60 LARNACA";"UN";"94036000";107.01;190;140;218.5
"17.00.00027";"2698";"ESPELHEIRA COZIMAX ORQUIDEA 60 PRETA";"UN";"94036000";108.75;190;160;218.5
"17.00.00028";"2699";"ESPELHEIRA COZIMAX ORQUIDEA 60 TAMARINDO";"UN";"94036000";118.1;190;160;218.5
"17.00.00031";"2702";"ESPELHEIRA COZIMAX ORQUIDEA 80 ACQUA";"UN";"94036000";155.7;250;220;287.5
"17.00.00022";"2539";"ESPELHEIRA COZIMAX ORQUIDEA 80 BISCUIT";"UN";"94036000";155.7;250;220;287.5
"17.00.00026";"2604";"ESPELHEIRA COZIMAX ORQUIDEA 80 BRANCA";"UN";"94036000";155.7;250;220;287.5
"17.00.00048";"2728";"ESPELHEIRA COZIMAX ORQUIDEA 80 LARNACA";"UN";"94036000";155.7;250;220;287.5
"17.00.00030";"2701";"ESPELHEIRA COZIMAX ORQUIDEA 80 PRETA";"UN";"94036000";155.7;250;200;287.5
"17.00.00056";"2739";"ESPELHEIRA FIMAP BLAZE 0.65 BCO/PTO";"UN";"94036000";107.81;169;140;182.52
"18.06.10019";"100556";"ESPELHO P/TORNEIRA";"UN";"";3.4;5;4.6;5.75
"09.01.00094";"2854";"ESPETO GIRATORIO CARROCEL LIDER BIV.";"UN";"73218100";140;210;190;241.5
"09.01.00122";"100300";"ESPETO GIRATORIO SIMPLES LIDER BIV.";"UN";"73218100";115;173;158;198.95
"20.00.00185";"100649";"ESPONJA ABRASIVA NORTON VERDE C/2un.";"UN";"68053090";7.54;12.5;11;14.36
"20.00.00184";"100648";"ESPONJA ABRASIVA SCOTCH BRITE MEDIA";"UN";"68053090";1.79;2.7;2.45;3.11
"18.00.00021";"855";"ESPU";"UN";"39211300";1.96;3.5;2.63;3.85
"18.00.00189";"3649";"ESPUDE AJUSTAVEL BLUKIT";"UN";"39174090";14.83;22;20;25.3
"18.00.00190";"3655";"ESPUDE AMANCO P/ VASO SANITARIO";"UN";"40169300";4.34;7.3;6.7;8.4
"18.00.00234";"100575";"ESPUDE ASTRA P/ VASO SANITARIO";"UN";"39174090";5.09;7.9;7.2;9.09
"18.00.00022";"856";"ESPUDE PLASTILIT P/ VASO SANITARIO";"UN";"39174090";3.83;6.5;5.6;7.52
"14.00.00032";"455";"ESPUMA EXPANSIVA DE POLIURETANO BELTOOLS 500ml/320gr";"UN";"39095019";11.39;19;17;21.85
"20.00.00079";"2377";"ESPUMA EXPANSIVA DE POLIURETANO BELTOOLS 750ml/712gr";"UN";"39095019";25.12;50;46;57.5
"20.00.00075";"2232";"ESPUMA EXPANSIVA DE POLIURETANO NOVE54 500ml/340gr";"UN";"39095019";17.85;27;24.4;31.05
"14.00.00147";"100356";"ESPUMA EXPANSIVA DE POLIURETANO QUARTZOLIT 500ml/340gr";"UN";"39095019";20.32;30;27.5;34.5
"14.00.00137";"3216";"ESPUMA EXPANSIVA DE POLIURETANO TEK BOND 500ml/320gr";"UN";"39095019";12.39;23.5;21;27.02
"19.09.00004";"1061";"ESQUADRO ACO 600mm VONDER";"UN";"90172000";60.19;100;90;115
"19.09.00002";"1059";"ESQUADRO ALUMINIO MTX 12pol. 30cm.";"UN";"90172000";22.4;36.5;32.9;41.97
"19.09.00001";"1058";"ESQUADRO ALUMINIO MTX 14pol. 35cm. COD 324739";"UN";"90172000";31.85;50;45;55
"19.08.00005";"100580";"ESQUADRO SPARTA CABO METALICO 30cm.";"UN";"90172000";8.17;13.5;12.3;15.52
"19.09.00007";"2771";"ESQUADRO SPARTA CABO METALICO 35cm.";"UN";"90172000";8.49;14;12.6;16.11
"19.09.00009";"3022";"ESQUADRO VONDER CABO METALICO 30cm";"UN";"90172000";19.93;29;26.7;33.35
"19.09.00005";"1062";"ESQUADRO VONDER CABO METALICO 35cm";"UN";"90172000";40.46;60;55;69
"19.05.00094";"100106";"ESTANHO EM FIO 25gr FOXLUX";"UN";"80012000";9.31;14;12.8;16.1
"19.05.00117";"100585";"ESTANHO EM FIO CARRETEL 500gr.";"UN";"";120;156;143;179.4
"19.00.00040";"1064";"ESTILETE 18mm";"UN";"82119390";2.14;3.7;3.4;4.25
"19.00.00179";"2746";"ESTILETE IRWIN 18MM";"UN";"82119390";5.96;10;9;11.51
"19.00.00335";"100510";"ESTILETE MTX DUPLA FIXACAO 18mm";"UN";"82119390";12.77;19;17.4;21.85
"19.00.00041";"1065";"ESTILETE NOVE54 9mm";"UN";"82119390";2.49;4;3.6;4.61
"19.06.00003";"1020";"ESTILETE NOVE54 18mm";"UN";"82119390";3.71;6;5.4;6.91
"19.00.00333";"100493";"ESTILETE VONDER CORPO METALICO 09mm";"UN";"82119390";5.47;9.5;7.5;10.93
"09.01.00047";"212";"ESTOPA BRANCA 150gr";"UN";"52021000";2.27;5;4;5.77
"20.00.00077";"2351";"ESTOPA COTLIN 200gr";"UN";"52021000";1.94;2.9;2.65;3.33
"19.00.00110";"1383";"ESTRAVASORA 3/4 E 1";"UN";"";2.2;3.5;3.15;3.85
"04.01";"0";"ESTRIBOS";"UN";"";0;0;0;0
"04.01.00002";"1286";"ESTRIBOS 4.2mm 06x15cm";"UN";"72131000";0.45;1.2;0.72;1.46
"04.01.00001";"1285";"ESTRIBOS 4.2mm 15x15cm";"UN";"72142000";0.59;1.5;1.2;1.67
"04.01.00003";"1287";"ESTRIBOS 4.2mm 15x25cm";"UN";"72131000";0.79;1.8;1.44;1.97
"04.01.00007";"2303";"ESTRIBOS 5.0mm 15x25cm";"UN";"72142000";0.93;1.65;1.32;3.44
"04.01.00009";"3344";"ESTRIBOS 5.0mm 15x35cm";"UN";"72131000";1.6;2.5;2.25;2.87
"04.01.00004";"1288";"ESTRIBOS 5.0mm 15x35cm";"UN";"72131000";1.5;2.6;2.34;2.75
"04.01.00005";"1289";"ESTRIBOS 5.0mm 15x45cm";"UN";"72131000";1.35;2.3;1.49;2.75
"04.01.00006";"1290";"ESTRIBOS CIRCULAR 4.2mm 16cm";"UN";"72142000";0.76;1.5;1.2;1.75
"04.01.00008";"3293";"ESTRIBOS CIRCULAR 5.0mm 22cm";"UN";"72142000";1.44;2.4;1.92;2.76
"01.00.00017";"100079";"ETIQUETA AMARELA FERRAGEM ( BRICE )- ROBERTO";"UN";"";1;1.01;1;1
"14.00.00164";"100790";"EXTENSAO 3TOM - 05mts CABO PP ILUMI";"UN";"85444200";29.07;50;43;55.56
"14.00.00160";"100711";"EXTENSAO 3TOM - 4.5MTS CABO PP ILUMI";"UN";"85444200";23.92;48;40;55.2
"14.00.00037";"516";"EXTENSAO ELETRICA 03mt ILUMI";"UN";"85444200";17.5;25;22.5;27.5
"14.00.00038";"517";"EXTENSAO ELETRICA 05mt ILUMI";"UN";"85444200";21.99;35;31.5;38.5
"14.00.00039";"518";"EXTENSAO ELETRICA 10mt";"UN";"85444200";33.9;50;45.7;57.5
"14.00.00162";"100788";"EXTENSAO ELETRICA 3TOM-05mts BRANCA INTELBRAS";"UN";"85444200";24.43;40;35;45
"14.00.00163";"100789";"EXTENSAO ELETRICA 3TOM-05mts PRETA INTELBRAS";"UN";"85444200";24.43;40;35;44
"18.04.00001";"1626";"EXTENSAO P/ TORNEIRA CROMADA 1/2 CURTA";"UN";"74122000";6.83;13;11.5;14.98
"18.04.00003";"1628";"EXTENSAO P/ TORNEIRA CROMADA 1/2 LONGA";"UN";"74122000";11.5;19;17;21.87
"18.04.00002";"1627";"EXTENSAO P/ TORNEIRA CROMADA 1/2 MEDIA";"UN";"79070090";7.72;13.5;12;15.52
"18.04.00004";"1629";"EXTENSAO P/ TORNEIRA CROMADA 3/4 CURTA";"UN";"74122000";8.61;17;15;19.55
"18.04.00006";"1631";"EXTENSAO P/ TORNEIRA CROMADA 3/4 LONGA";"UN";"74122000";12.34;22;20;25.31
"18.04.00005";"1630";"EXTENSAO P/ TORNEIRA CROMADA 3/4 MEDIA";"UN";"74122000";11.5;19.5;17.9;22.44
"18.04";"0";"EXTENSOES";"UN";"";0;0;0;0
"19.00.00211";"2974";"EXTENSOR P/ PERFURADOR FUZIL 3/4 x 1mt";"UN";"82014000";29.48;70;64;80.5
"19.00.00042";"1066";"EXTENSOR P/ PERFURADOR SATO 3/4x75cm";"UN";"82013000";17.01;50;45.83;57.5
"19.00.00313";"100357";"FACA ARTESANAL 7pol. 6 FUROS REF:";"UN";"82019000";69.9;110;100;126.5
"19.00.00312";"100355";"FACA ARTESANAL PRETA 7pol. REF:SQ-4186 47933";"UN";"82019000";69.98;105;95;120.75
"19.00.00314";"100369";"FACA ESPORTIVA C/ANEL 49618";"UN";"82019000";59.98;90;82;103.5
"19.00.00352";"100614";"FACA ESPORTIVA C/BUSSOLA 49217";"UN";"82019000";49;75;69;86.25
"19.00.00353";"100615";"FACA ESPORTIVA RAMBO 32765";"UN";"82019000";49;75;69;86.25
"19.00.00355";"100617";"FACA INOX PROFISSIONAL 8pol. REF: SQ-4566 49755";"UN";"82019000";22.98;38;34.5;43.7
"19.00.00310";"100353";"FACAO ESPORTIVO 15pol.REF. SQ2285";"UN";"82019000";69.98;110;100;126.5
"19.00.00107";"1291";"FACAO TRAMONTINA 14";"UN";"82014000";16.33;28;25;32.2
"19.00.00261";"3512";"FACAO TRAMONTINA 18";"UN";"82019000";20.23;35;31;40.25
"09.01.00116";"3620";"FACH PROT LARANJA SUVINIL 16L";"UN";"32091010";741.83;980;882;1050
"09.00.00017";"239";"FAIXA DECORATIVA GF 33cm";"UN";"69089000";2.63;7;6.36;8.03
"19.02.00034";"849";"FAIXA DECORATIVA GLD 35cm";"UN";"69089000";5.4;8.2;7.53;9.44
"19.02.00045";"866";"FAIXA DECORATIVA GLR 35cm";"UN";"69089000";5.6;8.8;8.13;10.11
"09.01.00075";"2471";"FAIXA DECORATIVA HDL 35cm";"UN";"69089000";3.96;8.5;7.72;9.79
"19.02.00063";"2969";"FAIXA DECORATIVA HDLR 35cm";"UN";"69089000";5.6;8.8;8.06;10.1
"10.00.00023";"298";"FECHAD.AROUCA ABITARE 2000/100 INT";"UN";"83014000";19.31;28;25.5;30.8
"10.00.00016";"291";"FECHAD.AROUCA ABITARE 2010/100-Z EXT";"UN";"83014000";26.68;38;34.8;41.8
"10.00.00045";"2344";"FECHAD.AROUCA ABITARE 2025/100 BANH";"UN";"83014000";19.31;28;25.5;30.8
"10.00.00005";"280";"FECHAD.AROUCA FLYZ 108410/40-Z-ZC EXT";"UN";"83014000";49.66;70;64;77
"10.00.00002";"277";"FECHAD.AROUCA FLYZ 408410/40-ZC INT";"UN";"83014000";44.08;62;57;68.2
"10.00.00018";"293";"FECHAD.AROUCA FLYZ 508410/40-ZC BANH";"UN";"83014000";44.08;62;57;68.2
"10.00.00022";"297";"FECHAD.AROUCA PERFIL ESTREITO 120940-Z EXT";"UN";"83014000";27.22;39;35.5;42.9
"10.00.00003";"278";"FECHAD.AROUCA PERFIL ESTREITO 130940-Z EXT";"UN";"83014000";35.49;50;46;55
"10.00.00021";"296";"FECHAD.AROUCA PORTA DE CORRER 6925-Z";"UN";"83014000";20.41;29;26.5;31.9
"10.00.00039";"2338";"FECHAD.AROUCA QUADRADA 408044/40-ZC INT";"UN";"83014000";47.64;67;61.5;73.7
"10.00.00046";"2345";"FECHAD.AROUCA QUADRADA 508044/40-ZC BANH";"UN";"83014000";47.64;67;61.5;73.7
"10.00.00017";"292";"FECHADURA AROUCA CHALLENGER 4098544/55 INTERNA";"UN";"83014000";136.55;185;185;212.75
"14.00.00105";"2484";"FECHADURA ELETRICA C-90 HDL 12V";"UN";"83014000";224.41;325;295;373.75
"10.00.00029";"2328";"FECHADURA ELETRICA INTELBRAS FX 1500";"UN";"83014000";152.9;230;208;264.5
"10.00.00054";"3592";"FECHADURA ELETRICA INTELBRAS FX 500";"UN";"83014000";118.33;177;162;203.55
"10.00.00053";"3395";"FECHADURA STAM 1001 INOX";"UN";"83014000";46.13;71.5;64;82.22
"10.00.00051";"3393";"FECHADURA STAM 1001 PAR INOX";"UN";"83014000";78.16;120;105;138
"10.00.00031";"2330";"FECHADURA STAM 1003";"UN";"83014000";27.57;63;57.5;72.45
"10.00.00059";"100811";"FECHADURA STAM 1801/21 ANTIQUE E-COAT (G)";"UN";"83014000";79.4;120;100;138
"10.00.00042";"2341";"FECHADURA STAM 1801/21 INOX (G)";"UN";"83014000";70.05;110;97;126.5
"10.00.00060";"100812";"FECHADURA STAM 1810/21 ANTIQUE E-COAT";"UN";"83014000";70.72;110;97;126.5
"10.00.00061";"100813";"FECHADURA STAM 1810/21 INOX";"UN";"83014000";56.35;90;79;100
"10.00.00011";"286";"FECHADURA STAM 1820/21 ANTIQUE E-COAT";"UN";"83014000";70.72;110;97;126.5
"10.00.00049";"3391";"FECHADURA STAM 1820/21 INOX";"UN";"83014000";56.35;90;79;103.5
"10.00.00026";"301";"FECHADURA STAM 501/33 INOX (G)";"UN";"83014000";45.77;70;61.5;80.5
"10.00.00024";"299";"FECHADURA STAM 803/33 INOX (G)";"UN";"83014000";45.25;70;62;80.5
"10.00.00062";"100814";"FECHADURA STAM 803/35 RQ1 INOX (G)";"UN";"83014000";69.05;108;95;115
"10.00.00065";"100817";"FECHADURA STAM 803/35 RQ1 PRETO FOSCO (G)";"UN";"83014000";64.59;100;90;110
"10.00.00063";"100815";"FECHADURA STAM 813/35 RQ1 INOX";"UN";"83014000";58.8;92;83;100
"10.00.00066";"100818";"FECHADURA STAM 813/35 RQ1 PRETO FOSCO";"UN";"83014000";54.46;85;75;97.75
"10.00.00025";"300";"FECHADURA STAM 823/33 INOX";"UN";"83014000";34.31;55;48.5;63.25
"10.00.00064";"100816";"FECHADURA STAM 823/35 RQ1 INOX";"UN";"83014000";58.8;92;80;105.8
"10.00.00067";"100819";"FECHADURA STAM 823/35 RQ1 PRETO FOSCO";"UN";"83014000";54.46;85;75;93.5
"10.00.00068";"100820";"FECHADURA STAM 940 INOX (G)";"UN";"83014000";31.93;50;44;57.5
"10.00.00052";"3394";"FECHADURA STAM AUXILIAR 1001 ANTIQUE";"UN";"83014000";49.56;73;66.5;83.95
"10.00.00050";"3392";"FECHADURA STAM AUXILIAR PAR 1001 ANTIQUE";"UN";"83014000";96.97;145;132;166.75
"10.00.00043";"2342";"FECHADURA STAM BANHEIRO 1820/09";"UN";"83014000";58.83;88;80;101.2
"10.00.00027";"2326";"FECHADURA STAM EXTERNA 1801/09";"UN";"83014000";71.03;105;95;120.75
"10.00.00047";"2541";"FECHADURA STAM EXTERNA 601-602/03 20mm";"UN";"83014000";45.4;67;61;77.05
"10.00.00010";"285";"FECHADURA STAM EXTERNA 803/09";"UN";"83014000";44.01;80;73;92
"10.00.00009";"284";"FECHADURA STAM EXTERNA 803/09 ROSETA";"UN";"83014000";38.01;57;52.4;65.55
"10.00.00008";"283";"FECHADURA STAM EXTERNA 803/21";"UN";"83014000";52.98;78;71;89.7
"10.00.00044";"2343";"FECHADURA STAM PORTA DE CORRER 901";"UN";"83014000";20.13;39;35.5;44.85
"10.00.00030";"2329";"FECHADURA STAM PORTA DE CORRER 940";"UN";"83014000";32.27;48;43;55.2
"10.00.00028";"2327";"FECHADURA STAM SOBREPOR 701/100";"UN";"83014000";49.45;73;67;83.95
"10";"0";"FECHADURAS";"UN";"";0;0;0;0
"10.02.00015";"2427";"FECHO REDONDO 4pol.";"UN";"83014000";3.34;10;9;11.5
"04.00.00004";"49";"FERRAGEM 06 x 16 4F1/4";"MT";"72142000";9;14.5;11.6;15.95
"04.00.00025";"70";"FERRAGEM 06 x 16 4F3/8";"MT";"72142000";16.3;26;20.8;28.6
"04.00.00024";"69";"FERRAGEM 06 x 16 4F5/16";"MT";"72142000";11.7;18.5;14.8;20.35
"04.00.00026";"71";"FERRAGEM 12 x 12 4F5/16";"MT";"72142000";11.9;19;15.2;20.9
"04.00.00031";"2147";"FERRAGEM 15 x 15 4F1/2";"MT";"72142000";23.35;37;29.6;47.3
"04.00.00008";"53";"FERRAGEM 15 x 15 4F1/4";"MT";"72142000";9.5;15.5;12.4;17.05
"04.00.00009";"54";"FERRAGEM 15 x 15 4F3/8";"MT";"72142000";16.9;26;20.8;29.41
"04.00.00006";"51";"FERRAGEM 15 x 15 4F5/16";"MT";"72142000";12.3;19.5;15.5;26
"04.00.00016";"61";"FERRAGEM 15 x 25 2F5/16 + 2F3/8";"MT";"72142000";14.8;23;18.4;25.64
"04.00.00011";"56";"FERRAGEM 15 x 25 4F1/2";"MT";"72142000";24;37;29.6;40.7
"04.00.00020";"65";"FERRAGEM 15 x 25 4F1/2 + 2F3/8";"MT";"72142000";31.5;49;39.17;63.8
"04.00.00007";"52";"FERRAGEM 15 x 25 4F3/8";"MT";"72142000";17.6;27.5;22;35.84
"04.00.00030";"2146";"FERRAGEM 15 x 25 4F5/16";"MT";"72142000";13.1;20;15.61;50
"04.00.00015";"60";"FERRAGEM 15 x 25 5F1/2";"MT";"72142000";29.5;47;37.6;51.7
"04.00.00013";"58";"FERRAGEM 15 x 25 5F3/8";"MT";"72142000";21;32.5;26;37.01
"04.00.00032";"2749";"FERRAGEM 15 x 25 5F5/16";"UN";"72142000";16.7;26;20;31.2
"04.00.00017";"62";"FERRAGEM 15 x 25 6F1/2";"MT";"72142000";34.5;55;44;63.46
"04.00.00010";"55";"FERRAGEM 15 x 25 6F3/8";"MT";"72142000";24.4;38;34;43
"04.00.00005";"50";"FERRAGEM 15 x 25 6F5/16";"MT";"72142000";17.6;27.5;22;30.25
"04.00.00033";"2906";"FERRAGEM 20 x 20 4F3/8";"MT";"72142000";17.6;27.5;22;31.65
"04.00.00029";"74";"FERRAGEM ARMADA KG";"KG";"72142000";6;10;8;11.11
"04.00.00028";"73";"FERRAGEM CIRCULAR 3F5/16";"MT";"72142000";10.9;17;13.6;21.32
"04.00.00034";"3404";"FERRAGEM CIRCULAR 4F5/16";"UN";"72142000";13.5;21;16.8;25.33
"20.00.00041";"1435";"FERRAGEM TRIANGULAR 3F1/4";"MT";"72142000";9;14.5;11.6;16.2
"04.00.00027";"72";"FERRAGEM TRIANGULAR 3F5/16";"MT";"72142000";10.9;17;13.6;19.8
"19";"0";"FERRAMENTAS";"UN";"";0;0;0;0
"19.05.00115";"100488";"FERRO DE SOLDAR CHIAPERINI 25w X 220V";"UN";"85151100";1;30;27;34.5
"19.05.00120";"100803";"FERRO DE SOLDAR FOXLUX 40W 127V";"UN";"85151100";30.78;50;44;55
"19.05.00095";"100108";"FERRO DE SOLDAR WELLER 40w X 127V";"UN";"85151100";47.67;70;63;77
"10.02.00016";"2428";"FERROL.RED. 3";"UN";"83014000";1.91;3;2.76;3.45
"10.02.00017";"2429";"FERROL.SILVANA";"UN";"83014000";2.74;5.5;5.05;6.32
"10.02.00009";"2421";"FERROLHO CHATO 3pol";"UN";"83014000";4.63;8.5;7.5;9.78
"10.02.00010";"2422";"FERROLHO CHATO 4pol";"UN";"83014000";5.23;12;10.68;13.81
"06";"0";"FERROS";"UN";"";0;0;0;0
"20.00.00177";"100587";"FILME STRETCH 4kg.";"UN";"39201099";60.19;90;82.8;103.5
"14.00.00043";"523";"FILTRO";"UN";"85363000";14.1;19;17.01;20.99
"01.01.00126";"100655";"FILTRO DE CAFE UTAM 103";"UN";"63079010";4.1;4.1;4.1;4.1
"14.08.00030";"100804";"FILTRO DE LINHA 5 TOM BRANCO ILUMI";"UN";"85364900";20.79;34;30;38
"14.08.00031";"100805";"FILTRO DE LINHA 5 TOM PRETO ILUMI";"UN";"85364900";20.79;34;30;38
"14.00.00041";"520";"FILTRO DE LINHA FIOLUX 5 TOM.";"UN";"85444200";20.99;34;30;40
"14.08.00021";"3159";"FILTRO DE LINHA INTELBRAS 5 TOM.";"UN";"85444200";35.51;55;50;63.25
"14.11.00001";"722";"FILTRO DE LINHA INTELBRAS 6 TOM.";"UN";"85444200";38.94;58;53;66.7
"14.00.00027";"450";"FILTRO ENTRADA CAIXA DAGUA DURIN 3/4";"UN";"84212100";107.4;160;145;184
"18.00.00054";"1632";"FILTRO SANCHEZ P/ TORNEIRA COMPLETO";"UN";"84818011";35.9;55;0;63.25
"05.00.00007";"1177";"FIO BICOLOR P/ SOM 2 x 0.75mm";"UN";"85441100";1.1;2.75;2.4;3.18
"14.01.00025";"524";"FIO BICOLOR P/ SOM 2 x 1.5mm";"MT";"85441100";2.04;4.85;4;5.53
"14.01.00026";"526";"FIO P/ TELEFONE DROPS";"MT";"85444900";0.53;1.8;1.65;2.06
"14.01.00050";"552";"FIO P/ TELEFONE DUPLO CINZA";"MT";"85444900";0.18;0.7;0.64;0.8
"14.01.00027";"528";"FIO SOLIDO SIL 01.5mm- AMARELO";"MT";"85444900";0.47;1.9;1.6;2.1
"14.01.00028";"529";"FIO SOLIDO SIL 01.5mm- AZUL";"MT";"85444900";0.47;1.9;1.6;2.1
"14.01.00030";"531";"FIO SOLIDO SIL 01.5mm- PRETO";"MT";"85444900";0.47;1.9;1.6;2.1
"14.01.00031";"533";"FIO SOLIDO SIL 01.5mm- VERDE";"MT";"85444900";0.47;1.9;1.6;2.1
"14.01.00034";"536";"FIO SOLIDO SIL 02.5mm- AMARELO";"MT";"85444900";0.74;2.95;2.5;3.23
"14.01.00035";"537";"FIO SOLIDO SIL 02.5mm- AZUL";"MT";"85444900";0.74;2.95;2.5;3.23
"14.01.00033";"535";"FIO SOLIDO SIL 02.5mm- PRETO";"MT";"85444900";0.74;2.95;2.5;3.23
"14.01.00037";"539";"FIO SOLIDO SIL 02.5mm- VERDE";"MT";"85444900";0.74;2.95;2.5;3.23
"14.01.00038";"540";"FIO SOLIDO SIL 02.5mm- VERMELHO";"MT";"85444900";0.74;2.95;2.5;3.23
"14.01.00052";"2256";"FIO SOLIDO SIL 04.0mm- AZUL";"UN";"85444900";1.17;4.9;4.1;5.36
"14.01.00039";"541";"FIO SOLIDO SIL 04.0mm- PRETO";"MT";"85444900";1.17;4.9;4.1;5.36
"14.01.00040";"542";"FIO SOLIDO SIL 04.0mm- VERDE";"MT";"85444900";1.17;4.9;4.1;5.36
"14.01.00041";"543";"FIO SOLIDO SIL 04.0mm- VERMELHO";"MT";"85444900";1.17;4.9;4.1;5.36
"14.01.00043";"545";"FIO SOLIDO SIL 06.0mm- AZUL";"MT";"85444900";1.75;7.25;6.1;7.95
"14.01.00045";"547";"FIO SOLIDO SIL 06.0mm- PRETO";"UN";"85444900";1.75;7.25;6.1;7.95
"14.01.00044";"546";"FIO SOLIDO SIL 10.0mm- AZUL";"MT";"85444900";2.98;12.5;10.5;13.75
"14.01.00048";"550";"FIO SOLIDO SIL 10.0mm- PRETO";"MT";"85444900";2.98;12.5;10.5;13.75
"14.01";"0";"FIOS";"UN";"";0;0;0;0
"20.06.00035";"100868";"FITA ANTIDERRAPANTE 50 X 5000";"UN";"68053090";14.46;22.5;20;28
"20.04.00001";"1293";"FITA CREPE PALHA 18x40mts";"UN";"48114110";2.92;4.5;4;5.17
"20.04.00002";"1294";"FITA CREPE PALHA 24x40mts";"UN";"48114110";3.89;6;5.5;6.94
"20.04.00003";"1295";"FITA CREPE PALHA 45x40mts";"UN";"48114110";8.05;12;10;13.79
"20.06.00014";"2160";"FITA CREPE VERDE 24x40mts";"UN";"48114110";5.27;8;7.3;9.22
"20.06.00029";"100637";"FITA CREPE VERDE 45x40mts";"UN";"48114110";9.5;14;12.6;15.4
"20.06.00031";"100746";"FITA CREPE VERDE ADERE 45x40mts";"UN";"48114110";13.57;20;18;24
"20.04.00004";"1296";"FITA DUPLA FACE 3M FIXA FORTE 12mm x 2.0mts";"UN";"35061090";14.69;22;19;25.3
"20.04.00009";"3564";"FITA DUPLA FACE 3M FIXA FORTE 19mm x 2.0mts";"UN";"35061090";16.62;25;22;28.75
"20.01.00005";"1210";"FITA DUPLA FACE TEK BOND 12mm x 2mts ULTRA FORTE";"UN";"35061090";6.91;11;10;12.65
"20.04.00007";"2900";"FITA DUPLA FACE VONDER 12mm x 2.00 mts";"UN";"35061090";4.28;8;7.2;8.8
"20.04.00005";"1297";"FITA EMBALAGEM TRANSPARENTE 48 x 45mt";"UN";"48114110";2.65;5;4.2;5.76
"14.00.00097";"2134";"FITA ISOLANTE 18mm x 05m IMPERIAL";"UN";"48114110";2.86;5.5;5;6.05
"14.00.00106";"2529";"FITA ISOLANTE 18mm x 10m IMPERIAL";"UN";"39191020";4.58;7.5;7;8.25
"14.00.00044";"553";"FITA ISOLANTE 18mm x 20m IMPERIAL";"UN";"48114110";7.06;11;10;12.1
"14.00.00045";"554";"FITA ISOLANTE 19mm x 20mt 3M 33+";"UN";"39191020";23.5;40;35;46.01
"14.00.00133";"2797";"FITA ISOLANTE ALTA FUSAO 3M 19mm x 10mt";"UN";"40059190";26.59;42;37;48.3
"20.04.00008";"3162";"FITA MULTIUSO VEDACIT 10cm OTTO";"MT";"68071000";3.04;5;4.5;5.74
"20.04.00006";"1298";"FITA MULTIUSO VIAPOL 10cm";"MT";"68071000";2.43;5.5;4.95;6.05
"20.04.00010";"100642";"FITA MULTIUSO VIAPOL 15cm";"UN";"68071000";2.91;6.5;5;7.48
"14.00.00046";"555";"FITA ZEBRADA ROLO 200mts";"UN";"39201010";13.46;20;18;23.04
"20.04";"0";"FITAS";"UN";"";0;0;0;0
"18.09.00036";"1968";"FIXA CUBA TEKBOND 85gr.";"UN";"35061090";16.2;24;22;27.6
"18.01.00170";"1851";"FIXA TUDO 400gr BRANCO";"UN";"32141010";27.6;40;35;44
"18.00.00140";"2924";"FIXA TUDO AMAZONAS 85gr";"UN";"32141010";8.36;16.5;14;18.97
"18.01.00248";"3221";"FIXA TUDO BRASCOLA 80gr CINZA";"UN";"35061090";6.19;10;9;11.5
"10.02.00028";"100490";"FIXADOR DE PORTA MAGNETICO BARICAR";"UN";"85051990";19.29;29;26.5;33.35
"10.02.00026";"2793";"FIXADOR DE PORTA MAGNETICO NOVE54";"UN";"83024900";0;33;30;37.95
"10.02.";"2792";"FIXADOR DE PORTA SIMPLES VONDER";"UN";"83024100";12.78;19;17.4;21.85
"09.00.00043";"1299";"FIXADOR P/ CAL DE PINTURA 150ML";"UN";"35061090";0.87;1.7;1.5;1.95
"18.01.00044";"1634";"FLANGE AMANCO 1 1/2";"UN";"39174090";20.11;35;30;40.83
"18.01.00046";"1636";"FLANGE AMANCO 3/4";"UN";"39174090";11.16;20;17;21.82
"18.01.00262";"100017";"FLANGE FORTLEV 3/4";"UN";"39174090";7.53;11.5;10.5;13.22
"18.01.00257";"3573";"FLANGE PLASTILIT 20mm x 1/2";"UN";"39174090";7.31;11;9.5;12.1
"18.01.00045";"1635";"FLANGE PLASTILIT 25mm x 3/4";"UN";"39174090";7.81;12.5;11;13.75
"18.01.00279";"100076";"FLANGE PLASTILIT 32mm x 1pol.";"UN";"39174090";11.6;18.5;15;21.29
"18.01.00043";"1633";"FLANGE PLASTILIT 50mm x 1 1/2";"UN";"39174090";15.69;24;21;26.4
"18.01.00238";"2569";"FLANGE TIGRE C/ REGISTRO 25mm";"UN";"39174090";21.21;32;29;36.8
"18.01.00235";"2518";"FLANGE TIGRE C/ REGISTRO 50mm";"UN";"39174090";39.59;59;54;64.9
"09.02.00001";"135";"FLEXIVEL P/ DUCHA HIGIENICA SANCHEZ";"UN";"84818019";12.9;19;17.5;21.85
"01.00.00026";"100241";"FLOTADOR ORIGINAL FIM DE OBRA 1lt";"UN";"34029039";22.38;33;29.5;37.95
"01.00.00027";"100242";"FLOTADOR ORIGINAL FIM DE OBRA 5lt";"UN";"34029039";89.52;134;120;154.1
"19.02.00076";"100450";"FOGAO CAMPING 2 BOCAS JOLLY";"UN";"73211100";64.86;99;90;113.85
"20.00.00091";"2554";"FOGAO DE LENHA 3 BOCAS C/FORNO LISO";"UN";"68109900";1176.5;1740;1550;2001
"20.00.00102";"2729";"FOGAO DE LENHA 3 BOCAS C/FORNO TIJOLINHO PINTADO";"UN";"68109900";1316;2080;1902.98;2392
"20.00.00127";"3044";"FOGAO DE LENHA 3 BOCAS C/FORNO TIJOLINHO SEM PINTURA";"UN";"68109900";1082;1550;1420;1782.5
"19.02.00057";"2444";"FOGAO DE LENHA 4 BOCAS C/FORNO";"UN";"68109900";1352.4;1950;1800;2242.5
"19.02.00071";"100199";"FOGAREIRO A GAS SIMPLES REDONDO 1 BOCA";"UN";"73211100";39.24;60;55;69
"01.00.00043";"100569";"FOGAREIRO COM DISCO";"UN";"73211100";200;280;255;322
"19.02.00080";"100640";"FOGAREIRO GAS COM MALETA 1 BOCA";"UN";"73211100";112.93;169;155;194.35
"14.06.00044";"100748";"FOICE ROCADEIRA TRAMONTINA COM CABO";"UN";"8201900";27.82;45;40;51.74
"14.06.00025";"2776";"FOICE ROCADEIRA TRAMONTINA SEM CABO";"UN";"82019000";21.98;35;31.5;38.5
"19.00.00197";"2847";"FOLHA SERRA IRWIN";"UN";"82021000";5.15;9;8;10.36
"19.00.00043";"1067";"FOLHA SERRA STARRET";"UN";"82029100";9.6;15;13.5;17.28
"20.08.00029";"3535";"FORCADO P/PEDRA C/ CABO TRAMONTINA";"UN";"82019000";87.05;130;119;149.53
"19.00.00046";"1070";"FORMAO CABO MADEIRA 1/2 pol";"UN";"82053000";20.87;30;28;34.5
"19.00.00044";"1068";"FORMAO CABO MADEIRA 1pol";"UN";"82053000";15.99;24;22;27.6
"19.00.00045";"1069";"FORMAO CABO MADEIRA 3/4";"UN";"82053000";23.52;35;32;40.25
"19.00.00164";"2651";"FORMAO PACETTA 1 1/2";"UN";"82053000";11.48;20;18.35;22.99
"01.01.00074";"3096";"FORMULARIO CONTINUO 2 VIAS PERSONALIZADO 2.000un";"PCT";"48204000";238;238;0;0
"20.00.00142";"3563";"FORNO PIZZA IGLU BOI NO GRILL";"UN";"68109900";507;730;670;766.5
"20.00.00168";"100446";"FORNO PIZZA QUADRADO TIJOLINHO S/PINTURA";"UN";"";807.23;1200;1100;1380
"09.00.00116";"100713";"FRESA DIAMANTADA CONICA 2 X 33MM";"UN";"68042119";92.86;140;120;161
"09.00.00119";"100870";"FRESA DIAMANTADA CONICA 35 X 72MM";"UN";"68042119";218.13;260;234;299
"25.00.00001";"2128";"FRETE";"UN";"00000000";1;1;1;3000
"09.01.00072";"2414";"FUNDO PREPARADOR SUPREMA 16L";"UN";"32091020";91.35;135;130;150
"09.01.00133";"100697";"FUNDO PREPARADOR SUPREMA 900ML";"UN";"32091020";10;15;13;20
"09.01.00065";"230";"FUNDO PREPARADOR SUPREMA GALAO";"UN";"32091020";23.1;33.5;30;38.52
"14.05.00100";"3435";"FURADEIRA BLACK DECKER 3/8 TM500 560w 127v";"UN";"84672100";190.71;310;280;356.5
"14.05.00106";"100137";"FURADEIRA BOSCH GSB550 1/2 - 550w x 127v";"UN";"84672100";203.56;350;300;402.5
"19.00.00163";"2624";"FURADEIRA DEWALT 1/2 DWD502BR - 710w x 127v";"UN";"84672100";261.75;425;385;488.75
"19.00.00381";"100836";"FURADEIRA IMPACTO 1/2 VONDER FIV550N 127V";"UN";"84672100";228.7;340;285;400
"19.00.00382";"100837";"FURADEIRA IMPACTO 1/2 VONDER FIV550N 220V";"UN";"84672100";228.7;340;285;400
"19.00.00127";"2184";"FURADEIRA MAKITA IMPAC 1/2 HP1640 220v";"UN";"84672100";410.59;590;540;678.5
"14.05.00026";"586";"FURADEIRA SKIL 6555AB 1/2 - 570w 127v";"UN";"84672100";262.9;370;335;425.5
"17.00.00083";"3323";"GABINETE BANH. COZIMAX ACO ROMA BRANCO";"UN";"94032000";209.97;380;349;437
"17.00.00084";"3324";"GABINETE BANH. COZIMAX ACO ROMA PRETO";"UN";"94032000";181.54;380;349;437
"17.00.00073";"3232";"GABINETE BANH. COZIMAX ALECRIM 50 PRETO";"UN";"94036000";182.56;264;243;303.6
"18.02.00033";"1589";"GABINETE BANH. COZIMAX GARDENIA 60";"UN";"94036000";322.25;455;350;523.25
"18.02.00043";"1599";"GABINETE BANH. COZIMAX GARDENIA 80";"UN";"94036000";404.7;656;603;754.4
"17.00.00021";"2538";"GABINETE BANH. COZIMAX GERANIO 60 BRANCO";"UN";"94036000";459;700;530;805
"17.00.00035";"2706";"GABINETE BANH. COZIMAX GERANIO 60 PRETO";"UN";"94036000";400;550;450;632.5
"17.00.00037";"2708";"GABINETE BANH. COZIMAX JASMIM ACQUA";"UN";"94036000";460;665;508;765.8
"17.00.00038";"2709";"GABINETE BANH. COZIMAX JASMIM BISCUIT";"UN";"94036000";460;665;508;765.8
"17.00.00014";"2305";"GABINETE BANH. COZIMAX JASMIM BRANCO";"UN";"94036000";460;665;508;765.8
"17.00.00036";"2707";"GABINETE BANH. COZIMAX JASMIM PRETO";"UN";"94036000";460;665;508;764.75
"17.00.00088";"3416";"GABINETE BANH. COZIMAX MOARA 0.60 BRANCO";"UN";"94036000";168.08;340;312;391
"17.00.00077";"3310";"GABINETE BANH. COZIMAX MOARA 0.60 DAKOTA";"UN";"94036000";168.08;340;312;394.4
"17.00.00075";"3308";"GABINETE BANH. COZIMAX MOARA 0.60 PRETO";"UN";"94036000";155.21;340;312;391
"17.00.00076";"3309";"GABINETE BANH. COZIMAX MOARA 0.60 TAMARINDO";"UN";"94036000";152.92;340;300;391
"17.00.00040";"2711";"GABINETE BANH. COZIMAX ORQUIDEA 60 BISCUIT";"UN";"94036000";201;510;470;586.5
"17.00.00019";"2493";"GABINETE BANH. COZIMAX ORQUIDEA 60 BRANCO";"UN";"94036000";201.13;510;459;586.5
"17.00.00045";"2725";"GABINETE BANH. COZIMAX ORQUIDEA 60 LARNACA";"UN";"94036000";196.85;380;300;437
"17.00.00039";"2710";"GABINETE BANH. COZIMAX ORQUIDEA 60 PRETO";"UN";"94036000";199.06;510;470;586.5
"17.00.00043";"2714";"GABINETE BANH. COZIMAX ORQUIDEA 80 ACQUA";"UN";"94036000";297;650;500;747.5
"17.00.00042";"2713";"GABINETE BANH. COZIMAX ORQUIDEA 80 BISCUIT";"UN";"94036000";297;650;530;747.5
"17.00.00020";"2528";"GABINETE BANH. COZIMAX ORQUIDEA 80 BRANCO";"UN";"94036000";297;720;660;828
"17.00.00046";"2726";"GABINETE BANH. COZIMAX ORQUIDEA 80 LARNACA";"UN";"94036000";297;720;660;828
"17.00.00044";"2715";"GABINETE BANH. COZIMAX ORQUIDEA 80 PRETO";"UN";"94036000";297;720;660;828
"17.00.00051";"2734";"GABINETE BANH.FIMAP BLAZE 0.65 BCO/PTO";"UN";"94036000";264.17;425;345;488.75
"17.00.00050";"2733";"GABINETE BANH.FIMAP OPAK 0.80 MAPLE";"UN";"94036000";316.52;450;414;495
"17.00.00052";"2735";"GABINETE BANH.FIMAP WOOD 0.60 MAPLE/BCO";"UN";"94036000";297.53;420;386;462
"17.00.00069";"3135";"GABINETE PIA COZIMAX ATENA 1.20 BRANCO";"UN";"94032010";530.69;800;650;920
"17.00.00068";"3134";"GABINETE PIA COZIMAX ATENA 1.20 PRETO";"UN";"94032010";530.69;800;650;920
"17.00.00063";"2853";"GABINETE PIA COZIMAX ATENA 1.50 BRANCO";"UN";"94032010";594.87;890;730;1000
"17.00.00062";"2852";"GABINETE PIA COZIMAX ATENA 1.50 PRETO";"UN";"94032010";595.02;890;730;1023.5
"17.00.00061";"2851";"GABINETE PIA COZIMAX ATENA 1.80 BRANCO";"UN";"94032010";728.99;1090;895;1253.5
"17.00.00060";"2850";"GABINETE PIA COZIMAX ATENA 1.80 PRETO";"UN";"94032010";728.99;1090;890;1253.5
"17.00.00059";"2849";"GABINETE PIA COZIMAX ATENA 2.00 BRANCO";"UN";"94032010";793.17;1150;980;1322.5
"17.00.00058";"2848";"GABINETE PIA COZIMAX ATENA 2.00 PRETO";"UN";"94032010";793.17;1150;980;1322.5
"14.11.00009";"731";"GABINETE PIA COZIMAX QUALITY 1.20 BCO/PRETO";"UN";"94032000";330;465;440;534.75
"17.00.00001";"405";"GABINETE PIA COZIMAX QUALITY 1.20 BRANCO";"UN";"94032000";330;369;301.55;534.75
"14.11.00021";"747";"GABINETE PIA COZIMAX QUALITY 1.50 BCO/PRETO";"UN";"94032000";551.17;799;750;918.85
"17.00.00003";"406";"GABINETE PIA COZIMAX QUALITY 1.50 BRANCO";"UN";"94032000";551;799;750;918.85
"17.00.00005";"407";"GABINETE PIA COZIMAX QUALITY 1.80 BRANCO";"UN";"94032000";441;620;550;682
"14.11.00027";"753";"GABINETE PIA COZIMAX QUALITY 2.00 BCO/PRETO";"UN";"94032000";457;650;595;747.5
"17.00.00007";"408";"GABINETE PIA COZIMAX QUALITY 2.00 BRANCO";"UN";"94032000";457;650;595;747.5
"20.03.00026";"3461";"GABINETE PIA COZIMAX VENUS 1.20 BRANCO";"UN";"94032090";563.44;850;760;977.5
"20.03.00027";"3462";"GABINETE PIA COZIMAX VENUS 1.20 PRETO";"UN";"94032090";563.44;850;760;977.5
"20.03.00028";"3463";"GABINETE PIA COZIMAX VENUS 1.50 BRANCO";"UN";"94032090";631.14;950;880;1092.5
"20.03.00015";"1259";"GABINETE PIA COZIMAX VENUS 1.50 PRETO";"UN";"94032090";631.14;950;880;1092.5
"20.03.00023";"3412";"GABINETE PIA COZIMAX VENUS 1.80 BRANCO";"UN";"94032090";755.07;1120;950;1209.6
"14.11.00010";"732";"GABINETE PIA COZIMAX VENUS 1.80 PRETO";"UN";"94032090";755.07;1120;950;1288
"23.00.00018";"3413";"GABINETE PIA COZIMAX VENUS 2.00 BRANCO";"UN";"94032090";777.95;1180;1000;1357
"23.00.00019";"3414";"GABINETE PIA COZIMAX VENUS 2.00 PRETO";"UN";"94032090";777.95;1180;1000;1357
"17.00.00017";"2308";"GABINETE PIA COZIMAX ZEUS 3 GAV 1.50 BCO/PTO";"UN";"94032000";407;580;430;667
"17.00.00013";"2304";"GABINETE PIA VITRALFER HOME 1.20 BCO";"UN";"94032000";385.32;575;528;661.25
"20.03.00010";"1254";"GABINETE PIA VITRALFER HOME 1.50 BCO";"UN";"94032000";428.05;640;588;736
"18.02.00045";"1601";"GABINETE PIA VITRALFER HOME 1.80 BCO";"UN";"94032000";515.72;770;708;885.5
"17.00.00071";"3210";"GABINETE TANQUE COZIMAX 0.50 APOLO / FLAT";"UN";"94032000";373.37;560;510;644
"17.00.00016";"2307";"GABINETE TANQUE COZIMAX 0.60";"UN";"94032000";307.36;440;350;506
"20.03.00009";"1253";"GABINETE TANQUE COZIMAX DUPLO 1.14mt";"UN";"94032000";530;760;630;874
"17.00.00067";"3133";"GABINETE TANQUE COZIMAX VENUS 1.00x50 BRANCO";"UN";"94032090";750.06;1100;935;1265
"17.00.00100";"100807";"GABINETE TANQUE COZIMAX VENUS 1.00x50 PRETO";"UN";"94032090";0;1100;935;1265
"17.00.00091";"3466";"GABINETE TANQUE COZIMAX VENUS 50x50 BRANCO";"UN";"94032090";387.06;640;560;736
"17.00.00090";"3465";"GABINETE TANQUE COZIMAX VENUS 50x50 PRETO";"UN";"94032090";436.82;640;560;736
"20.00.00053";"1505";"GAIOLA ARMADA 30x30x30cm 5/16";"UN";"72142000";35;55;49;63.31
"06.00.00016";"2139";"GAIOLA ARMADA 50x50x50cm 5/16";"UN";"72142000";55;90;63;103.84
"06.00.00019";"2200";"GAIOLA ARMADA 100x50x50cm 5/16";"UN";"72142000";107;160;128;190
"16.04.00015";"2611";"GAIOLA ARMADA 130x50x50cm 9F5/16 4F3/8";"UN";"72142000";162;243;194.4;267.3
"16.01.00008";"2222";"GANCHO 05mm";"UN";"73181300";0.06;0.2;0.18;0.22
"16.01.00001";"1302";"GANCHO 06mm";"UN";"73181300";0.12;0.45;0.4;0.5
"16.01.00002";"1303";"GANCHO 08mm";"UN";"73181300";0.23;0.9;0.8;0.97
"16.01.00003";"1304";"GANCHO 10mm";"UN";"73181300";0.39;1.2;1.1;1.31
"16.02.00015";"2316";"GANCHO C/BUCHA TIJ. BAIANO 08mm";"UN";"73181200";2.1;3.8;3.4;4.38
"21.00.00002";"1437";"GANCHO C/BUCHA TIJ. BAIANO 10mm";"UN";"39269090";2.59;4.5;4.1;5.19
"14.00.00008";"375";"GANCHO INOX COM 2un.";"UN";"72202090";13.98;21;19;24.15
"16.01.00004";"1305";"GANCHO P/ REDE ALIANCA CHUMBAR";"UN";"73181300";6.7;10;9.2;11.49
"16.01.00006";"1307";"GANCHO P/ REDE ALIANCA EMBUTIR - OURO";"UN";"83024100";29.84;45;41.34;51.75
"16.01.00007";"1308";"GANCHO P/ REDE ALIANCA EMBUTIR - PRATA";"UN";"83024100";40.93;60;55;69
"16.01.00005";"1306";"GANCHO P/ REDE PARAFUSAR";"UN";"73269090";6.09;10;9;11.52
"16.01";"0";"GANCHOS";"UN";"";0;0;0;0
"09.00.00022";"340";"GARFO P/ ROLO PINTURA ATLAS GAIOLA 400/23SR";"UN";"73269090";8.47;15;13.5;17.26
"09.00.00023";"341";"GARFO P/ ROLO PINTURA ATLAS SIMPLES 330/23SR";"UN";"73269090";9.54;14;12.5;16.11
"09.00.00088";"3453";"GARFO P/ ROLO PINTURA TIGRE GAIOLA";"UN";"73269090";6.85;10;9.2;11.53
"09.00.00091";"3594";"GARFO P/ ROLO PINTURA TIGRE SIMPLES";"UN";"73269090";4.15;6.5;6;7.47
"01.00.00041";"100415";"GARRAFA TERMICA INVICTA 500ml.";"UN";"96170010";19.43;30;27;34.5
"01.00.00039";"100339";"GARRAFA TERMICA MOR 1lt.";"UN";"96170010";21.31;34;30;39.1
"01.00.00045";"100658";"GARRAFA TERMICA TERMOLAR 500ml.";"UN";"96170010";24.86;37;34;42.55
"01.00.00022";"100217";"GARRAFAO TERMICO 3lts ANTARES";"UN";"96170010";28.79;43;38;49.45
"01.00.00021";"100204";"GARRAFAO TERMICO 5lts TERMOLAR";"UN";"39233090";38.57;55;50;63.24
"20.00.00171";"100449";"GAS PARA MACARICO 400ml 200gr.";"UN";"29012300";9.88;18;16;20.7
"14.02.00007";"506";"GATILHO P/ DUCHA HIGIENICA EMA";"UN";"85161000";18.5;28;25;31.98
"14.05.00042";"602";"GESSO 1kg";"UN";"25202090";2.78;6.5;5.5;7.15
"01.01.00010";"2670";"GESSO 5kg";"UN";"25202090";13.2;27;22;29.7
"18.10.00030";"2010";"GONDOLA AM FIT.60CON.PARED170X90BC";"UN";"94032090";650.39;650.39;650.39;715.43
"09.00.00044";"1316";"GRAFITE EM PO 25gr.";"UN";"25041000";2.77;5;4.5;5.79
"09.02.00009";"143";"GRAFITE SPRAY TEKBOND 100gr.";"UN";"25049000";13.39;20;18.4;23
"19.00.00202";"2897";"GRAMPEADOR PINADOR VONDER GPE16 127v";"PCT";"84672999";300.22;440;404;506
"00.01.00001";"100576";"GRAMPO P/ GRAMPEADOR";"UN";"";55.7;55.7;0;0
"13.05.00016";"1425";"GRAXA AZUL UNILIT BLUE 500gr.";"UN";"27101999";23.07;34;31;37.4
"20.00.00136";"3411";"GRAXA VONDER 500gr.";"UN";"27101999";16.52;30;27;34.5
"18.05.00011";"2631";"GRELHA ALUM. C/ COLETOR 15x100";"UN";"76169100";82.27;130;117;143
"18.05.00007";"1779";"GRELHA ALUM. C/ COLETOR 15x100 ANTI INSETO";"UN";"76169900";86.64;140;126;154
"07.00.00002";"94";"GRELHA ALUM. C/ COLETOR 15x50";"UN";"76169900";39.92;65;58;71.5
"07.00.00042";"100530";"GRELHA ALUM. C/ COLETOR 15x50 ANTI INSETO";"UN";"76169100";40.03;65;58;71.5
"07.00.00028";"2219";"GRELHA ALUM. C/ COLETOR 20x100";"UN";"76169900";94.38;140;125;161
"07.00.00043";"100531";"GRELHA ALUM. C/ COLETOR 20x100 ANTI INSETO";"UN";"76169900";72.64;115;105;132.25
"20.00.00038";"1432";"GRELHA ALUM. C/ COLETOR 20x20";"UN";"76169100";24.97;40;35;46
"14.11.00006";"727";"GRELHA ALUM. C/ COLETOR 20x20 ANTI INSETO";"UN";"76169100";25.63;43;38;47.3
"07.00.00021";"2034";"GRELHA ALUM. C/ COLETOR 20x50";"UN";"76169900";46.62;75;65;82.5
"07.00.00003";"95";"GRELHA ALUM. C/ COLETOR 20x50 ANTI INSETO";"UN";"76169900";35.66;55;50.6;63.25
"07.00.00032";"2618";"GRELHA ALUM. C/ COLETOR 30x30";"UN";"76169100";41;65;59;71.5
"07.00.00046";"100659";"GRELHA ALUM. C/ COLETOR 30x30 ANTI INSETO";"UN";"76169900";38.95;67;60;77.05
"07.00.00039";"100293";"GRELHA ALUM.C/COLET.LATERAL 15x100";"UN";"76169900";76.8;110;100;126.5
"18.05.00006";"1778";"GRELHA ALUM.C/COLET.LATERAL 15x100 ANT INSET";"UN";"39269900";84.48;125;115;144.17
"07.00.00029";"2244";"GRELHA ALUM.C/COLET.LATERAL 15x50";"UN";"76169900";39.8;59;53;64.9
"07.00.00041";"100528";"GRELHA ALUM.C/COLET.LATERAL 15x50 ANT INSET";"UN";"76169900";45.32;68.5;62.42;78.77
"07.00.00001";"93";"GRELHA ALUM.C/COLET.LATERAL 20 x 0.50 BREC";"UN";"76169900";56.9;85;78;97.75
"14.03.00010";"487";"GRELHA ALUM.C/COLET.LATERAL 20 x 100 BREC";"UN";"76169900";115;170;155;195.5
"07.00.00038";"100292";"GRELHA ALUM.C/COLET.LATERAL 20x100";"UN";"76169900";80.64;122;110;140.3
"20.00.00180";"100636";"GRELHA ALUM.C/COLET.LATERAL 20x100 ANTI INSETO";"UN";"76169900";96.1;145;130;166.75
"07.00.00036";"3489";"GRELHA ALUM.C/COLET.LATERAL 20x50";"UN";"76169900";47.54;75;68;86.25
"20.00.00040";"1434";"GRELHA ALUM.C/COLET.LATERAL 20x50 ANTI INSETO";"UN";"76169900";53.69;83;76;95.46
"18.09.00054";"2104";"GRELHA ALUMINIO 15 x 100cm";"UN";"76169100";77.39;120;105;138
"07.00.00034";"3264";"GRELHA ALUMINIO 15 x 15cm";"UN";"76169100";16.11;25.5;23.4;29.35
"18.05.00002";"1774";"GRELHA ALUMINIO 15 x 30cm";"UN";"76169100";27.33;45;40;51.75
"07.00.00004";"96";"GRELHA ALUMINIO 15 x 50cm";"UN";"76169900";37.76;60;48;68.99
"09.03.00011";"162";"GRELHA ALUMINIO 20 x 100cm";"UN";"76169900";85.47;135;121.5;148.5
"09.01.00014";"179";"GRELHA ALUMINIO 20 x 20cm";"UN";"76169100";21.47;34;30.6;37.4
"07.00.00030";"2379";"GRELHA ALUMINIO 20 x 30cm";"UN";"76169100";30.39;48;44;52.8
"18.00.00062";"1765";"GRELHA ALUMINIO 20 x 50cm";"UN";"76169900";47.41;75;65;82.5
"07.00.00035";"3265";"GRELHA ALUMINIO 30 x 30cm";"UN";"76169100";46.27;70;63;77
"18.09.00058";"2221";"GRELHA ALUMINIO ANTI INSETO 15x100";"UN";"76169100";77.37;120;105;132
"09.03.00003";"154";"GRELHA ALUMINIO ANTI INSETO 15x15";"UN";"76169100";17.75;27;24.3;29.7
"18.09.00107";"100491";"GRELHA ALUMINIO ANTI INSETO 15x30";"UN";"76169100";27.32;45;40;51.75
"18.09.00009";"1946";"GRELHA ALUMINIO ANTI INSETO 15x50";"UN";"76169100";37.74;60;54;66
"13.05.00010";"1419";"GRELHA ALUMINIO ANTI INSETO 20x100";"UN";"76169100";97.44;150;135;172.5
"07.00.00005";"97";"GRELHA ALUMINIO ANTI INSETO 20x20";"UN";"76169100";23.61;38.5;34.5;42.35
"07.00.00007";"99";"GRELHA ALUMINIO ANTI INSETO 20x30";"UN";"76169900";31.89;53;48.58;60.95
"14.03.00013";"489";"GRELHA ALUMINIO ANTI INSETO 20x50";"UN";"76169100";51.78;80;70;88
"07.00.00044";"100561";"GRELHA ALUMINIO ANTI INSETO 30x30";"UN";"76169100";44.06;69.5;63;79.93
"09.03.00013";"164";"GRELHA C/ CX PLASTICA 20x20cm";"UN";"76109900";12.9;20;18;22
"18.05.00008";"1780";"GRELHA C/ CX PLASTICA 30x30cm";"UN";"76109900";25.5;40;36;44
"20.00.00114";"2893";"GRELHA CHURRASQUEIRA 55 INOX";"UN";"72202090";44;66;60;75.9
"07.00.00027";"2170";"GRELHA DURIN 100mm REDONDA";"UN";"39269090";3.78;6;5.5;6.92
"07.00.00015";"107";"GRELHA FERRO 15 x 100 CM";"UN";"73259990";48;72;66;82.8
"07.00.00008";"100";"GRELHA FERRO 15 x 30 CM";"UN";"73259990";16;38;34.9;43.71
"07.00.00009";"101";"GRELHA FERRO 15 x 50 CM";"UN";"73259990";31;47;43;54.06
"07.00.00016";"2023";"GRELHA FERRO 20 x 100 CM";"UN";"73259990";60;90;82;103.5
"07.00.00010";"102";"GRELHA FERRO 20 x 20 CM";"UN";"73259990";16.5;38;34.96;43.71
"07.00.00011";"103";"GRELHA FERRO 20 x 30 CM";"UN";"73259990";30;45;41;51.74
"07.00.00012";"104";"GRELHA FERRO 20 x 50 CM";"UN";"73259990";24;72;66;82.8
"07.00.00014";"106";"GRELHA FERRO 30 x 30 CM";"UN";"73259990";24;60;55;69
"16.00.00012";"2362";"GRELHA INOX CLICK QUADRADO 100mm";"UN";"72202090";22.37;34;31;39.1
"07.00.00037";"3543";"GRELHA INOX CLICK QUADRADO 150mm COD:48654";"UN";"72202090";28.48;50;42;57.5
"09.06.00003";"271";"GRELHA INOX CLICK REDONDO 100mm";"UN";"72202090";21.28;32;29;36.8
"07.00.00040";"100397";"GRELHA INOX CLICK REDONDO 150mm COD:48656";"UN";"72202090";38.98;58.5;53.5;67.28
"18.05.00009";"1781";"GRELHA INOX COM CAIXILHO QUADRADA 100mm";"UN";"72202090";9.36;15;13.5;17.25
"18.05.00010";"2630";"GRELHA INOX COM CAIXILHO QUADRADA 150mm";"UN";"72202090";13.55;22;20;25.3
"07.00.00033";"2753";"GRELHA INOX COM CAIXILHO REDONDA 100mm";"UN";"72202090";9.31;15;13.5;17.25
"07.00.00031";"2617";"GRELHA INOX COM CAIXILHO REDONDA 150mm";"UN";"72202090";13.5;22;20;25.3
"07.00.00025";"2168";"GRELHA INOX QUADRADA 100mm";"UN";"72202090";4.21;9;8.1;9.9
"07.00.00024";"2164";"GRELHA INOX QUADRADA 150mm";"UN";"72202090";8.65;15;13.5;16.5
"07.00.00022";"2121";"GRELHA INOX REDONDA 100mm";"UN";"72202090";4.43;9;8.1;9.9
"07.00.00023";"2144";"GRELHA INOX REDONDA 150mm";"UN";"72202090";8.71;15;13.5;16.5
"07.00.00017";"2030";"GRELHA PLASTICA 100mm QUADRADA";"UN";"39174090";4.26;8;7;9.15
"07.00.00045";"100618";"GRELHA PLASTICA 100mm REDONDA";"UN";"39174090";3.24;8;7;9.2
"07.00.00026";"2169";"GRELHA PLASTICA AMANCO 150mm QUADRADA";"UN";"39174090";6.06;10;9;11.49
"07.00.00018";"2031";"GRELHA PLASTICA AMANCO 150mm RED.COPACABANA";"UN";"39269090";3.78;7;6.3;7.7
"07.00.00019";"2032";"GRELHA PLASTICA AMANCO 150mm REDONDA";"UN";"39269090";6.07;9.5;8.7;10.93
"17.00.00064";"2977";"GRELHA TIGRE 100mm ABRE FECHA QUADRADA";"UN";"39269090";4;10;9;11.51
"17.00.00011";"2179";"GRELHA TIGRE 100mm ABRE FECHA REDONDA";"UN";"39269090";6.39;10;9;11.5
"17.00.00009";"2171";"GRELHA TIGRE 150mm ABRE FECHA QUADRADA";"UN";"39269090";16.22;25;23;28.7
"17.00.00070";"3146";"GRELHA TIGRE 150mm ABRE FECHA REDONDA";"UN";"39269090";11.36;23;20;26.47
"07";"0";"GRELHAS";"UN";"";0;0;0;0
"13.05.00022";"2264";"GUARNICAO PORTAL GARAPEIRA";"UN";"44182000";18;24;20;26.4
"19.00.00326";"100432";"HASTE 1/4 x 200mm COMPLETA";"UN";"73181500";1.02;1.6;1.45;1.84
"19.00.00266";"3608";"HASTE 1/4 x 300mm COMPLETA";"UN";"73181900";1.14;1.9;1.7;2.19
"19.00.00265";"3607";"HASTE 1/4 x 400mm COMPLETA";"UN";"73181900";1.46;2.5;2.25;2.88
"19.00.00049";"1073";"HASTE 5/16 x 300mm COMPLETA";"UN";"73181900";1.71;2.6;2.4;3
"19.00.00050";"1074";"HASTE 5/16 x 400mm COMPLETA";"UN";"73181900";2.18;3.4;3.1;3.67
"14.00.00050";"559";"HASTE ATERRAMENTO COBREADA 3/8 x 2.00mt";"UN";"73262000";28.41;45;40;51.75
"18";"0";"HIDRAULICO";"UN";"";0;0;0;0
"08.00.00021";"3001";"IMPERMAX 1000 18kg.";"UN";"32149000";49.49;75;64.82;86.27
"08";"0";"IMPERMEABILIZANTES";"UN";"";0;0;0;0
"08.00.00044";"100152";"IMPERPLUS 18lts.";"UN";"32091010";105.2;150;135;173.08
"08.00.00027";"3363";"IMPERSIKA 18lts.";"UN";"38244000";124.6;195;160;214.5
"14.05.00064";"2209";"INT";"UN";"85365090";4.28;6;5.4;6.6
"14.05.00071";"2609";"INTERFONE EXTENSAO HDL";"UN";"18063110";99.9;150;130;172.5
"14.05.00105";"3635";"INTERFONE EXTENSAO INTELBRAS 1010 EA";"UN";"85171810";72.93;110;100;126.5
"14.05.00017";"577";"INTERFONE EXTENSAO INTELBRAS 8000";"UN";"85171810";105.99;160;150;184
"14.00.00051";"560";"INTERFONE PORTEIRO ELETRONICO CLASS HDL";"UN";"85176273";123.01;199;180.91;228.85
"14.00.00141";"3632";"INTERFONE PORTEIRO ELETRONICO INTELBRAS IPR 8010";"UN";"85171810";165.7;248;228;285.2
"14.00.00138";"3240";"INTERFONE PORTEIRO ELETRONICO INTELBRAS IPR1010";"UN";"85171810";169.9;250;210;287.5
"14.05.00007";"567";"INTERRUPTOR MEC TRONIC 1T CAMPAINHA";"UN";"85365090";5.48;9;7.84;10.36
"14.05.00066";"2211";"INTERRUPTOR MEC TRONIC 1T CAMPAINHA SISTEMA X";"UN";"85365090";6.64;10;9.2;11
"14.05.00034";"594";"INTERRUPTOR MEC TRONIC 1T EXTERNO CAMPAINHA";"UN";"85365090";4.76;7;6.39;8.04
"14.05.00011";"571";"INTERRUPTOR MEC TRONIC 1T PAR";"MT";"85365090";6.92;11;9.78;12.69
"14.05.00054";"614";"INTERRUPTOR MEC TRONIC 1T PAR + 1TOM 10A";"UN";"85365090";9.34;14.5;13;16.69
"14.05.00099";"3281";"INTERRUPTOR MEC TRONIC 1T PAR + 1TOM 20A";"UN";"85365090";10.37;16;14.5;18.38
"14.05.00028";"588";"INTERRUPTOR MEC TRONIC 1T S";"UN";"85365090";5.42;8;7.2;8.8
"14.05.00063";"2208";"INTERRUPTOR MEC TRONIC 1T S + 1T PAR";"UN";"85365090";8.84;13.5;12.4;15.54
"14.05.00035";"595";"INTERRUPTOR MEC TRONIC 1T S + 1T PAR +1TOM 10A";"UN";"85365090";10.83;18;16.5;20.72
"14.05.00068";"2228";"INTERRUPTOR MEC TRONIC 1T S + 1TOM 10A";"UN";"85365090";8.03;13;11.7;14.3
"14.05.00112";"100382";"INTERRUPTOR MEC TRONIC 1T S + 1TOM 20A";"UN";"85365090";8.19;13;11.5;14.96
"14.05.00055";"615";"INTERRUPTOR MEC TRONIC 1T S + 2T PAR";"UN";"85365090";8.37;14;12.9;16.09
"14.11.00032";"2230";"INTERRUPTOR MEC TRONIC 1T S + TOM SISTEMA X";"UN";"85365090";8.53;13.5;12;15.54
"14.05.00060";"2205";"INTERRUPTOR MEC TRONIC 1T S EXTERNO";"UN";"85365090";4.98;7.5;6.8;8.64
"14.05.00030";"590";"INTERRUPTOR MEC TRONIC 1T S SISTEMA X";"UN";"85365090";7.14;11.5;10.35;12.65
"14.05.00062";"2207";"INTERRUPTOR MEC TRONIC 2T PAR";"UN";"85365090";10.75;16.5;15;18.97
"14.05.00045";"605";"INTERRUPTOR MEC TRONIC 2T PAR + TOMADA 10A";"UN";"85365090";12.5;19;17.3;21.85
"14.05.00040";"600";"INTERRUPTOR MEC TRONIC 2T S";"UN";"85365090";7;12;10.5;13.79
"14.05.00022";"582";"INTERRUPTOR MEC TRONIC 2T S + 1T PAR";"UN";"85365090";7.63;12.5;11.5;14.39
"14.05.00044";"604";"INTERRUPTOR MEC TRONIC 2T S + TOMADA 10A";"UN";"85365090";10.37;17;15.5;19.53
"14.05.00059";"2202";"INTERRUPTOR MEC TRONIC 2T S SISTEMA X";"UN";"85365090";5.18;10.5;9.5;12.07
"14.05.00043";"603";"INTERRUPTOR MEC TRONIC 2T S. + 1 T PAR";"UN";"85365090";7.27;12;11;13.79
"14.05.00046";"606";"INTERRUPTOR MEC TRONIC 3T PAR";"UN";"85365090";9.01;17;15.5;18.3
"14.05.00047";"607";"INTERRUPTOR MEC TRONIC 3T SIMPLES";"UN";"85366910";6.38;12;11;13.81
"14.05.00072";"3028";"INTERRUPTOR PERA FAME";"UN";"85365090";4.34;7;6.3;8.05
"14.05.00029";"589";"INTERRUPTOR PERA ILUMI";"UN";"85365090";4.52;7.5;6.8;8.63
"14.05";"0";"INTERRUPTORES";"UN";"";0;0;0;0
"09.01.00052";"217";"INVERSOR NOVE54 IM120 + MASCARA AUTOM.";"UN";"85153900";384.85;560;500;644
"24.00.00007";"2245";"ISOPOR";"MT";"39031120";205;345;276;374
"20.00.00025";"1318";"JACARES";"UN";"73084000";0.3;0.8;0.48;1
"01.01.00039";"2898";"JOELHEIRA CORTAG EM EVA";"UN";"39269090";25.94;40;36;46
"18.01.00058";"1648";"JOELHO AMANCO 45 SOLD 25mm";"UN";"39174090";1.7;2.8;2.4;3.08
"18.01.00059";"1649";"JOELHO AMANCO 45 SOLD 50mm";"UN";"39174090";5.7;10;8.8;11.51
"18.01.00296";"100289";"JOELHO AMANCO 45x100mm";"UN";"39174090";5.69;9.5;7.9;10.45
"18.01.00050";"1640";"JOELHO AMANCO 45x150mm";"UN";"39174090";39.13;60;50;66
"18.01.00053";"1643";"JOELHO AMANCO 45x40mm";"UN";"39174090";1.41;3;2.4;3.47
"18.01.00056";"1646";"JOELHO AMANCO 45x50mm";"UN";"39174090";2.2;4;3.5;4.4
"18.01.00062";"1652";"JOELHO AMANCO 45x75mm";"UN";"39174090";5.21;9;7.4;9.9
"18.01.00084";"1674";"JOELHO AMANCO 90 AZUL 25 x 1/2";"UN";"39174090";4.78;9;8;9.9
"18.01.00086";"1676";"JOELHO AMANCO 90 AZUL 25 x 3/4";"UN";"39174090";6.75;12.5;11;13.75
"18.01.00264";"100025";"JOELHO AMANCO 90 SOLD 25mm";"UN";"39174090";0.58;1.3;1.1;1.6
"18.01.00087";"1677";"JOELHO AMANCO 90 SOLD 50mm";"UN";"39174090";3.82;7.5;6.5;9.6
"18.01.00263";"100024";"JOELHO AMANCO 90x100mm";"UN";"39174090";6.32;11;9.5;12.22
"18.01.00291";"100269";"JOELHO AMANCO 90x150mm";"UN";"39174090";48.83;70;60;77
"18.01.00070";"1660";"JOELHO AMANCO 90x40mm";"UN";"39174090";1.36;2.5;2.2;2.89
"18.01.00068";"1658";"JOELHO AMANCO 90x40mm ANEL BRANCO";"UN";"39174090";3.38;5.7;4.8;6
"18.01.00083";"1673";"JOELHO AMANCO 90x50mm";"UN";"39174090";2.16;4.5;4;4.95
"18.01.00074";"1664";"JOELHO AMANCO 90x75mm";"UN";"39174090";3.96;7.5;6.3;8.25
"18.01.00079";"1669";"JOELHO AMANCO C/VISITA 100x50mm";"UN";"39174090";24.54;37;32;42.56
"18.01.00220";"1933";"JOELHO AMANCO ROSCA BRANCA 1/2";"UN";"39174090";1.41;2.8;2.4;3
"18.01.00294";"100272";"JOELHO AMANCO TUBO PONTA AZUL";"UN";"39174090";3.55;6;5;6.9
"18.01.00223";"1936";"JOELHO AMANCO/TIGRE ROSCA BRANCA 3/4";"UN";"39174090";3.16;5.7;5;6.54
"18.01.00082";"1672";"JOELHO KRONA 90x40mm ANEL AZUL";"UN";"39174090";2.83;4.5;4.1;5.18
"18.01.00269";"100065";"JOELHO PLASTILIT 45 SOLD 20mm";"UN";"39174090";0.82;1.3;1.15;1.43
"18.01.00051";"1641";"JOELHO PLASTILIT 45 SOLD 25mm";"UN";"39174090";1.21;2;1.8;2.2
"18.01.00270";"100066";"JOELHO PLASTILIT 45 SOLD 32mm";"UN";"39174090";3.78;6.3;5.5;7.24
"18.01.00055";"1645";"JOELHO PLASTILIT 45 SOLD 50mm";"UN";"39174090";5.66;9;7.4;10.35
"18.01.00047";"1637";"JOELHO PLASTILIT 45x100mm";"UN";"39174090";5.6;9;8;10.33
"18.01.00049";"1639";"JOELHO PLASTILIT 45x150mm";"UN";"39174090";32.68;50;45;55
"18.01.00052";"1642";"JOELHO PLASTILIT 45x40mm";"UN";"39174090";1.58;3.2;2.5;3.69
"18.01.00054";"1644";"JOELHO PLASTILIT 45x50mm";"UN";"39174090";2.65;4.5;3.6;5.16
"18.01.00057";"1647";"JOELHO PLASTILIT 45x75mm";"UN";"39174090";5.65;9.5;8;10.93
"18.01.00286";"100186";"JOELHO PLASTILIT 90 AZUL 20x1/2";"UN";"39174090";3.99;7;5.5;8.07
"18.01.00075";"1665";"JOELHO PLASTILIT 90 AZUL 25x1/2";"UN";"39174090";4.69;7;6.3;8.03
"18.01.00085";"1675";"JOELHO PLASTILIT 90 AZUL 25x3/4";"UN";"39174090";5.53;9;7.8;10
"18.01.00267";"100063";"JOELHO PLASTILIT 90 SOLD 20mm";"UN";"39174090";0.48;1;0.8;1.15
"18.01.00067";"1657";"JOELHO PLASTILIT 90 SOLD 25mm";"UN";"39174090";0.55;1.3;1.15;1.43
"18.01.00268";"100064";"JOELHO PLASTILIT 90 SOLD 32mm";"UN";"39174090";1.71;3;2.5;3.45
"18.01.00072";"1662";"JOELHO PLASTILIT 90 SOLD 50mm";"UN";"39174090";3.49;6;5;6.6
"18.01.00063";"1653";"JOELHO PLASTILIT 90x100mm";"UN";"39174090";4.55;7.6;6.8;8.75
"18.01.00080";"1670";"JOELHO PLASTILIT 90x150mm";"UN";"39174090";32.39;49;42;53.9
"18.01.00069";"1659";"JOELHO PLASTILIT 90x40mm";"UN";"39174090";0.89;1.5;1.25;1.74
"18.01.00081";"1671";"JOELHO PLASTILIT 90x40mm ANEL BRANCO";"UN";"39174090";3.63;6;5;6.9
"18.01.00071";"1661";"JOELHO PLASTILIT 90x50mm";"UN";"39174090";1.87;3.5;2.8;4.06
"18.01.00073";"1663";"JOELHO PLASTILIT 90x75mm";"UN";"39174090";4.18;7;5.6;8.05
"18.01.00078";"1668";"JOELHO PLASTILIT SOLD ROSCA 3/4";"UN";"39174090";2.45;4;3.3;4.45
"18.01.00066";"1656";"JOELHO PLASTILIT SOLD ROSCA 3/4x1/2";"UN";"39174090";1.15;2.5;2;2.87
"18.01.00048";"1638";"JOELHO TIGRE 45x100mm";"UN";"39174090";7.77;11;10;12.66
"18.01.00076";"1666";"JOELHO TIGRE 90 SOLD 25mm";"UN";"39174090";0.63;1;0.9;1.25
"18.01.00064";"1654";"JOELHO TIGRE 90x100mm";"UN";"39174090";5;8.3;6.75;9.55
"18.01.00065";"1655";"JOELHO TIGRE 90x150mm";"UN";"39174090";52.26;76;69;87.4
"19.07.00006";"1033";"JOGO BROCA MAKITA VIDIA 5pcs";"UN";"82071900";8.83;14;12.6;15.4
"10.00.00036";"2335";"JOGO CHAVE ALLEN MTX LONGA NIQUELADA 9pcs. COD:123049";"UN";"82055900";19.53;30;27.4;34.5
"19.00.00341";"100538";"JOGO CHAVE ALLEN MTX NIQUELADA 9 pcs. COD:123039";"UN";"82055900";14.17;22;20;25.3
"19.00.00387";"100861";"JOGO CHAVE ALLEN OXIDADO PRETO 9PCS";"UN";"82054000";9.49;15;13.5;20
"19.00.00055";"1079";"JOGO CHAVE ALLEN TIPO CANIVETE 9PCS";"UN";"82054000";27.37;45;38;51.75
"19.05.00077";"2799";"JOGO CHAVE FENDA E PHILIPS 05pcs CHIAPERINI";"UN";"82054000";20.98;30;27.56;34.5
"19.05.00075";"2642";"JOGO CHAVE FENDA E PHILIPS 06pcs TITANIUM";"UN";"82054000";13.51;25;22.73;28.75
"19.00.00089";"1140";"JOGO CHAVE REVERSIVEL 16pcs. 1/4pol. MTX COD:113329";"UN";"82079000";24.35;38;34.5;43.7
"19.00.00059";"1083";"JOGO DE CHAVE COMBINADA 08pcs LOTUS";"UN";"82041100";25.5;39;35.8;44.85
"19.00.00122";"2149";"JOGO DE CHAVE TORX 9pcs MTX / LOTUS COD:123059";"UN";"82055900";18.24;35;30;40.25
"19.00.00302";"100264";"JOGO DE CHAVE TORX EXTRA LONGA MTX COD:123079";"UN";"82055900";23.49;40;36;46
"19.00.00056";"1080";"JOGO DE FERRAMENTAS 40pcs SPARTA";"UN";"82042000";37.02;60;52.5;66
"19.00.00051";"1075";"JOGO DE SERRA COPO P/MADEIRA FAMASTIL/NOVE54 5pcs";"UN";"82029990";14.82;25;23;28.76
"19.00.00388";"100864";"JOGO DE SERRA COPO WESTERN";"UN";"82079000";18.9;30;27;45
"19.05.00029";"955";"JOGO FRESA 12 pcs P/MADEIRA NOVE54";"UN";"82077090";86.5;125;115;143.75
"18.01.00091";"1681";"JUNCAO AMANCO 100mm";"UN";"39174090";18.8;28;23.5;32.19
"18.01.00093";"1683";"JUNCAO AMANCO 100x50mm";"UN";"39174090";9.88;16;13.5;18.4
"18.01.00094";"1684";"JUNCAO AMANCO 100x75mm";"UN";"39174090";13.95;22;19;25.3
"18.01.00096";"1686";"JUNCAO AMANCO 150mm";"UN";"39174090";98.94;150;125;172.5
"18.01.00097";"1687";"JUNCAO AMANCO 150x100mm";"UN";"39174090";49.52;77;61;88.56
"18.01.00099";"1689";"JUNCAO AMANCO 40mm";"UN";"39174090";3.04;5.5;4.7;6.36
"18.01.00102";"1692";"JUNCAO AMANCO 50mm";"UN";"39174090";7.96;12.5;10;14.37
"18.01.00104";"1694";"JUNCAO AMANCO 75mm";"UN";"39174090";10.44;17;14;19.56
"18.01.00106";"1696";"JUNCAO AMANCO 75x50mm";"UN";"39174090";8.3;14.5;11.5;16.69
"18.01.00090";"1680";"JUNCAO PLASTILIT 100mm";"UN";"39174090";15.55;25;21.5;28.46
"18.01.00092";"1682";"JUNCAO PLASTILIT 100x50mm";"UN";"39174090";13.98;20;16.5;23
"18.01.00224";"2028";"JUNCAO PLASTILIT 100x75mm";"UN";"39174090";20.45;30;25;34.51
"18.01.00095";"1685";"JUNCAO PLASTILIT 150mm";"UN";"39174090";52.99;82;65;94.3
"18.01.00246";"3180";"JUNCAO PLASTILIT 150x100mm";"UN";"39174090";45.8;70;55;80.5
"18.01.00098";"1688";"JUNCAO PLASTILIT 40mm";"UN";"39174090";2.58;5;4;5.78
"18.01.00101";"1691";"JUNCAO PLASTILIT 50mm";"UN";"39174090";6.73;11;9;12.67
"18.01.00103";"1693";"JUNCAO PLASTILIT 75mm";"UN";"39174090";15.1;22;18.5;25.29
"18.01.00105";"1695";"JUNCAO PLASTILIT 75x50mm";"UN";"39174090";10.79;20;16;22.98
"18.04.00018";"3540";"JUNCAO Y CROMADA 1/2 GARDEN";"UN";"74122000";13.59;21.5;19;24.72
"20.00.00039";"1433";"JUNTA DE DILATACAO 27x3MM 2M";"UN";"39259090";2.5;3;2.63;3.38
"08.00.00022";"3229";"KALFIX 1 lt";"UN";"38244000";7.5;11;10.15;12.65
"08.00.00008";"115";"KALFIX GALAO 3.6 lts";"UN";"38244000";23;34;31.28;37.4
"17.00.00049";"2732";"KIT BANH.COZIMAX EM ACO AMORA BRANCO";"UN";"94032000";265.5;510;469;523.08
"17.00.00053";"2736";"KIT BANH.FIMAP QUALITY 60 BCO / MAPLE";"UN";"94036000";189;275;255;316.25
"17.00.00054";"2737";"KIT BANH.FIMAP QUALITY 60 BCO / PRETO";"UN";"94036000";189;275;255;316.25
"17.00.00057";"2794";"KIT BANH.FIMAP QUALITY 60 BRANCO";"UN";"94034000";189;275;255;316.25
"17.00.00055";"2738";"KIT BANH.FIMAP SIENNA 60 BCO / MAPLE";"UN";"94036000";180.2;275;250;316.25
"22.00.00061";"100823";"KIT BANHEIRO ACRILICO FOX BRASIL";"UN";"39229000";29.99;50;45;107.5
"22.00.00044";"2526";"KIT BANHEIRO DURIN 4pcs";"UN";"39259090";29.4;44;40;50.6
"18.00.00183";"3492";"KIT BANHEIRO ELEGANCE 5 PCS";"UN";"73249000";75.9;110;95;126.5
"18.00.00226";"100485";"KIT BANHEIRO HERC LAVELLO 5PCS BCO/CROMADO";"UN";"39259090";32.19;47;43;54.05
"17.00.00065";"3131";"KIT BANHEIRO HERC LAVELLO 5PCS PRT/CROMADO";"UN";"39259090";32.16;47;43;54.05
"18.00.00187";"3601";"KIT BANHEIRO HERC LAVELLO 5pcs BCO";"UN";"39259090";0;43;39.5;49.45
"18.00.00224";"100409";"KIT BANHEIRO HERC TIVOLI 5pcs";"UN";"39259090";32.85;51;46;58.65
"18.00.00146";"2992";"KIT BANHEIRO LUXO 5pcs";"UN";"73249000";105.9;159;144;182.85
"18.00.00001";"2350";"KIT BANHEIRO PRINOX 5 pcs";"UN";"73249000";84.8;125;114;143.75
"18.00.00236";"100675";"KIT BANHEIRO STANDARD BLACK 5PCS";"UN";"73249000";47.9;75;64;93
"18.00.00237";"100676";"KIT BANHEIRO STANDARD PRATA 5PCS";"UN";"73249000";37.9;60;53;64.62
"19.02.00077";"100500";"KIT BLUKIT P/ FIXACAO CAIXA ACOPLADA";"UN";"39229000";16.17;25;23;30
"17.00.00074";"3241";"KIT COZIMAX ACO CACAU 40CM BR";"UN";"94032000";324.74;485;430;530
"17.00.00098";"100719";"KIT COZIMAX ACO CACAU 40CM PT";"UN";"94036000";324.74;485;430;530
"17.00.00081";"3314";"KIT COZIMAX ACO CAJU 60 BR";"UN";"94036000";426.28;635;560;700
"17.00.00097";"100718";"KIT COZIMAX ACO CAJU 60 PT";"UN";"94036000";402.33;635;560;700
"17.00.00041";"2712";"KIT COZIMAX MAD. ONIX 40 BR";"UN";"94036000";147.52;290;230;333.5
"17.00.00099";"100720";"KIT COZIMAX MAD. ONIX 40 PT";"UN";"9403600";147.52;290;230;333.5
"17.00.00096";"100717";"KIT COZIMAX MAD. QUARTZO 60CM BR";"UN";"94036000";334.32;530;425;583
"17.00.00066";"3132";"KIT COZIMAX MAD. QUARTZO 60CM CINZA";"UN";"94036000";334.32;530;425;609.5
"09.06.00010";"2280";"KIT DECORADO CAFE 32x57";"UN";"69089000";40.59;70;60;77
"18.00.00108";"2322";"KIT DECORADO CAIPIRINHA 32x57";"UN";"69089000";40.59;80;70;92
"19.05.00073";"2640";"KIT FERRAMENTAS 3 pcs";"UN";"82054000";16;25;23;28.75
"13.05.00004";"1413";"KIT FERRAMENTAS MANUAIS 12pcs CHIAPERINI";"UN";"82041100";1;110;100;126.5
"17.00.00089";"3442";"KIT INOX P/ CHURRASQUEIRA";"UN";"";156.86;235;210;270.25
"19.00.00349";"100577";"KIT MONTAGEM CARRINHO ESFERA G-14 / G-16";"UN";"87169090";56.76;86;79;98.9
"19.00.00268";"3615";"KIT PINTURA ATLAS 03 pcs 428/22";"UN";"96034010";20.55;32;29;36.8
"19.02.00048";"869";"KIT PINTURA ATLAS 07 pcs 1016";"UN";"96034090";29.7;45;40.7;51.75
"19.00.00136";"2267";"KIT PINTURA CASTOR 03 pcs";"UN";"96034010";14.89;22.5;20.7;25.88
"10.00.00055";"3639";"KIT SUPORTE MULTIUSO BARICAR 30cm";"UN";"83024100";40.59;65;55;74.75
"10.00.00056";"3640";"KIT SUPORTE MULTIUSO BARICAR 40cm";"UN";"83024100";45.9;75;68;86.25
"10.00.00057";"100283";"KIT SUPORTE MULTIUSO BARICAR 50cm";"UN";"83024100";53.15;80;75;92
"24.00.00002";"2112";"LAJE PISO TRELICA B12";"MT";"68109100";45;65;52;68.25
"100197";"0";"LAJE PISO TRELICADA B14";"UN";"68109100";78;85;78.2;93.5
"24.00.00003";"2113";"LAJE PISO TRELICADA B16";"MT";"68109100";63;95;70;105
"24.00.00004";"2114";"LAJE PISO TRELICADA B20";"MT";"68109100";82;120;96;126.5
"24.00.00005";"2115";"LAJE PISO TRELICADA B25";"MT";"68109100";100;142;120.7;156.2
"24.00.00006";"2116";"LAJE PISO TRELICADA B35";"MT";"68109100";100;240;192;240
"24.00.00001";"2111";"LAJE TRELICADA B10";"MT";"68109100";36;54;44;62.69
"24";"0";"LAJES PRE- MOLDADAS";"UN";"";0;0;0;0
"02.00.00013";"16";"LAJOTA CERAMICA H12";"UN";"69049000";2.45;4;3.6;4.23
"02.00.00015";"2098";"LAJOTA CERAMICA H16";"UN";"69049000";1.7;2.5;2.25;2.75
"02.00.00011";"14";"LAJOTA CERAMICA H5 25 x 37cm";"UN";"69049000";1.46;2.2;1.86;2.4
"02.00.00012";"15";"LAJOTA CERAMICA H7";"UN";"69049000";1.27;2.2;1.76;2.42
"02.00.00017";"2175";"LAJOTA CERAMICA H8";"UN";"69049000";1.3;2.2;1.84;2.6
"20.00.00068";"1702";"LAMINA ESTILETE 18mm";"UN";"82119400";2.71;7;6.3;8.05
"20.00.00076";"2246";"LAMINA ESTILETE 9mm";"UN";"82119400";3.34;5;4.6;5.75
"14.06.00023";"2767";"LAMPADA FLUOR HO";"UN";"85393100";10.79;17;15.5;18.7
"14.06.00003";"618";"LAMPADA FLUOR 15w";"UN";"85393100";4.53;7;6.44;8.05
"14.06.00005";"620";"LAMPADA FLUOR 20w";"UN";"85393100";5.74;8.5;7;9.71
"14.06.00006";"621";"LAMPADA FLUOR 40w";"UN";"85393100";5.74;8.5;7;9.71
"14.06.00004";"619";"LAMPADA FLUOR FOXLUX 15w";"UN";"85393100";7;10.5;9.7;12.08
"14.06.00008";"623";"LAMPADA FLUOR FOXLUX 20w";"UN";"85393100";8.12;13;11.96;14.96
"14.06.00020";"2227";"LAMPADA FLUOR FOXLUX 25w";"UN";"85393100";8.51;9.8;9.03;11.27
"14.06.00024";"2768";"LAMPADA FLUOR FOXLUX 30w";"UN";"85393100";12.68;14.5;14.5;16.68
"18.01.00114";"1722";"LAMPADA FLUOR FOXLUX ESPIRAL 15w";"UN";"85393100";9.71;10.9;10.9;14.5
"14.06.00010";"625";"LAMPADA FLUOR FOXLUX ESPIRAL 20w";"UN";"85393100";10.64;11.9;11.9;13.68
"14.06.00021";"2268";"LAMPADA FLUOR FOXLUX ESPIRAL 25w";"UN";"85393100";11.56;12.9;12.9;14.84
"14.06.00029";"2947";"LAMPADA FLUOR FOXLUX ESPIRAL 30w";"UN";"85393100";13.51;14.9;14.9;17.13
"14.06.00009";"624";"LAMPADA FLUOR FOXLUX ESPIRAL 46w";"UN";"85393100";26.83;45;41;51.75
"13.05.00009";"1418";"LAMPADA FLUOR FOXLUX ESPIRAL 85w";"UN";"85393100";61.12;88;81;101.2
"14.06.00036";"3073";"LAMPADA HALOG. 100w x 127v";"UN";"85392190";4.56;7.5;6.9;8.64
"14.06.00038";"3139";"LAMPADA HALOG. 100w x 220v";"UN";"85392190";3.3;5.5;4.95;6.33
"14.06.00015";"630";"LAMPADA HALOG. 70w x 127V";"UN";"85392190";4.36;7.4;6.8;8.5
"19.02.00024";"834";"LAMPADA HALOG. 70w x 220V";"UN";"85392190";3.18;5.5;5.06;6.33
"14.06.00014";"629";"LAMPADA INCAND.100W X 127V E 100X220V";"UN";"85392200";1.32;3;2.73;3.32
"14.06.00012";"627";"LAMPADA INCAND.60w x 127V E 60x220 GE";"UN";"85392200";1.11;2.5;2.3;2.75
"14.06.00028";"2929";"LAMPADA L";"UN";"85437099";13.59;25;23;28.75
"14.06.00001";"616";"LAMPADA LED 50";"UN";"85395200";65.99;108;99;124.2
"14.06.00045";"100791";"LAMPADA LED ALTA POTENCIA 100W";"UN";"85395200";49.5;75;67;80
"10.00.00014";"289";"LAMPADA LED ALTA POTENCIA 20w FOXLUX";"UN";"85395200";5.06;12.5;11;14.37
"14.06.00007";"622";"LAMPADA LED ALTA POTENCIA 30w FOXLUX";"UN";"85395200";8.16;25;22.5;28.75
"14.06.00002";"617";"LAMPADA LED ALTA POTENCIA 40w FOXLUX";"UN";"85395200";11.48;28.5;25;35.63
"19.09.00006";"1063";"LAMPADA LED ALTA POTENCIA 50w";"UN";"85395200";14.03;30;27;33
"14.06.00046";"100847";"LAMPADA LED ALTA POTENCIA 75W FOXLUX";"UN";"85395200";40.38;65;55;68.15
"14.06.00033";"2979";"LAMPADA LED BULBO 12w FOXLUX";"UN";"85395200";3.23;8;7;9.2
"14.06.00034";"2980";"LAMPADA LED BULBO 15w FOXLUX";"UN";"85395200";3.39;9;8;10.36
"14.06.00019";"634";"LAMPADA LED BULBO 4.8w OL COMPACTA";"UN";"85395000";6.99;12;11;13.8
"14.06.00016";"631";"LAMPADA LED BULBO 6w FOXLUX";"UN";"85395200";5.25;8;7.36;9.21
"14.06.00032";"2978";"LAMPADA LED BULBO 9w FOXLUX";"UN";"85395200";2.54;6;5;6.91
"14.06.00039";"3494";"LAMPADA LED BULBO 9w GALAXY";"UN";"85395000";5.98;10;9.3;11
"14.06.00035";"2981";"LAMPADA LED TUBOLAR 18w";"UN";"85395200";8.41;15;13.49;17.25
"20.01.00010";"1215";"LAMPADA LED TUBOLAR 9w";"UN";"85395200";7.5;13;11.7;14.95
"13.05.00030";"3589";"LAMPADA LUZ NEGRA 127v x 25w";"UN";"85393100";29.95;45;40;51.75
"13.05.00031";"3590";"LAMPADA LUZ NEGRA 220v x 25w";"UN";"85393100";29.95;45;40;51.75
"14.06";"0";"LAMPADAS";"UN";"";0;0;0;0
"14.10.00006";"2544";"LANTERNA LED ALUMINIO FX-ML15 FOXLUX";"UN";"85131010";17.09;26;23.5;29.9
"13.01.00001";"507";"LANTERNA RECARREGAVEL SOLAR 3w";"UN";"85131010";29.98;45;40;51.75
"14.10.00021";"100277";"LANTERNA RECARREGAVEL SOLAR 5w";"UN";"85131010";39.98;60;55;69
"19.00.00182";"2781";"LAPIS CARPINTEIRO BRAFT";"UN";"96091000";0.51;1;0.9;1.1
"19.00.00057";"1081";"LAPIS CARPINTEIRO FABER CASTELL";"UN";"96091000";0.9;2;1.7;2.3
"19.00.00141";"2291";"LAPIS CARPINTEIRO IRWIN";"UN";"96091000";1.34;3;2.4;3.46
"12.00.00011";"1320";"LATAS DE AREIA FINA RIO";"UN";"25051000";1.7;5.5;4.83;5.5
"12.00.00019";"2883";"LATAS DE AREIA GROSSA";"UN";"25051000";3;6.5;5.67;6.57
"12.00.00012";"1321";"LATAS DE AREIA LAVADA IBIRACI";"UN";"25051000";1.8;7;5.83;7.5
"12.00.00013";"1322";"LATAS DE AREIA MEDIA";"UN";"25051000";3;6.5;5.42;7.8
"12.00.00014";"1323";"LATAS DE PEDRA";"UN";"25171000";2.1;6.5;5.2;7.2
"12.00.00016";"2148";"LATAS DE PEDRISCO";"UN";"25171000";2.1;6.5;5.42;7.04
"12.00.00015";"1324";"LATAS DE SAIBRO";"UN";"25309090";1.9;5;4.36;5.42
"09.01.00011";"176";"LATEX";"UN";"32091010";60;80;76;88
"09.01.00059";"224";"LATEX ACRILICO RENOVE BALDE 16lts. BRANCO";"UN";"32091010";110.22;175;150;201.25
"09.01.00027";"192";"LATEX ACRILICO RENOVE GALAO 3.6lts BRANCO";"UN";"32091010";46.06;70;60;80.5
"09.01.00117";"100000";"LATEX ACRILICO RENOVE GALAO 3.6lts GELO";"UN";"32091010";46.06;68;60;78.2
"09.01.00033";"198";"LATEX ACRILICO RENOVE LATA 18lts BRANCO";"UN";"32091010";134.81;200;178;230
"09.01.00020";"185";"LATEX ACRILICO RENOVE LATA 18lts GELO";"UN";"32091010";172.57;250;210;287.5
"19.13.00013";"2198";"LATEX KEMTONE GALAO MARFIM";"UN";"32091010";26.71;42;38.5;48.3
"09.02.00018";"2015";"LATEX KEMTONE LATA BRANCO";"UN";"32091010";96.93;155;140;178.25
"09.01.00062";"227";"LATEX KEMTONE LATA MARFIM";"UN";"32091010";103.53;145;134;166.75
"09.01.00095";"2885";"LATEX KEMTONE LATA PALHA";"UN";"32091010";103.53;145;134;166.75
"09.01.00093";"2846";"LATEX KEMTONE LATA PEROLA";"UN";"32091010";100.75;145;134;166.75
"09.01.00012";"177";"LATEX LUKSCOLOR 18lts AREIA";"UN";"32091010";148.24;245;177.23;281.75
"09.01.00071";"2277";"LATEX LUKSCOLOR 18lts BRANCO";"UN";"32091010";180.59;245;220;281.75
"09.01.00046";"211";"LATEX LUKSCOLOR 18lts DAMASCO";"UN";"32091010";189.22;455;416.78;523.25
"09.01.00004";"169";"LATEX LUKSCOLOR 18lts GELO";"UN";"32091010";173.26;245;227;281.75
"09.01.00017";"182";"LATEX LUKSCOLOR 18lts MARFIM";"UN";"32091010";136.03;245;156.38;281.75
"09.01.00019";"184";"LATEX LUKSCOLOR 18lts PALHA";"UN";"32091010";150.03;245;226.23;281.75
"09.01.00013";"178";"LATEX LUKSCOLOR 18lts PESSEGO";"UN";"32091010";158.28;245;203.3;281.75
"09.01.00035";"200";"LATEX LUKSCOLOR 18lts VERDE AGUA";"UN";"32091010";134.35;245;226.23;281.75
"09.01.00025";"190";"LATEX LUKSCOLOR GALAO BRANCO";"UN";"32091010";42.4;113;105.07;129.95
"09.01.00073";"2469";"LATEX LUKSCOLOR GALAO GELO";"UN";"32091010";39.87;57;53;65.55
"09.01.00036";"201";"LATEX LUKSCOLOR GALAO PALHA";"UN";"32091010";33.32;57;53;65.55
"09.01.00010";"175";"LATEX LUKSCOLOR GALAO PESSEGO";"UN";"32091010";33.59;57;53;65.55
"09.01.00096";"2999";"LATEX LUKSCOLOR GALAO VERDE AGUA";"UN";"32081010";34.56;57;53;65.55
"09.01.00057";"222";"LATEX SUPREMA BRANCO 900ml";"UN";"32091010";6.6;11;9.9;12.1
"09.01.00048";"213";"LATEX SUVINIL ACR. RENDE MUITO BRANCO 18lts";"UN";"32091010";369.9;499.9;370;574.89
"19.13.00004";"1157";"LATEX SUVINIL ACR. RENDE MUITO BRANCO 3.6lts";"UN";"32091010";76;108;99.5;124.2
"09.01.00082";"2479";"LATEX SUVINIL ACR. RENDE MUITO GELO 18lts";"UN";"32091010";369.9;517.86;369.9;543.75
"09.00.00063";"2741";"LATEX SUVINIL ACR. RENDE MUITO GELO 3.6lts";"UN";"32091010";65.9;108;99;124.2
"09.01.00107";"3204";"LAVADORA ALTA PRESSAO VONDER LAV1200w 1300lbs 127v";"UN";"84243010";449.34;665;610;764.75
"09.01.00118";"100112";"LAVADORA ALTA PRESSAO VONDER LAV1400w 1450lbs 127v";"UN";"84243010";493.14;740;680;851
"18.02.00046";"1703";"LAVATORIO DECA IZY BRANCO";"UN";"69109000";79.09;115;105;132.25
"18.02.00050";"1707";"LAVATORIO DECA IZY CINZA REAL";"UN";"69109000";86.93;127;115;146.05
"18.02.00054";"1711";"LAVATORIO DECA IZY CREME";"UN";"69109000";86.93;127;115;146.05
"18.02.00047";"1704";"LAVATORIO DECA RAVENA BRANCO GELO";"UN";"69109000";64.94;93;85.56;106.95
"18.02.00051";"1708";"LAVATORIO DECA RAVENA CINZA CLARO";"UN";"69109000";67.8;155;140;178.25
"18.02.00053";"1710";"LAVATORIO DECA RAVENA CINZA ESCURO";"UN";"69109000";67.8;95;80;109.25
"18.02.00055";"1712";"LAVATORIO DECA RAVENA CREME";"UN";"69109000";67.5;95;87.4;109.25
"18.02.00048";"1705";"LAVATORIO E COLUNA DECA IZY CINZA";"UN";"69109000";155.05;225;200;258.75
"18.02.00049";"1706";"LAVATORIO E COLUNA DECA RAVENA CARAMELO";"UN";"69109000";99.49;180;160;207
"09.01.00053";"218";"LAVATORIO E COLUNA INCEPA FLAMINGO BRANCO";"UN";"69109000";95.04;195;179;224.25
"19.00.00160";"2508";"LAVATORIO E COLUNA INCEPA FLAMINGO CINZA";"UN";"69109000";126.84;215;190;247.25
"16.03.00009";"100519";"LAVATORIO E COLUNA LOGASA PARATI BEGE";"UN";"6910900";144.51;210;190;241.5
"16.03.00006";"2396";"LAVATORIO E COLUNA LOGASA PARATI BRANCO";"UN";"69109000";131.65;195;178;224.25
"20.05.00003";"1327";"LAVATORIO E COLUNA LOGASA PARATI CINZA";"UN";"69109000";134.38;210;190;241.5
"20.05.00001";"1325";"LAVATORIO FLAMINGO BISCUIT";"UN";"69109000";112.93;155;150;178.25
"10.01.00009";"2348";"LAVATORIO INCEPA BISCUIT";"UN";"69109000";82.58;115;105.75;132.25
"18.02.00057";"1714";"LAVATORIO INCEPA BRANCO";"UN";"69109000";39.64;60;55;66
"18.02.00058";"2385";"LAVATORIO INCEPA BRANCO";"UN";"69109000";75.86;108;99;124.2
"18.02.00064";"2646";"LAVATORIO PLASTICO BRANCO ECONOMICO";"UN";"39221000";6.19;10;9;11
"18.02.00062";"2552";"LAVATORIO PLUS/ASPEN BRANCO";"UN";"69109000";200.65;310;275;340
"01.00.00015";"3409";"LIGA MASSA ITAU 20kg";"UN";"25309090";5.36;8;7.34;9.2
"01.00.00009";"2770";"LIGA ORIGINAL 10 kg";"SC";"25309090";8.95;13;11.5;14.3
"19.00.00058";"1082";"LIMA ENXADA KF";"UN";"82031010";8.28;20;17;23.04
"20.00.00190";"100722";"LIMPA CONTATO SPRAY 954";"UN";"27101249";9.37;18;15;20
"01.00.00029";"100258";"LIMPA FERRUGEM 500ml DURATTO";"UN";"34021190";19.15;29;26;33.35
"01.00.00032";"100261";"LIMPA PEDRAS 1lt DURATTO";"UN";"34021190";16.68;25;22.5;28.75
"01.00.00031";"100260";"LIMPA PEDRAS 5lts DURATTO";"UN";"34021190";66.73;100;90;115
"01.00.00028";"100257";"LIMPA REJUTES ENCARDIDOS 500ml DURATTO";"UN";"34021900";14.85;22;20;25.3
"13.06.00007";"1556";"LINHA DE PEDREIRO C/GIZ VERMELHO VONDER";"UN";"90178090";35.46;53;48.5;60.95
"19.00.00183";"2784";"LINHA DE PEDREIRO LARANJA 100MTS VONDER";"UN";"54041990";8.48;15;13.5;29.22
"19.00.00184";"2785";"LINHA DE PEDREIRO MULTIFIO 50mt";"UN";"56074900";4.61;8;6.8;9.17
"19.00.00290";"100054";"LINHA DE PEDREIRO MULTIFIO 100mts";"UN";"56074900";7.6;12;10.8;13.2
"09.00.00026";"344";"LIXA";"UN";"68052000";2.04;2.95;2.8;3.39
"09.00.00012";"234";"LIXA D AGUA NORTON 80";"UN";"68052000";1.41;2.5;2.3;2.88
"09.00.00078";"3379";"LIXA D AGUA NORTON 100";"UN";"68052000";1.14;2.5;2.3;2.88
"09.00.00079";"3380";"LIXA D AGUA NORTON 120";"UN";"68052000";1.36;2.2;2;2.54
"09.00.00080";"3381";"LIXA D AGUA NORTON 150";"UN";"68052000";1.19;2.2;2;2.54
"18.02.00016";"921";"LIXA D AGUA NORTON 1500 T499";"UN";"68052000";5.46;9;8.2;10.35
"09.00.00081";"3382";"LIXA D AGUA NORTON 180";"UN";"68052000";1.44;2.2;2;2.54
"09.00.00082";"3383";"LIXA D AGUA NORTON 220";"UN";"68052000";1.36;2.1;1.9;2.43
"09.00.00083";"3384";"LIXA D AGUA NORTON 240";"UN";"68052000";1.04;1.7;1.55;1.96
"09.00.00084";"3385";"LIXA D AGUA NORTON 280";"UN";"68052000";1.04;1.7;1.55;1.96
"18.00.00175";"3286";"LIXA D AGUA NORTON 600";"UN";"68052000";1.21;2.3;2;2.64
"09.00.00085";"3386";"LIXA D AGUA NORTON/TATU 320";"UN";"68052000";1.06;2;1.8;2.31
"18.02.00091";"100029";"LIXA D AGUA NORTON/TATU 400";"UN";"68052000";1.12;2.2;2;2.54
"09.00.00013";"235";"LIXA FERRO NORTON 36";"UN";"68051000";2.36;4.3;3.9;4.96
"09.00.00086";"3387";"LIXA FERRO NORTON 40";"UN";"68051000";2.67;4.2;3.8;4.84
"09.00.00060";"2489";"LIXA FERRO NORTON 50";"UN";"68051000";1.98;4;3.5;4.61
"09.00.00069";"2934";"LIXA FERRO NORTON 60";"UN";"68052000";2.04;4;3.6;4.61
"18.00.00131";"2742";"LIXA FERRO NORTON 150";"UN";"68051000";1.82;3.5;3.15;4.04
"18.00.00228";"100524";"LIXA FERRO NORTON 180";"UN";"68051000";1.82;3.8;3.4;4.38
"09.00.00117";"100737";"LIXA FERRO NORTON 220";"UN";"68051000";2.78;5;4.5;7.5
"09.00.00025";"343";"LIXA FERRO NORTON 240";"UN";"68051000";2.78;5;4.5;5.71
"14.02.00030";"3103";"LIXA FERRO NORTON 320";"UN";"39269090";1.85;3.5;3.15;4.03
"09.00.00067";"2932";"LIXA FERRO NORTON/TATU 80";"UN";"68051000";2;4.2;3.7;4.84
"09.00.00045";"1317";"LIXA FERRO NORTON/TATU 100";"UN";"68051000";1.82;4;3.6;4.59
"09.00.00068";"2933";"LIXA FERRO NORTON/TATU 120";"UN";"68051000";1.82;4;3.6;4.59
"09.00.00011";"233";"LIXA MADEIRA NORTON 50";"UN";"68052000";0.91;1.5;1.35;1.73
"09.00.00006";"132";"LIXA MADEIRA NORTON 60";"UN";"68052000";0.69;1.5;1.35;1.72
"09.00.00064";"2761";"LIXA MADEIRA NORTON 80";"UN";"68052000";0.92;1.5;1.35;1.72
"09.00.00053";"2253";"LIXA MADEIRA NORTON 100";"UN";"68052000";0.63;1;0.9;1.16
"09.00.00054";"2273";"LIXA MADEIRA NORTON 120";"UN";"68052000";0.59;1;0.9;1.14
"09.00.00075";"3376";"LIXA MADEIRA NORTON 150";"UN";"68052000";0.59;1;0.9;1.14
"09.00.00076";"3377";"LIXA MADEIRA NORTON 180";"UN";"68052000";0.61;1;0.9;1.15
"09.00.00077";"3378";"LIXA MADEIRA NORTON 220";"UN";"68052000";0.62;1;0.9;1.15
"09.00.00010";"232";"LIXA MASSA NORTON 50";"UN";"68052000";0.75;1.4;1.3;1.6
"09.00.00002";"128";"LIXA MASSA NORTON 60";"UN";"68052000";0.85;1.4;1.3;1.6
"09.00.00004";"130";"LIXA MASSA NORTON 100";"UN";"68052000";0.51;1;0.9;1.14
"09.00.00007";"133";"LIXA MASSA NORTON 120";"UN";"68052000";0.62;1;0.9;1.14
"09.00.00005";"131";"LIXA MASSA NORTON 150";"UN";"68052000";0.51;1;0.9;1.14
"09.00.00009";"165";"LIXA MASSA NORTON 180";"UN";"68052000";0.84;1.7;1.5;1.94
"09.00.00087";"3388";"LIXA MASSA NORTON 220";"UN";"68052000";0.61;1;0.9;1.14
"09.00.00003";"129";"LIXA MASSA NORTON/TATU 80";"UN";"68052000";0.66;1.3;1.15;1.49
"19.00.00327";"100451";"LIXADEIRA MULTIFUNCAO VONDER IMFV1817";"UN";"84672999";237.45;340;329;391
"20.00.00137";"3434";"LIXADEIRA ORBITAL DEWALT DWE6411BR 127v";"UN";"84672999";282.53;398;395;457.7
"19.00.00225";"3172";"LIXEIRA ATLAS BASCULANTE 4.3lts 6C";"UN";"39249000";9.79;15;13.8;17.25
"20.05.00002";"1326";"LIXEIRA COLUNA";"UN";"73259990";79;115;104.55;132.25
"20.05.00006";"3198";"LIXEIRA COLUNA DUPLA 1.10 x 0.60";"UN";"73259990";160;210;190;241.5
"19.00.00063";"1097";"LIXEIRA MOEDA COM COLUNA";"UN";"73259990";137.75;215;185;247.25
"20.05";"0";"LIXEIRAS";"UN";"";0;0;0;0
"20.00.00153";"100163";"LONA DE POLIETILENO AZUL 4x3mts.";"UN";"63061200";55.89;85;75;97.75
"20.00.00154";"100164";"LONA DE POLIETILENO AZUL 5x3mts.";"UN";"63061200";43.71;68;60;78.2
"20.00.00155";"100165";"LONA DE POLIETILENO AZUL 5x4mts.";"UN";"63061200";58.28;90;80;103.5
"20.00.00157";"100167";"LONA DE POLIETILENO AZUL 6x5mts.";"UN";"63061200";87.41;135;115;155.25
"20.00.00152";"100162";"LONA DE POLIETILENO LARANJA 3x2mts.";"UN";"63061200";27.94;42.5;37.5;48.88
"20.00.00183";"100645";"LONA DE POLIETILENO NEVE54 AZUL 6x4mts.";"UN";"63061200";62.4;94;86;108.1
"20.00.00182";"100644";"LONA DE POLIETILENO NOVE54 LARANJA 4x3mts.";"UN";"63061200";31.19;46.5;42.5;53.48
"20.00.00156";"100166";"LONA DE POLIETILENO VONDER AZUL 6x4mts.";"UN";"63061200";113.97;170;155;195.5
"20.00.00029";"1332";"LONA PLASTICA PRETA 2mt 100 MICRAS";"MT";"39202019";2.33;4.5;4.13;5.18
"20.00.00027";"1330";"LONA PLASTICA PRETA 4mt 48 MICRAS";"MT";"39202019";2.45;5;4.5;5.5
"20.00.00028";"1331";"LONA PLASTICA PRETA 4mt 100 MICRAS";"MT";"39202019";4.89;9;8;10
"20.00.00080";"2406";"LONIL LOCOMOTIVA 7X4 M L/P";"UN";"";397.46;397.46;0;0
"18.02";"0";"LOUCAS";"UN";"";0;0;0;0
"18.00.00211";"100243";"LUBRIFICANTE 3M PUXA CABO 500ml";"UN";"";39;50;47.5;57.5
"09.01.00090";"2835";"LUKSCOLOR ACRILICO FOSCO PREMIUM BRANCO 18lts";"UN";"32091010";166.64;225;213;258.75
"09.01.00091";"2836";"LUKSPISO 18lts AZUL";"UN";"32091010";131.37;187;171;215.35
"14.07.00001";"635";"LUM";"UN";"";26.5;34;21.88;40
"14.07.00002";"636";"LUMI";"UN";"";26.56;35;28.82;41.18
"14.07.00005";"639";"LUMIN";"UN";"";39.28;51;48;56.1
"14.07.00003";"637";"LUMINA";"UN";"";11.55;17;14;20
"14.07.00004";"638";"LUMINAR";"UN";"";11.55;17;14;20
"14.07.00009";"643";"LUMINARI";"UN";"";16.56;22;20;26.19
"14.07.00008";"642";"LUMINARIA 1x20w COMPLETA BRANCA";"UN";"94051093";25.22;37;33.3;40.7
"14.07.00016";"2357";"LUMINARIA 1x40w COMPLETA BRANCA";"UN";"94051093";34.35;50;45;55
"14.07.00017";"2358";"LUMINARIA 1x40w COMPLETA PRETA";"UN";"94051093";34.35;50;45;55
"14.07.00011";"645";"LUMINARIA 2x20w COMPLETA PRETA";"UN";"94051093";38.8;55;49.5;60.5
"14.07.00010";"644";"LUMINARIA 2x20w COMPLETA BRANCA";"UN";"94051093";38.8;55;49.5;60.5
"14.07.00018";"2359";"LUMINARIA 2x40w COMPLETA BRANCA";"UN";"94051093";54.49;80;72;88
"14.07.00013";"647";"LUMINARIA 2x40w COMPLETA PRETA";"UN";"94051093";54.49;80;72;82.5
"14.07.00020";"3183";"LUMINARIA EMERGENCIA ELGIN 30 LEDS";"UN";"94051099";22.2;34;31.3;39.1
"14.00.00052";"650";"LUMINARIA EMERGENCIA INTELBRAS LEA31";"UN";"94051099";17.99;28;25;32.2
"18.01.00230";"2381";"LUMINARIA LED SLIM 18w";"UN";"94051190";13.9;30;25;34.5
"14.06.00026";"2777";"LUMINARIA LED SLIM 36w";"UN";"94051190";17.08;30;27;34.5
"14.07.00019";"2775";"LUMINARIA PENDENTE PRISMA 22""";"UN";"94051000";77.19;115;105;126.5
"14.07.00015";"649";"LUMINARIA TARTARUGA ALUMINIO FOXLUX";"UN";"94051990";40.52;60;54;69
"14.07.00012";"646";"LUMINARIA TARTARUGA ILUMI";"UN";"94051990";25.99;39;35.5;44.86
"14.07.00021";"3600";"LUMINARIA TARTARUGA ILUMI DECOR";"UN";"94051990";17.97;28;25.5;32.2
"14.07.00014";"648";"LUMINARIA TARTARUGA LED 12w 6500k FOXLUX";"UN";"94051990";21.99;33;30;37.95
"14.07.00022";"100511";"LUMINARIA TARTARUGA LED 15w";"UN";"94051190";17.9;26.5;24.3;30.48
"14.07";"0";"LUMINARIAS";"UN";"";0;0;0;0
"14.10.00005";"2393";"LUPA COM GARRAS";"UN";"90138000";21.07;25.28;24;29.07
"18.01.00265";"100026";"LUVA AMANCO 100mm";"UN";"39174090";4.02;7.5;6;8.25
"18.01.00113";"1721";"LUVA AMANCO 150mm";"UN";"39174090";20.92;35;29.5;38.5
"18.01.00119";"1727";"LUVA AMANCO 40mm";"UN";"39174090";1.33;3;2.4;3.47
"18.01.00121";"1729";"LUVA AMANCO 50mm";"UN";"39174090";2.02;4;3.5;4.4
"18.01.00123";"1731";"LUVA AMANCO 75mm";"UN";"39174090";3.92;7;6;7.7
"18.01.00128";"1736";"LUVA AMANCO DE CORRER 100mm";"UN";"39174090";10.67;18;15.5;20.71
"18.01.00131";"1739";"LUVA AMANCO DE CORRER 40mm";"UN";"39174090";10.36;17;14;19
"18.01.00132";"1740";"LUVA AMANCO DE CORRER 50mm";"UN";"39174090";12.77;21;17.5;24
"18.01.00133";"1741";"LUVA AMANCO DE CORRER 75mm";"UN";"39174090";13.76;20;17.5;22.98
"18.01.00292";"100270";"LUVA AMANCO DE CORRER SOLD 25mm";"UN";"39174090";13.25;20;17.5;23.01
"18.01.00135";"1743";"LUVA AMANCO DE CORRER SOLD 50mm";"UN";"39174090";31.84;47.5;38;54.62
"18.01.00141";"1749";"LUVA AMANCO LR 3/4";"UN";"39174090";0.75;3.4;2.7;3.9
"18.01.00137";"1745";"LUVA AMANCO SOLD 25mm";"UN";"39174090";0.58;1.3;1;1.43
"18.01.00139";"1747";"LUVA AMANCO SOLD 50mm";"UN";"39174090";2.63;5;4.2;5.75
"18.01.00125";"1733";"LUVA AMANCO SOLD AZUL 25mm x 1/2";"UN";"39174090";4.59;8;6.5;8.8
"18.01.00127";"1735";"LUVA AMANCO SOLD AZUL 25mm x 3/4";"UN";"39174090";5.47;9.5;8.3;10.64
"14.05.00101";"3467";"LUVA BANHADA EM LATEX EG ATLAS";"UN";"61161000";8.98;15;13.5;17.25
"20.06.00011";"1344";"LUVA BANHADA EM PU EG ATLAS";"UN";"61161000";5.56;8.5;7.5;9.78
"18.00.00074";"1841";"LUVA DE MALHA BRANCA PIG. PRETA";"UN";"61161000";4.75;8;7.2;9.2
"20.06.00002";"1335";"LUVA DE MALHA EMBORRACHADA LARANJA";"UN";"61161000";4.9;8;7.3;9.14
"14.11.00022";"748";"LUVA DE MALHA HELANCA CINZA";"UN";"61169900";2.9;4.5;4.1;5.17
"20.06.00030";"100641";"LUVA DE MALHA IMBAT C/ PREVILING AZUL G";"UN";"61161000";7.98;15;13.5;16.5
"20.06.00020";"3086";"LUVA DE MALHA IMBAT C/LATEX VERDE";"PCT";"61161000";9.1;14.5;13;15.95
"20.06.00022";"100016";"LUVA DE MALHA KALIPSO BANHADA C/ PU";"UN";"61161000";3.99;6;5.5;6.9
"20.06.00017";"3033";"LUVA DE MALHA KALIPSO C/ PREVILING AZUL G";"UN";"61161000";10.25;16.5;14.5;18.99
"20.06.00001";"1334";"LUVA DE RASPA COM PANO";"UN";"42034000";9.5;16;14;18.44
"18.01.00266";"100027";"LUVA FORTLEV 75mm";"UN";"39174090";3.82;5.7;5.2;6.55
"20.06.00018";"3037";"LUVA LATEX LEAL M";"UN";"40151900";2.15;3.8;3.5;4.37
"20.06.00013";"2159";"LUVA LATEX MUCAMBO G";"UN";"40151900";5.75;10;9;11.53
"20.06.00016";"2975";"LUVA LATEX MUCAMBO M";"UN";"40151900";5.75;10;9;11.53
"14.05.00067";"2212";"LUVA LATEX MUCAMBO XG";"UN";"40151900";5.75;10;9;11.53
"09.03.00008";"159";"LUVA LATEX MUCAMBO XXG";"UN";"40151900";5.75;10;9;11.53
"20.06.00015";"2857";"LUVA LATEX NITRILICA GG";"UN";"40151900";4.32;6.5;6;7.47
"20.06.00004";"1337";"LUVA LATEX SANRO G";"UN";"40151900";8.54;13;11.7;14.3
"20.06.00005";"1338";"LUVA LATEX SANRO M";"UN";"40151900";8.54;13;11.7;14.3
"20.06.00006";"1339";"LUVA LATEX SANRO P";"UN";"40151900";8.54;13;11.7;14.3
"20.06.00007";"1340";"LUVA LATEX SANRO XG";"UN";"40151900";8.54;13;11.7;14.3
"20.06.00023";"100146";"LUVA LDI BLUERUBBER FORRADA 9";"UN";"61161000";7.26;11;10.1;12.65
"20.06.00027";"100254";"LUVA LDI NITRILICA SAFETYNIT 10";"UN";"40151900";8.77;13;11.9;14.95
"20.06.00019";"3038";"LUVA LDI NITRILICA SAFETYNIT 9";"UN";"40151900";8.5;13;11.9;14.96
"20.06.00024";"100155";"LUVA LDI POLY LIGHT COM LATEX AZUL G";"UN";"61161000";7.06;11;10;12.64
"20.06.00025";"100156";"LUVA LDI POLY LIGHT COM LATEX AZUL GG";"UN";"61161000";7.06;11;10;12.64
"20.06.00026";"100157";"LUVA LDI VAQUETA COM RASPA";"UN";"42032900";12.02;18;16;20.69
"20.00.00203";"100792";"LUVA P/ ELETRODUTO 1POL PVC HIDROSSOL";"UN";"39172300";1.75;3;2.7;3.5
"20.00.00204";"100793";"LUVA P/ ELETRODUTO 3/4 PVC HIDROSSOL";"UN";"30172300";1.05;2;1.75;3
"18.01.00117";"1716";"LUVA PLASTILIT 100mm";"UN";"39174090";3.9;6.5;5.8;7.15
"18.01.00111";"1719";"LUVA PLASTILIT 150mm";"UN";"39174090";22.59;35;29;40.25
"18.01.00118";"1726";"LUVA PLASTILIT 40mm";"UN";"39174090";1.06;2.4;1.9;2.77
"18.01.00120";"1728";"LUVA PLASTILIT 50mm";"UN";"39174090";2.04;3;2.5;3.46
"18.01.00122";"1730";"LUVA PLASTILIT 75mm";"UN";"39174090";3.84;6;5.4;6.6
"18.01.00124";"1732";"LUVA PLASTILIT AZUL 25x1/2";"UN";"39174090";3.68;6.5;5.2;7.47
"18.01.00126";"1734";"LUVA PLASTILIT AZUL 25x3/4";"UN";"39174090";4.86;8.5;6.8;9.78
"18.01.00242";"2790";"LUVA PLASTILIT DE CORRER 100mm";"UN";"39174090";13.22;20;16;22.99
"18.01.00130";"1738";"LUVA PLASTILIT DE CORRER 40mm";"UN";"39174090";6.85;11;9;12.66
"18.01.00247";"3203";"LUVA PLASTILIT DE CORRER 50mm";"UN";"39174090";9.38;15;12;17.25
"18.01.00115";"1723";"LUVA PLASTILIT DE CORRER 75mm";"UN";"39174090";11.44;17;15;19.59
"18.01.00285";"100151";"LUVA PLASTILIT DE CORRER SOLD 20mm";"UN";"39174090";6.18;11;8.8;15.13
"18.01.00129";"1737";"LUVA PLASTILIT DE CORRER SOLD 25mm";"UN";"39174090";8.35;13;10;14.93
"18.01.00282";"100104";"LUVA PLASTILIT DE CORRER SOLD 32mm";"UN";"39174090";14.07;22;17.5;25.3
"18.01.00245";"3105";"LUVA PLASTILIT DE CORRER SOLD 50mm";"UN";"39174090";20.02;31.5;27;36.23
"18.01.00140";"1748";"LUVA PLASTILIT LR 3/4";"UN";"39174090";1.2;2.5;2;2.87
"18.01.00271";"100067";"LUVA PLASTILIT SOLD 20mm";"UN";"39174090";0.49;1;0.8;1.16
"18.01.00136";"1744";"LUVA PLASTILIT SOLD 25mm";"UN";"39174090";0.62;1.3;1.15;1.43
"18.01.00272";"100068";"LUVA PLASTILIT SOLD 32mm";"UN";"39174090";1.42;2.7;2;3.11
"18.01.00138";"1746";"LUVA PLASTILIT SOLD 50mm";"UN";"39174090";3.07;5.5;4.2;6.36
"20.06.00028";"100487";"LUVA PVC FORRADA 36cm IMBAT";"UN";"39262000";14.76;22;20;25.3
"18.01.00107";"1715";"LUVA ROSCA BRANCA 1/2";"UN";"39174090";0.89;1.7;1.4;1.96
"18.01.00116";"1724";"LUVA ROSCA BRANCA 3/4";"UN";"39174090";1.88;2.9;2.6;3.33
"18.01.00109";"1717";"LUVA TIGRE 100mm";"UN";"39174090";5.25;7.5;6.8;8.63
"18.01.00134";"1742";"LUVA TIGRE DE CORRER SOLD 25mm";"UN";"39174090";11.25;19.4;17.5;22.29
"20.06.00021";"3633";"LUVA VAQUETA";"UN";"42034000";14;22;18.5;25.3
"20.06.00012";"2158";"LUVA VAQUETA COM RASPA";"UN";"61169200";9;15;13.5;17.29
"20.06";"0";"LUVAS";"UN";"";0;0;0;0
"19.00.00132";"2235";"MACACO JACARE SPARTA 2 T. COD: 5100855";"UN";"84254200";162.26;245;220;281.75
"10.00.00033";"2332";"MACANETA STAM 33 CROMADA";"UN";"83016000";15.37;23.5;21;27.04
"10.00.00058";"100404";"MACANETA STAM 51250";"UN";"83016000";20.27;30;27.5;34.5
"20.00.00170";"100448";"MACARICO PORTATIL MULTIUSO";"UN";"84681000";21.18;35;31.8;40.25
"19.10.00011";"1345";"MACHADINHA C/CABO MONFORT/TENACE";"UN";"82014000";23.1;34;31;39.09
"10.02.00004";"1546";"MACHADINHA CABO DE FIBRA SPARTA COD:2163955";"UN";"82014000";37.88;59;53.5;67.85
"19.00.00309";"100340";"MACHADINHA DE ACO COM UNHA";"UN";"82014000";37.9;55;50;63.25
"19.10.00022";"3408";"MACHADINHA SAO ROMAO CABO DE FERRO COM UNHA";"UN";"82014000";33.85;52;46.5;59.79
"14.06.00042";"100052";"MACHADO C/ CABO 3.5LB VONDER";"UN";"82014000";64.63;100;90;110
"19.00.00153";"2456";"MANDRIL 1/2 COM CHAVE MTX COD 168179";"UN";"84661000";16.03;27;24.3;29.7
"19.00.00243";"3341";"MANDRIL LOTUS APERTO RAPIDO 1/2";"UN";"84661000";27.4;41.5;38;47.73
"19.00.00047";"1071";"MANDRIL MTX 1/2pol. APERTO RAPIDO COD 168089";"UN";"84661000";16.3;25;22.5;27.5
"19.00.00013";"908";"MANDRIL VONDER 1/2 COM CHAVE";"UN";"84661000";13.72;20;18.5;23
"20.07.00005";"1350";"MANGUEIRA";"UN";"39173100";3.59;5;4.5;5.5
"18.00.00060";"1752";"MANGUEIRA ENTR MAQ LAVAR 1.40mt";"UN";"39172300";6.49;15;12;17.26
"18.00.00132";"2779";"MANGUEIRA ENTR P/ TANQUINHO";"UN";"39173900";3.63;6;5.5;6.9
"18.00.00223";"100395";"MANGUEIRA ENTR MAQ LAVAR BLUKIT 1.40mt";"UN";"39173290";23.27;37.5;33.5;43.12
"14.12.00011";"1584";"MANGUEIRA JARDIM AZUL 25mts";"UN";"39173100";40;57;52.44;65.55
"14.12.00009";"1582";"MANGUEIRA JARDIM AZUL 30mts";"UN";"39173100";45;65;59.8;74.75
"20.07.00014";"3227";"MANGUEIRA JARDIM DURIN 1/2 X 2.0mm";"UN";"39173290";2.99;5.5;5;6.32
"20.07.00012";"3225";"MANGUEIRA JARDIM TRANCADO BARIFLEX 1/2 x 2.5mm";"UN";"39173900";3.3;5.5;5;6.32
"20.07.00002";"1347";"MANGUEIRA LARANJA 1/2x2.00mm";"MT";"39173100";2.82;4.7;4.2;5.4
"20.07.00009";"2318";"MANGUEIRA LARANJA 10mts";"UN";"39173100";32.5;50;45;63.33
"20.07.00006";"1351";"MANGUEIRA LARANJA 15mts";"UN";"39173100";48.7;75;63.75;86.24
"20.07.00010";"2319";"MANGUEIRA LARANJA 20mts";"UN";"39173100";65;98;85;112.7
"20.07.00007";"1352";"MANGUEIRA LARANJA 25 mts";"UN";"39173100";81;120;107;138
"20.07.00008";"1353";"MANGUEIRA LARANJA 30mts";"UN";"39173100";97.3;145;130;166.75
"20.07.00015";"3228";"MANGUEIRA MULTI USO FAIXA AMARELA";"MT";"39173900";4.6;7;6.45;8.04
"20.07.00003";"1348";"MANGUEIRA MULTI USO GAS 3/8 x 4mm";"MT";"39173100";5.4;8.5;7.5;9.79
"20.07.00011";"3042";"MANGUEIRA NIVEL 00 x 00mm";"MT";"39173100";0.84;1.25;1.17;1.45
"20.07.00004";"1349";"MANGUEIRA NIVEL 5/16 x 1.5mm";"MT";"39173100";1.6;3;2.7;3.3
"18.00.00104";"2225";"MANGUEIRA SAIDA MAQUINA DE LAVAR";"UN";"39173290";5.86;10;9.2;11.5
"20.07.00013";"3226";"MANGUEIRA SAIDA MAQUINA LAVAR BLUKIT 2.20mts";"UN";"39174090";16.64;25;22.5;28.75
"18.00.00061";"1753";"MANGUEIRA SAIDA TANQUINHO 1.10mt";"UN";"39173900";4.71;8;7.3;9.14
"20.07";"0";"MANGUEIRAS";"UN";"39173100";0;0;0;0
"08.00.00007";"114";"MANTA LIQUIDA BRASILIT 4.3 KG";"UN";"32091010";54;76;68.4;87.4
"08.00.00045";"100427";"MANTA TELHADO BRASILIT 18kg";"UN";"32091010";248.85;370;300;425.5
"01.01.00124";"100647";"MANUTENCAO DE CAMINHAO";"UN";"";1;100;1;10000
"25.00.00002";"2161";"MAO DE OBRA";"UN";"33903622";1;1000;1;5200
"22.00.00035";"2366";"MAQUINA P/ ASSENTAR PISO CORTAG MAC100";"UN";"84672999";627.21;880;790;968
"01.00.00019";"100202";"MARMITA ALUMINIO REDONDA";"UN";"76151000";11.41;17;15.6;19.55
"01.00.00020";"100203";"MARMITA TERMICA";"UN";"39241000";17.01;26;23.9;29.9
"19.10.00024";"3569";"MARRETA 0.5kg C/CABO";"UN";"82052000";25.14;38;35;43.69
"19.10.00023";"3552";"MARRETA 1.0 kg C/CABO";"UN";"82052000";32.99;49;45;56.35
"19.10.00016";"2815";"MARRETA 1.5 kg C/CABO";"UN";"82052000";50.76;75;68;86.25
"19.10.00013";"2119";"MARRETA 2.0 kg C/CABO";"UN";"82052000";55.76;82;75;94.3
"19.10.00012";"2118";"MARRETA 3.0 kg C/ CABO";"UN";"82052000";71.2;115;100;132.25
"19.10.00015";"2814";"MARRETA 5.0 kg C/ CABO";"UN";"82052000";117.8;180;145;207
"19.10.00007";"1093";"MARRETA FORJADA TRAMONTINA 0.5 kg";"UN";"82052000";24.74;37;34;42.56
"19.10.00008";"1094";"MARRETA FUNDIDA 1.0 kg METALCALVA C/ CABO";"UN";"82019000";27.2;39.5;36;45.46
"19.10.00010";"1096";"MARRETA FUNDIDA 2.0 kg METALCALVA C/ CABO";"UN";"82052000";49.91;75;67;86.26
"19.10.00009";"1095";"MARRETA OITAVADA 1.0 kg SPARTA";"UN";"82052000";23.33;38;33;43.7
"19.00.00368";"100666";"MARRETA OITAVADA 1.5 kg SPARTA";"UN";"85052000";32.33;50;45;57.5
"19.10.00017";"2816";"MARRETA OITAVADA 3.0 kg SPARTA";"UN";"82052000";67.38;100;85;115
"19.00.00214";"3006";"MARTELETE DEWALT D25133-BR 800W x 127V";"UN";"84672993";581.79;879;800;1010.85
"19.00.00229";"3211";"MARTELETE GAMMA 7.5J 1500w x 127v";"UN";"84672993";455.23;670;625;770.5
"19.00.00154";"2457";"MARTELETE MAKITA HR2470 - 127v x 780w 2.7J";"UN";"84672993";732.96;1100;990;1265
"19.00.00299";"100221";"MARTELETE MAKITA HR2470 - 220v x 800w 2.7J";"UN";"84672993";762.44;1165;1050;1339.75
"19.00.00377";"100832";"MARTELETE PERF/ROMP VONDER MPV620 2.8J 127V";"UN";"84672993";444.81;670;535;717.85
"19.00.00378";"100833";"MARTELETE PERF/ROMP VONDER MPV620 2.8J 220V";"UN";"84672993";444.81;670;535;728.26
"19.10.00028";"100509";"MARTELO BORRACHA 450gr.MTX PRT/BCO";"UN";"40170000";27.03;40;36.7;46
"19.10.00002";"1088";"MARTELO BORRACHA 60mm";"UN";"39269090";9.78;15;13.8;17.25
"19.10.00003";"1089";"MARTELO BORRACHA 80mm";"UN";"39269090";16.47;25;22.8;28.75
"19.10.00001";"1087";"MARTELO BORRACHA CABO MADEIRA 340G SPARTA COD 1114055";"UN";"39269090";12.41;20;18;22
"19.10.00027";"100383";"MARTELO BORRACHA SILICONE COD: 50501";"UN";"39269090";14.98;23.5;21.5;27.02
"19.10.00014";"2559";"MARTELO CABO CURTO EMBORRACHADO 16CM";"UN";"82052000";19.98;30;25;34.5
"19.10.00020";"3361";"MARTELO FAMASTIL 20mm CABO MADEIRA";"UN";"82052000";22.57;34;31;39.11
"19.10.00021";"3365";"MARTELO FAMASTIL 23mm CABO MADEIRA";"UN";"82052000";23.76;35;32;40.26
"19.10.00019";"3196";"MARTELO FAMASTIL 25mm CABO C/ALMA DE ACO";"UN";"82052000";32.47;49;44;56.35
"19.10.00025";"100278";"MARTELO FAMASTIL 27mm CABO C/ALMA DE ACO";"UN";"82052000";33.68;50;46;57.51
"19.10.00005";"1091";"MARTELO FAMASTIL 29mm CABO C/ALMA DE ACO";"UN";"82052000";41.92;63;57;72.45
"19.10.00006";"1092";"MARTELO MTX 20mm CABO FIBRA";"UN";"82052000";14.15;25;22;27.5
"22.00.00007";"2043";"MARTELO MTX 23mm CABO FIBRA";"UN";"82052000";18.82;28.5;25;32.78
"19.00.00019";"917";"MARTELO MTX 25mm CABO FIBRA";"UN";"82052000";19.01;30;26.5;34.49
"09.01.00058";"223";"MARTELO MTX 27mm CABO FIBRA COD 1040855";"UN";"82052000";20.51;32;28;35.2
"19.00.00162";"2568";"MARTELO MTX 29mm CABO FIBRA COD 1040955";"UN";"82052000";24.17;36.5;32.5;40.15
"19.00.00248";"3362";"MARTELO PEDREIRO 2 CORTES";"UN";"82052000";31.8;47.5;43.5;54.62
"19.09.00008";"2789";"MARTELO ROMPEDOR VONDER MRV1315 127v";"UN";"84672993";897.87;1070;1030;1230.5
"19.10.00018";"3151";"MARTELO SPARTA 20mm CABO MADEIRA";"UN";"82052000";20.67;32;29.4;36.8
"19.10";"0";"MARTELOS";"UN";"";0;0;0;0
"09.03.00006";"157";"MASCARA RESPIRADORA 3M C/ VALVULA";"UN";"63079010";4.09;6.2;5.6;7.13
"19.00.00291";"100056";"MASCARA RESPIRADORA C/ VALVULA";"UN";"63079010";1.3;2.5;2;3
"19.00.00144";"2346";"MASCARA RESPIRADORA PFF2 C/VALVULA VONDER";"UN";"63079010";1.94;3;2.75;3.46
"19.00.00267";"3610";"MASCARA RESPIRADORA S/ VALVULA";"UN";"63079010";0.99;2;1.7;2.3
"09.01.00135";"100699";"MASSA ACRILICA SUPREMA 1kg";"UN";"32141020";17.3;26;23;29.25
"09.01.00134";"100698";"MASSA ACRILICA SUPREMA 5kg";"UN";"32141020";27.6;42;37.8;44.21
"09.01.00045";"210";"MASSA ACRILICA TEXTUMIX BARRICA 23kg";"UN";"32141020";68;100;90;110
"20.00.00031";"1355";"MASSA CALAFETAR 350gr";"UN";"40069000";8.44;12.15;11.1;15
"20.00.00141";"3546";"MASSA CALAFETAR PLASTILIT 350gr";"UN";"32141010";11.73;18.15;16;20.9
"09.00.00015";"237";"MASSA LUKSCOLOR ACRILICA GALAO";"UN";"32141020";19.3;30;27.6;34.5
"09.01.00084";"2481";"MASSA LUKSCOLOR PVA 900ml";"UN";"32141020";4.54;7;6.45;8.06
"09.00.00055";"2278";"MASSA LUKSCOLOR PVA LATA";"UN";"32141020";51.16;75;70;79.35
"18.00.00150";"3072";"MASSA PLASTICA CAR PLAST CINZA 400gr";"UN";"35061090";9.85;14.5;13;15.95
"18.00.00005";"765";"MASSA PLASTICA CAR PLAST PRETO 400gr";"UN";"35061090";10.5;16;14.5;17.6
"18.00.00006";"766";"MASSA PLASTICA IBERE 400 gr CINZA";"UN";"32141010";5.75;8;7.4;9.2
"09.00.00019";"241";"MASSA PRONTA VOTOMASSA 20kg";"UN";"32141020";16.32;26;15.6;29.92
"09.00.00016";"238";"MASSA PVA SUPREMA 900ml.";"UN";"32141020";10.4;16;14.5;18.39
"09.02.00004";"138";"MASSA PVA SUPREMA GALAO 5kg";"UN";"32141020";20;30;27;34.5
"09.00.00014";"236";"MASSA PVA TEXTUMIX BARRICA 23kg";"UN";"32141020";35.1;52;47.5;59.8
"09.01.00106";"3197";"MASSA SUVINIL PVA 1.4kg";"UN";"32141020";7.25;10.5;9.7;12.09
"09.01.00112";"3562";"MASSA SUVINIL PVA 25kg";"UN";"32141020";86.9;121.66;86.9;139.91
"09.01.00081";"2477";"MASSA SUVINIL PVA GALAO 3.6lts";"UN";"32141020";17.9;32;29.5;36.8
"14.00.00134";"2976";"MASTRO UNIVERSAL P/ANTENA";"UN";"73269090";21.99;35;32;40.25
"09.01.00067";"2271";"MAX GRILL GRANDE 5 ESPETOS";"UN";"85094090";296.77;470;420;540.5
"19.00.00145";"2360";"MAX GRILL MEDIO 4 ESPETOS";"UN";"85094090";336;460;423.02;529
"09.01.00079";"2475";"MAX GRILL PEQUENO 3 ESPETOS";"UN";"85094090";292.37;439;404;504.85
"18.06.10014";"100489";"MECANISMO ENTRADA E SAIDA KIT COMPLETO BLUKIT";"UN";"84818019";79.24;125;112.5;137.5
"18.06.10008";"100230";"MECANISMO ENTRADA P/CAIXA ACOPLADA BLUKIT REF.340204-41";"UN";"84818019";34.04;50;45;57.5
"18.06.10009";"100231";"MECANISMO SAIDA P/CAIXA ACOPLADA BLUKIT REF.340274-41";"UN";"84818019";31.07;54;48;62.1
"18.06.10010";"100287";"MECANISMO SAIDA P/CX ACOP.DUPLO ACION. BLUKIT REF.340515-41";"UN";"39229000";93.19;140;126;161
"01.00.00044";"100581";"MERCADORIAS DIVERSAS PARA CONSUMO.";"UN";"";999;999;999;999
"15.00.00014";"3283";"MESA DE GRANITO 0.80 x 1.80";"UN";"68022300";500;750;690;862.5
"19.00.00067";"1101";"METRO";"UN";"";3.5;5;4.5;5.5
"19.00.00068";"1102";"METRO MADEIRA DUPLO BAMBU NATURAL";"UN";"90178010";9.38;15;13.8;17.25
"19.00.00066";"1100";"METRO MADEIRA DUPLO CHAPEADO BAMBU";"UN";"90178010";12.92;20;18.4;23
"19.00.00064";"1098";"METRO PLASTICO 1MT EDA";"UN";"90178010";5.2;8;7.3;9.21
"06.00.00012";"92";"METROS LINEARES TR 08";"MT";"73084000";3.83;7;5.6;8
"06.00.00010";"90";"METROS LINEARES TR 12";"MT";"73084000";4.84;11;8.8;12.1
"06.00.00011";"91";"METROS LINEARES TR 16";"MT";"73084000";8;13;10.4;14.3
"06.00.00013";"2095";"METROS LINEARES TR 20";"MT";"73084000";8.6;15;10.5;24.2
"06.00.00014";"2096";"METROS LINEARES TR 25";"MT";"73084000";11.25;18;15.32;19.8
"06.00.00015";"2097";"METROS LINEARES TR 30";"MT";"73084000";12.1;19.5;17.55;21.45
"06.00.00018";"2141";"METROS LINEARES VIGA TR12";"UN";"68109100";17;27;24;32.4
"06.00.00017";"2140";"METROS LINEARES VIGA TR8";"UN";"68109100";8;18;13.5;21.6
"18.00.00103";"2224";"MICRORRETIFICA 172pcs 127v";"UN";"84692999";171.39;250;230;287.5
"19.00.00209";"2954";"MINI ARCO DE SERRA CORTAG";"UN";"82023100";15.9;25;22.5;27.5
"19.10.00029";"100742";"MINI MARTELO CABECA MAGNETICA 25MM COD 1044355";"UN";"82052000";29.16;45;40.5;49.5
"20.08.00020";"3526";"MISTURADOR ARGAMASSA CORTAG HM120 127v";"UN";"84798210";380;570;520;655.5
"19.00.00215";"3025";"MISTURADOR ARGAMASSA VONDER MAV 850 127v";"UN";"84743900";447.16;650;590;747.5
"18.09.00049";"2099";"MISTURADOR C50 PAREDE ESTEVES";"UN";"84818011";176.9;265;239;304.75
"19.01.00013";"2911";"MISTURADOR DE ARGAMASSA 600mm";"UN";"82055900";23;35;32;40.27
"13.07.00007";"100468";"MISTURADOR SANCHEZ COZ.MESA C-52";"UN";"84818011";224.9;340;310;391
"18.09.00050";"2100";"MISTURADOR SANCHEZ COZ.MESA C-67";"UN";"84818011";224.9;340;310;391
"13.07.00003";"1756";"MISTURADOR SANCHEZ COZ.PAREDE C-50";"UN";"84818011";224.9;340;310;391
"13.07.00005";"1758";"MISTURADOR SANCHEZ COZ.PAREDE C-52";"UN";"84818011";224.9;340;310;391
"13.07.00006";"2564";"MISTURADOR SANCHEZ COZ.PAREDE C-64 / C-71";"UN";"84818011";224.9;340;310;391
"14.05.00098";"3270";"MODULO CAMPAINHA CIGARRA MARGIRIUS";"UN";"85318000";11.13;16;14.7;18.4
"14.05.00095";"3130";"MODULO CARREGADOR USB MARGIRIUS";"UN";"85044010";22.25;32;29.45;36.8
"14.05.00084";"3119";"MODULO CEGO MARGIRIUS C/2un";"UN";"39259090";1.39;2.9;2.1;3.33
"14.05.00091";"3126";"MODULO INTERRUPTOR CAMPAINHA MARGIRIUS";"UN";"85365090";4.15;7.5;6.9;8.64
"14.05.00092";"3127";"MODULO INTERRUPTOR INTERMEDIARIO MARGIRIUS";"UN";"85365090";13.85;21;19;24.13
"14.05.00093";"3128";"MODULO INTERRUPTOR PARALELO MARGIRIUS";"UN";"85365090";7.35;11;10;12.67
"14.05.00094";"3129";"MODULO INTERRUPTOR SIMPLES MARGIRIUS";"UN";"85365090";6.21;9.5;8.5;10.92
"14.05.00083";"3118";"MODULO SAIDA DE FIO MARGIRIUS C/2un";"UN";"39259090";1.4;3;2.4;3.45
"14.05.00086";"3121";"MODULO SAIDA REDE RJ45 MARGIRIUS";"UN";"85177099";12.47;19;17.3;21.85
"14.05.00087";"3122";"MODULO SAIDA TELEFONE RJ11 MARGIRIUS";"UN";"85177099";3.84;5.5;5.06;6.33
"14.05.00090";"3125";"MODULO TOMADA 10A MARGIRIUS";"UN";"85366910";6.12;9;8;9.9
"14.05.00089";"3124";"MODULO TOMADA 20A MARGIRIUS";"UN";"85366910";6.23;10;9;11
"14.05.00088";"3123";"MODULO TOMADA TELEFONE MARGIRIUS";"UN";"85366910";5.89;9;8;10.35
"14.05.00085";"3120";"MODULO TOMADA TV CABO COAXIAL MARGIRIUS";"UN";"85177099";3.61;5.5;5;6.33
"14.05.00096";"3193";"MODULO TOMADA VERMELHA 10A MARGIRIUS";"UN";"85366910";5.11;7.8;7;8.96
"14.05.00097";"3194";"MODULO TOMADA VERMELHA 20A MARGIRIUS";"UN";"85366910";7.36;11.5;10.35;12.65
"10.00.00048";"2855";"MOLA AUTOMATICA P/PORTA SOPRANO";"UN";"83026000";51.22;74;68;85.1
"20.00.00149";"100113";"MOTOBOMBA 2pol. GAS.4T AUTO ESC. TOYAMA";"UN";"84137090";1463.91;2200;2024;2530
"09.00.00065";"2831";"MOTOCOMPRESSOR JETMIL 1/3hp";"UN";"84148019";360.21;500;450;575
"20.00.00165";"100352";"MOTOR BIFASICO 2CV WEG";"UN";"";1200;1200;1200;1200
"19.00.00084";"1129";"MOTOR PARTIDA EMPILHADEIRA YANMAR";"UN";"85114000";1640;1640;1640;1640
"14.00.00140";"3623";"MULTIMETRO DIGITAL";"UN";"90303100";24.32;37;33.9;42.55
"17";"0";"N EXISTE";"UN";"";157.4;210;189;231
"20.00.";"0";"NAO";"UN";"";50;65;58.5;71.5
"18.00.00196";"100077";"NEUTRALIZADOR DE FERRUGEM 500ml OTTO";"UN";"38249941";17.26;29;24.5;33.36
"08.00.00004";"111";"NEUTROL 18lts OTTO";"UN";"27150000";371.89;540;475;621
"08.00.00005";"112";"NEUTROL 3.6lts OTTO";"UN";"27150000";121.9;178;155;204.7
"08.00.00006";"113";"NEUTROL 900ml OTTO";"UN";"27150000";17.85;27;24.75;31.05
"13.06.00011";"2153";"NEUTROL ACQUA 18lts OTTO";"UN";"27150000";334.72;490;420;563.5
"13.06.00014";"2156";"NEUTROL ACQUA 3.6lts OTTO";"UN";"27150000";100.41;155;135;170.5
"13.06.00015";"3000";"NEUTROL ACQUA 900ml OTTO";"UN";"27150000";12.45;18;16.54;20.7
"18.01.00283";"100144";"NIPEL 1/2 PLASTILIT";"UN";"39174090";0.86;2;1.8;2.2
"18.01.00144";"1763";"NIPEL 1/2 AMANCO";"UN";"39174090";0.97;2.5;2.25;2.75
"18.01.00333";"100670";"NIPEL 1/2 METAL";"UN";"79070090";4.86;9;8.1;9.9
"18.01.00145";"1764";"NIPEL 3/4 AMANCO";"UN";"39174090";1.46;3.4;3;3.74
"18.01.00334";"100671";"NIPEL 3/4 METAL";"UN";"79070090";7.64;12;10.8;13.2
"18.01.00341";"100863";"NIPEL 3/4 PLASTILIT";"UN";"39174090";1.05;2.5;2;2.88
"20.08.00022";"3528";"NIVEL A LASER CORTAG NLCP-02 VH";"UN";"90153000";248.19;370;340;425.59
"20.03.00030";"3602";"NIVEL ALUMINIO FERROVIARIO MTX 16pol. 40cm COD:340049";"UN";"90153000";34.48;55;50;63.25
"19.00.00199";"2873";"NIVEL ALUMINIO FERROVIARIO MTX 24pol. 60cm COD:340069";"UN";"90318099";45.22;75;67;86.25
"19.00.00271";"3645";"NIVEL ALUMINIO FERROVIARIO MTX 40pol.1mt COD:340109";"UN";"90318099";56.74;98;88;112.7
"20.03.00013";"1257";"NIVEL ALUMINIO IMANTADO CHIAPERINI 1mt";"UN";"90153000";76.63;125;115;143.75
"21.00.00013";"1448";"NIVEL ALUMINIO IMANTADO FAMASTIL 10 pol.";"UN";"90318099";16.73;25;22.7;28.75
"19.00.00069";"1103";"NIVEL ALUMINIO IMANTADO FAMASTIL 12 pol.";"UN";"90318099";18.6;28;25.5;32.2
"20.00.00058";"1524";"NIVEL ALUMINIO IMANTADO FAMASTIL 16 pol.";"UN";"90318099";24.8;37.5;34.5;43.13
"20.00.00143";"3606";"NIVEL ALUMINIO IMANTADO FAMASTIL 48 pol.";"UN";"90318099";61.28;95;85;109.3
"19.00.00386";"100858";"NIVEL ALUMINIO MTX 10pol. 25cm.";"UN";"90318099";22.82;37;32.5;40
"19.00.00070";"1104";"NIVEL ALUMINIO MTX 12pol. 30cm.";"UN";"90318099";24.14;39;34;44.85
"19.00.00198";"2872";"NIVEL ALUMINIO MTX 14 pol. 35cm.";"UN";"90318099";24.49;40;35;46
"19.00.00385";"100857";"NIVEL ALUMINIO MTX 16pol. 40cm.";"UN";"90318099";25.88;42;36.5;48.46
"19.00.00272";"3646";"NIVEL ALUMINIO TRAPEZOIDAL VONDER BASE MAGN.";"UN";"90318099";25.11;38;34.9;43.7
"19.00.00161";"2536";"NIVEL TORPEDO IMANTADO SPARTA 230mm";"UN";"90318099";10.53;17;15;19.56
"19.00.00200";"2881";"NIVEL TRAPEZOIDAL THOMPSON 12pol.";"UN";"90318099";21.78;33;30;37.95
"20.08.00026";"3532";"NUMERO ACO INOX 6";"UN";"";13.4;19.5;18;22.43
"20.08.00010";"1366";"NUMERO ALUMINIO FILETADO 0";"UN";"76169900";6.15;10;9;11.48
"20.08.00011";"1367";"NUMERO ALUMINIO FILETADO 1";"UN";"76169900";6.15;10;9;11.48
"20.08.00012";"1368";"NUMERO ALUMINIO FILETADO 2";"UN";"76169900";6.15;10;9;11.48
"20.08.00013";"1369";"NUMERO ALUMINIO FILETADO 3";"UN";"76169900";6.15;10;9;11.48
"20.08.00014";"1370";"NUMERO ALUMINIO FILETADO 4";"UN";"76169900";6.15;10;9;11.48
"20.08.00015";"1371";"NUMERO ALUMINIO FILETADO 5";"UN";"76169900";6.15;10;9;11.48
"20.08.00016";"1372";"NUMERO ALUMINIO FILETADO 6";"UN";"76169900";6.15;10;9;11.48
"20.08.00017";"1373";"NUMERO ALUMINIO FILETADO 7";"UN";"76169900";6.15;10;9;11.48
"20.08.00018";"1374";"NUMERO ALUMINIO FILETADO 8";"UN";"76169900";6.15;10;9;11.48
"20.08.00019";"2561";"NUMERO ALUMINIO FILETADO 9";"UN";"76169900";6.15;10;9;11.51
"09.05.00008";"249";"NUMERO ALUMINIO POLIDO 0";"UN";"76169900";12.9;19.5;17.8;22.42
"14.00.00040";"519";"NUMERO ALUMINIO POLIDO 1";"UN";"76169900";12.9;19.5;17.8;22.42
"18.00.00076";"1843";"NUMERO ALUMINIO POLIDO 2";"UN";"76169900";10.63;19.5;17.8;22.42
"16.00.00001";"1380";"NUMERO ALUMINIO POLIDO 3";"UN";"76169900";12.15;19.5;17.8;22.43
"14.05.00019";"579";"NUMERO ALUMINIO POLIDO 4";"UN";"76169900";12.9;19.5;17.8;22.42
"14.08.00004";"657";"NUMERO ALUMINIO POLIDO 5";"UN";"76169900";10.7;19.5;17.8;22.42
"19.07.00014";"2176";"NUMERO ALUMINIO POLIDO 6 / 9";"UN";"76169900";14.9;19.5;17.5;22.42
"14.00.00034";"477";"NUMERO ALUMINIO POLIDO 7";"UN";"76169900";10.63;19.5;17.8;22.42
"13.01.00008";"521";"NUMERO ALUMINIO POLIDO 8";"UN";"76169900";12.9;19.5;17.8;22.42
"20.08.00031";"3580";"NUMERO ESPELHADO 1";"UN";"70071900";9.9;15;13.8;17.25
"20.08.00032";"3581";"NUMERO ESPELHADO 2";"UN";"70071900";10;15;13.8;17.25
"20.08.00033";"3582";"NUMERO ESPELHADO 3";"UN";"70071900";10;15;13.8;17.25
"20.08.00034";"3583";"NUMERO ESPELHADO 4";"UN";"70071900";10;15;13.8;17.25
"20.08.00035";"3584";"NUMERO ESPELHADO 5";"UN";"70071900";10;15;13.8;17.25
"20.08.00036";"3585";"NUMERO ESPELHADO 6";"UN";"70071900";10;15;13.8;17.25
"20.08.00037";"3586";"NUMERO ESPELHADO 7";"UN";"70071900";10.04;15;13.8;17.25
"20.08.00038";"3587";"NUMERO ESPELHADO 8";"UN";"70071900";10;15;13.8;17.25
"20.08.00039";"3588";"NUMERO ESPELHADO 9";"UN";"70071900";9.9;15;13.8;17.25
"20.08.00030";"3579";"NUMERO ESPELHADO O";"UN";"70071900";10;15;13.8;17.25
"20.08.00040";"100677";"NUMERO ESPELHADO PEQUENO 0";"UN";"70200090";6.9;12.5;11;15
"20.08.00041";"100678";"NUMERO ESPELHADO PEQUENO 1";"UN";"70200090";6.9;12.5;11;15
"20.08.00042";"100679";"NUMERO ESPELHADO PEQUENO 2";"UN";"70200090";6.9;12.5;11;15
"20.08.00043";"100680";"NUMERO ESPELHADO PEQUENO 3";"UN";"70200090";6.9;12.5;11;15
"20.08.00044";"100681";"NUMERO ESPELHADO PEQUENO 4";"UN";"70200090";6.9;12.5;11;15
"20.08.00046";"100683";"NUMERO ESPELHADO PEQUENO 5";"UN";"70200090";6.9;12.5;11;15
"20.08.00045";"100682";"NUMERO ESPELHADO PEQUENO 6";"UN";"70200091";6.9;12.5;11;15
"20.08.00047";"100684";"NUMERO ESPELHADO PEQUENO 7";"UN";"70200090";6.9;12.5;11;15
"20.08.00048";"100685";"NUMERO ESPELHADO PEQUENO 8";"UN";"70200090";6.9;12.5;11;15
"20.08.00049";"100686";"NUMERO ESPELHADO PEQUENO 9";"UN";"70200090";6.9;12.5;11;15
"20.08.00001";"1356";"NUMERO PLASTICO COLONIAL 0";"UN";"39259010";2.05;4;3.3;4.62
"20.08.00002";"1357";"NUMERO PLASTICO COLONIAL 1";"UN";"39259010";2.05;4;3.3;4.62
"20.08.00003";"1358";"NUMERO PLASTICO COLONIAL 2";"UN";"39259010";2.05;4;3.3;4.62
"20.08.00004";"1359";"NUMERO PLASTICO COLONIAL 3";"UN";"39259010";2.05;4;3.3;4.62
"20.08.00005";"1360";"NUMERO PLASTICO COLONIAL 4";"UN";"39259010";2.05;4;3.3;4.62
"20.08.00006";"1361";"NUMERO PLASTICO COLONIAL 5";"UN";"39259010";2.05;4;3.3;4.62
"20.08.00007";"1362";"NUMERO PLASTICO COLONIAL 6 / 9";"UN";"39259010";2.05;4;3.6;4.4
"20.08.00008";"1364";"NUMERO PLASTICO COLONIAL 7";"UN";"39259010";2.05;4;3.3;4.62
"20.08.00009";"1365";"NUMERO PLASTICO COLONIAL 8";"UN";"39259010";2.05;4;3.3;4.62
"20.08";"0";"NUMEROS";"UN";"";0;0;0;0
"19.02.00079";"100571";"OBTURADOR SAIDA CAIXA ACOPLADA";"UN";"84819010";7.94;11.5;10.5;13.22
"20.00.00186";"100687";"OCULOS DE PROTECAO LEOPARDO FUME KALIPSO";"UN";"90049020";4.5;9;7.65;10.8
"20.00.00078";"2355";"OCULOS DE SEGURANCA 3M INCOLOR VISION 3000";"UN";"90049020";9.5;15;13.5;17.25
"20.00.00108";"2840";"OCULOS DE SEGURANCA JAGUAR KALIPSO FUME";"UN";"90049020";5.3;9;8;10.35
"20.00.00107";"2834";"OCULOS DE SEGURANCA JAGUAR KALIPSO INCOLOR";"UN";"90049020";5.3;9;8;10.35
"20.00.00135";"3285";"OCULOS DE SEGURANCA JAGUAR KALIPSO VERDE";"UN";"90049020";5.75;9;8.2;10.35
"20.00.00209";"100839";"OCULOS DE SEGURANCA MALTES VONDER FUME";"UN";"90049020";4.24;8.5;7.5;10
"20.00.00210";"100840";"OCULOS DE SEGURANCA MALTES VONDER INCOLOR";"UN";"90049020";4.24;8.5;7.5;10
"20.00.00208";"100838";"OCULOS DE SEGURANCA MALTES VONDER VERDE";"UN";"90049020";4.34;8.5;7.5;0
"20.00.00032";"1375";"OCULOS DE SEGURANCA PIT BULL VONDER FUME";"UN";"90049020";7.24;11;10;12.65
"01.000.";"0";"OLEO";"LT";"27101921";5.42;6.2;6.95;7.13
"09.00.00072";"3085";"OLEO DE LINHACA 900ml";"UN";"27079990";8.05;12.5;11.5;14.38
"01.00.00018";"100197";"OLEO LUBRIFICANTE YPF EXTRA VIDA XV200 15w40";"UN";"27101932";339.9;339.9;339.9;339.9
"20.00.00001";"2843";"OLEO MULTIUSO SINGER 100ml";"UN";"27101931";4.78;7;6.4;8.05
"19.00.00245";"3343";"PA BICO FAMASTIL C/ CABO";"UN";"82011000";29.83;50;44;57.5
"19.00.00071";"1105";"PA BICO METISA C/ CABO";"UN";"82011000";31.53;47;40;54.05
"19.00.00244";"3342";"PA BICO TRAMONTINA C/ CABO";"UN";"82011000";41.88;65;58.5;71.5
"19.00.00304";"100267";"PA PARA LIXO CHAPA CABO LONGO";"UN";"96039000";9.48;14.5;13;16.68
"19.00.00305";"100268";"PA PARA LIXO PLASTICA CABO LONGO";"UN";"96039000";6.53;10;9;11.5
"19.00.00259";"3510";"PA QUADRADA C/ CABO CANAL";"UN";"82011000";29.98;45;40;51.75
"19.00.00134";"2252";"PA QUADRADA C/ CABO METISA";"UN";"82011000";33.4;50;45.5;57.5
"09.02.00017";"151";"PA VANGA BICO C/ CABO TRAMONTINA";"UN";"82011000";30.32;45;41;51.75
"19.00.00072";"1106";"PA VANGA QUADRADA C/ CABO";"UN";"82011000";38.22;57;52;65.55
"20.00.00034";"1377";"PALHA DE ACO 0";"UN";"73231000";1.39;2.5;2.2;2.89
"20.00.00035";"1378";"PALHA DE ACO 1";"UN";"73231000";1.33;2.5;2.2;2.87
"20.00.00036";"1379";"PALHA DE ACO 2";"UN";"73231000";1.39;2.5;2.2;2.75
"20.00.00024";"1301";"PALLET HOLCIM BRASIL S/A";"UN";"44152000";29.13;30;29.13;29.13
"01.01.00075";"3097";"PANFLETO PROPAGANDA 500un";"UN";"";350;350;350;350
"01.00.00046";"100721";"PANO DE CHAO 40X60 C/3 UN";"UN";"63071000";12.57;19;16;21.85
"22.22.00005";"100652";"PAPEL HIGIENICO FOFINHO ABSOLUT";"UN";"";1.65;0;0;0
"13.02.00010";"100827";"PAPELEIRA FOX BRASIL ACRILICO CROMADO";"UN";"39229000";5.5;10;8.7;12
"14.06.00013";"628";"PARAFUSADEIRA/FURAD 1/2 IPFV1819I 18V VONDER S/BAT";"UN";"84672992";471.34;700;615;770
"14.00.00025";"448";"PARAFUSADEIRA/FURAD.3/8 VONDER IPFV1852 18v.";"UN";"84672992";392.01;550;490;632.5
"14.00.00167";"100831";"PARAFUSADEIRA/FURAD.3/8 VONDER PFV012 12v.";"UN";"84672992";157.39;250;215;270
"14.00.00026";"449";"PARAFUSADEIRA/FURAD.3/8 VONDER PFV120 12v.";"UN";"84672992";219.79;340;280;391
"18.00.00025";"1027";"PARAFUSADEIRA/FURAD.3/8 VONDER PFV238 20v";"UN";"84672992";230.39;380;300;437
"16";"0";"PARAFUSO";"UN";"";1;1.5;0.15;1.73
"16.00.00022";"100080";"PARAFUSO AUTO BROCANTE PHILIPS 4.2 x 13";"UN";"73181400";0.07;0.2;0.17;0.23
"16.00.00023";"100081";"PARAFUSO AUTO BROCANTE PHILIPS 4.2 x 19";"UN";"73181400";0.07;0.25;0.23;0.29
"16.00.00024";"100082";"PARAFUSO AUTO BROCANTE PHILIPS 4.2 x 25";"UN";"73181400";0.1;0.4;0.3;0.46
"16.00.00030";"100088";"PARAFUSO AUTO BROCANTE SEXT.C/ VEDANTE 5.5x1";"UN";"73181400";0.24;0.6;0.48;0.69
"16.00.00043";"100109";"PARAFUSO AUTO BROCANTE SEXT.C/ VEDANTE 5.5x2pol";"UN";"73181400";0.34;0.9;0.8;1.04
"16.00.00032";"100090";"PARAFUSO AUTO BROCANTE SEXT.C/ VEDANTE 5.5x3/4";"UN";"73181400";0.2;0.6;0.55;0.69
"16.00.00047";"100198";"PARAFUSO AUTO BROCANTE SEXT.C/ VEDANTE 5.5x4pol";"UN";"73181400";0.7;1.5;1.2;1.72
"16.00.00026";"100084";"PARAFUSO AUTO BROCANTE SEXT.SEM VEDANTE 4.2x16";"UN";"73181400";0.06;0.25;0.2;0.29
"16.00.00027";"100085";"PARAFUSO AUTO BROCANTE SEXT.SEM VEDANTE 4.8x16";"UN";"73181400";0.12;0.3;0.27;0.35
"16.00.00028";"100086";"PARAFUSO AUTO BROCANTE SEXT.SEM VEDANTE 4.8x25";"UN";"73181400";0.13;0.4;0.3;0.46
"16.00.00029";"100087";"PARAFUSO AUTO BROCANTE SEXT.SEM VEDANTE 5.5x19";"UN";"73181400";0.13;0.45;0.4;0.52
"16.00.00031";"100089";"PARAFUSO AUTO BROCANTE SEXT.SEM VEDANTE 5.5x25";"UN";"73181400";0.15;0.5;0.42;0.57
"16.00.00033";"100091";"PARAFUSO AUTO BROCANTE SEXT.SEM VEDANTE 5.5x38";"UN";"73181400";0.22;0.7;0.6;0.8
"16.00.00015";"3338";"PARAFUSO BACIA 10mm LUXO";"UN";"73181200";0.96;2.5;2.3;2.88
"16.00.00005";"2122";"PARAFUSO BACIA BUCHA 08mm";"UN";"73181500";1.3;2.3;2.1;2.53
"16.00.00004";"2120";"PARAFUSO BACIA BUCHA 10mm C/2un.";"UN";"73181400";2.65;5.6;5;6.48
"16.00.00008";"2145";"PARAFUSO BACIA BUCHA 12mm C/2un.";"UN";"73181500";4.8;9;8;10.36
"19.02.00078";"100529";"PARAFUSO BLUKIT P/CAIXA ACOPLADA C/2un.";"UN";"39269090";9.52;15;13.7;17.25
"16.00.00018";"3423";"PARAFUSO BUCHA FENDA 08mm 4.8x75";"UN";"73181500";0.3;0.6;0.55;0.7
"16.02.00011";"2312";"PARAFUSO BUCHA FENDA 10mm 5.5x65";"UN";"73181500";0.22;0.7;0.65;0.8
"16.02.00013";"2314";"PARAFUSO BUCHA FENDA 10mm 5.5x75";"UN";"73181200";0.38;0.8;0.74;0.93
"16.02.00010";"2311";"PARAFUSO BUCHA FENDA 10mm 6.1x90";"UN";"73181500";0.25;0.8;0.74;0.92
"16.00.00010";"2347";"PARAFUSO BUCHA PHILIPS 06mm 3.5x40";"UN";"73181500";0.04;0.2;0.17;0.24
"16.02.00019";"100006";"PARAFUSO BUCHA PHILIPS 06mm 3.8x40";"UN";"73181500";0.08;0.3;0.2;0.35
"14.12.00002";"1229";"PARAFUSO BUCHA PHILIPS 06mm 4.0x40";"MT";"73181500";0.08;0.3;0.25;0.35
"14.00.00142";"3653";"PARAFUSO BUCHA PHILIPS 06mm 4.0x50";"UN";"73181200";0.07;0.3;0.25;0.34
"13.01.00019";"2632";"PARAFUSO BUCHA PHILIPS 06mm 4.2x50";"UN";"73181500";0.14;0.4;0.36;0.44
"19.05.00065";"2455";"PARAFUSO BUCHA PHILIPS 08mm 4.5x60";"UN";"73181500";0.12;0.35;0.32;0.42
"16.00.00007";"2142";"PARAFUSO BUCHA PHILIPS 08mm 4.8x50";"UN";"73181500";0.16;0.45;0.4;0.49
"16.00.00020";"3651";"PARAFUSO BUCHA PHILIPS 08mm 4.8x65";"UN";"73181500";0.17;0.5;0.45;0.58
"16.00.00021";"3652";"PARAFUSO BUCHA PHILIPS 08mm 4.8x75";"UN";"73181500";0.24;0.6;0.55;0.68
"14.12.00003";"1230";"PARAFUSO BUCHA PHILIPS 10mm 5.0x50";"MT";"73181500";0.12;0.45;0.41;0.49
"14.12.00001";"1228";"PARAFUSO BUCHA PHILIPS 10mm 5.0x60";"UN";"73181500";0.13;0.5;0.42;0.57
"19.05.00044";"982";"PARAFUSO BUCHA PHILIPS 10mm 5.0x80";"UN";"73181500";0.2;0.65;0.55;0.76
"16.02.00020";"100215";"PARAFUSO BUCHA PHILIPS 10mm 5.5x50";"UN";"73181500";0.2;0.7;0.55;0.85
"16.02.00021";"100216";"PARAFUSO BUCHA PHILIPS 10mm 5.5x65";"UN";"73181500";0.29;0.7;0.63;0.77
"16.02.00009";"2310";"PARAFUSO BUCHA PHILIPS 10mm 5.5x75";"UN";"73181500";0.29;0.85;0.75;0.97
"16.00.00009";"2157";"PARAFUSO BUCHA SEXTAVADO 08mm 3/16 x 50mm";"UN";"73181500";0.18;0.4;0.37;0.45
"16.00.00019";"3549";"PARAFUSO BUCHA SEXTAVADO 08mm 3/16 x 60mm";"UN";"73181500";0.2;0.6;0.55;0.69
"16.00.00017";"3401";"PARAFUSO BUCHA SEXTAVADO 08mm 3/16 x 70mm";"UN";"73181500";0.3;0.75;0.7;0.85
"16.00.00002";"1603";"PARAFUSO BUCHA SEXTAVADO 10mm 1/4x65mm";"UN";"73181200";0.27;0.75;0.6;0.85
"16.00.00011";"2356";"PARAFUSO BUCHA SEXTAVADO 10mm 1/4x75mm";"UN";"73181500";0.33;1.1;0.95;1.29
"16.02.00016";"2317";"PARAFUSO BUCHA SEXTAVADO 12mm 5/16 x 65mm";"UN";"73181200";0.44;1.7;1.45;1.97
"16.00.00016";"3400";"PARAFUSO BUCHA SEXTAVADO 12mm 5/16 x 90mm";"UN";"73181200";0.81;2.5;2.12;2.87
"16.00.00044";"100110";"PARAFUSO FENDA MAQUINA 1/4 x 1pol";"UN";"73181500";0.18;0.6;0.55;0.69
"16.00.00045";"100111";"PARAFUSO FENDA MAQUINA 1/4 x 2pol";"UN";"73181500";0.26;0.95;0.87;1.09
"16.00.00025";"100083";"PARAFUSO FENDA MAQUINA 1/4-20 x 1-1/2";"UN";"73181500";0.17;0.6;0.45;0.69
"16.00.00046";"100143";"PARAFUSO FRANCES 1/4 x 1. 1/2";"UN";"73181500";0.34;1;0.8;1.15
"10.02.00027";"100103";"PARAFUSO MADEIRA PHILIPS 3.0x16";"UN";"73181200";0.02;0.15;0.13;0.18
"10.02.00018";"2430";"PARAFUSO MADEIRA PHILIPS 3.5x25 P/ DOBRADICA";"UN";"73181200";0.04;0.15;0.13;0.18
"16.02.00014";"2315";"PARAFUSO RETO CORTINA COMPLETO";"UN";"73181200";0.27;1;0.9;3.2
"16.00.00049";"100206";"PARAFUSO SEXTAVADO 1/4 x 1";"UN";"73181500";0.19;0.55;0.5;0.64
"16.00.00048";"100205";"PARAFUSO SEXTAVADO 1/4 x 1 1/2";"UN";"73181500";0.36;0.75;0.69;0.86
"16.00.00050";"100207";"PARAFUSO SEXTAVADO 1/4 x 2 1/2";"UN";"73181500";0.33;1;0.9;1.15
"16.00.00052";"100209";"PARAFUSO SEXTAVADO 5/16 x 1";"UN";"73181500";0.31;0.9;0.7;1.03
"16.00.00051";"100208";"PARAFUSO SEXTAVADO 5/16 x 1 1/2";"UN";"73181500";0.58;1.15;1.06;1.33
"16.00.00054";"100211";"PARAFUSO SEXTAVADO 5/16 x 2";"UN";"73181500";0.37;1;0.85;1.15
"16.00.00053";"100210";"PARAFUSO SEXTAVADO 5/16 x 2 1/2";"UN";"73181500";0.62;1.5;1.35;1.72
"16.00.00003";"2093";"PARAFUSO TELHA FIBROCIMENTO 1/4";"UN";"73181500";0.38;0.8;0.64;1.2
"16.02.00012";"2313";"PARAFUSO TELHA FIBROCIMENTO 5/16";"UN";"73181500";0.47;1;0.9;1.16
"19.05.00039";"965";"PARAFUSO TELHA PVC COMPLETO UNITARIO";"UN";"39259010";1.36;3;2.7;3.3
"14.00.00069";"692";"PASSAFIO C/ ALMA DE ACO 10mts";"UN";"39174090";15.14;23;19;26.45
"14.00.00068";"691";"PASSAFIO C/ ALMA DE ACO 15mts";"UN";"72179000";12.99;30;25;34.5
"14.00.00070";"693";"PASSAFIO C/ ALMA DE ACO 20mts";"UN";"39174090";26.1;40;35;46
"14.00.00053";"651";"PASSAFIO C/ GUIA 10mts";"UN";"85444200";6.03;10;9.2;11.5
"14.00.00054";"652";"PASSAFIO C/ GUIA 15mts";"UN";"85444200";6.5;11;10;12.65
"14.00.00055";"653";"PASSAFIO FOXLUX C/ GUIA 20mts";"UN";"85444200";15.62;25;22.5;28.76
"01.00.00014";"3402";"PASSARINHEIRA PARA TELHA ETERNIT";"UN";"39259090";0.19;0.5;0.46;0.57
"01.01.00113";"3403";"PASSARINHEIRA PARA TELHA PORTUGUESA";"UN";"39259090";0.38;0.8;0.7;0.91
"18.00.00063";"1766";"PASTA LUBRIFICANTE 160gr";"UN";"39174090";12;20;16;23
"18.01.00295";"100273";"PASTA LUBRIFICANTE AMANCO 80gr.";"UN";"34012090";9.76;15;12;17.23
"01.01.00040";"2910";"PASTILHA DE VIDRO 30x30 MESCLA AMOLITE";"UN";"70169000";12;19;17.48;21.85
"10.00.00001";"276";"PASTILHA DE VIDRO 30x30 MESCLA CARAMELO";"UN";"70169000";12.5;19;17.42;20.9
"20.00.00054";"1520";"PASTILHA DE VIDRO 30x30 MESCLA CINZA";"UN";"70169000";12.9;19;17.42;20.9
"13.03.00018";"1195";"PASTILHA DE VIDRO 30x30 PRETO";"UN";"70169000";12;19;17.42;20.9
"01.00.00010";"2841";"PASTILHA DE VIDRO 30x30 VERMELHA";"UN";"70169000";12.9;19;17.41;21.85
"19.00.00065";"1099";"PE DE CABRA 1mt";"UN";"72142000";15;22;20;25.3
"19.00.00073";"1107";"PE DE CABRA 60cm.";"UN";"72142000";22.7;35;32;40.25
"09.10.00001";"2828";"PE DE CABRA SEXTAVADO 60cm MTX / SPARTA COD:2522655";"UN";"82055900";34.17;55;48;63.25
"18.10.00025";"2005";"PE DE CABRA SEXTAVADO 90cm SPARTA COD:2522855";"UN";"82055900";42.14;65;58.8;74.75
"19.00.00350";"100578";"PE REFORCADO CARRINHO ESFERA G-14";"UN";"87169090";16.56;26;23.9;29.9
"12.00.00006";"400";"PEDRA 01";"MT";"25171000";92;150;115;192.88
"19.00.00315";"100370";"PEDRA DE AMOLAR C/ SUPORTE MADEIRA";"UN";"68043000";17.9;27;24.8;31.05
"12.00.00007";"401";"PEDRISCO";"UN";"25171000";100;160;128;180
"14.00.00118";"2584";"PENDENTE CONE VIDRO FOSCO";"UN";"94051093";26;40;40;46
"14.00.00120";"2586";"PENDENTE COPO ALUMINIO";"UN";"94051093";24.5;40;40;46
"14.00.00121";"2587";"PENDENTE ESTRELA 1321";"UN";"94051099";73.19;105;105;120.75
"14.00.00119";"2585";"PENDENTE LED P/ MECANICO 3w";"UN";"85131010";27.58;45;40;51.75
"14.00.00111";"2577";"PENDENTE REDONDO 400mm 1822";"UN";"94051099";65.27;120;120;138
"19.11.00001";"1108";"PENEIRA ARO DE FERRO 55mm ARROZ";"UN";"96040000";41.98;63;56.7;69.3
"19.11.00008";"1115";"PENEIRA ARO DE FERRO 55mm CAFE";"UN";"96040000";28.12;45;40.5;49.5
"19.11.00013";"2754";"PENEIRA ARO DE FERRO 55mm FEIJAO";"UN";"96040000";29.89;45;40.5;49.5
"19.11.00004";"1111";"PENEIRA ARO DE FERRO 70mm CAFE";"UN";"96040000";53.6;80;72;88
"19.11.00010";"1117";"PENEIRA ARO DE FERRO 70mm FEIJAO";"UN";"96040000";54.34;85;76.5;93.5
"19.11.00003";"1110";"PENEIRA ARO MADEIRA 55mm ARROZ";"UN";"96040000";17.12;30;26.5;34.5
"19.11.00009";"1116";"PENEIRA ARO MADEIRA 55mm CAFE";"UN";"96040000";18;30;26;34.51
"19.11.00012";"2165";"PENEIRA ARO MADEIRA 55mm FEIJAO";"UN";"96040000";18.65;30;27;34.51
"19.11.00006";"1113";"PENEIRA ARO MADEIRA 70mm CAFE";"UN";"96040000";32.76;55;50;63.24
"19.11.00011";"1118";"PENEIRA ARO MADEIRA 70mm FEIJAO";"UN";"96040000";33.08;56;47.6;64.4
"19.11.00014";"100414";"PENEIRA PEDREIRO RETANGULAR 50x80 MALHA 06";"UN";"96040000";48.58;70;64.4;80.5
"19.11";"0";"PENEIRAS";"UN";"96040000";0;0;0;0
"19.00.00074";"1119";"PERCEVEJOS LATONADOS 100 UND";"UN";"";0.45;1;0.9;1.1
"19.00.00109";"1382";"PERFUR";"UN";"82014000";59.13;0;0;0
"19.00.00108";"1381";"PERFURADOR SOLO VONDER 25cm C/CABO";"UN";"82014000";127.68;190;170;218.5
"19.00.00111";"1384";"PERGOLA 5x20CM";"UN";"";6.5;8.5;8;9.35
"13.04";"0";"PIA";"MT";"68022300";280;350;332.5;385
"13.04.00012";"1396";"PIA";"UN";"39221000";46.8;64;57.6;70.4
"13.04.00014";"1398";"PIA";"UN";"39221000";77;104;93.6;114.4
"13.04.00020";"2388";"PIA GRANITO 1.20 x 0.56mts BEGE ARABESCO";"UN";"68022300";306;520;445;598
"13.04.00003";"1387";"PIA GRANITO 1.20 x 0.56mts CINZA CORUMBA";"UN";"68022300";306;520;445;598
"13.04.00004";"1388";"PIA GRANITO 1.20 x 0.56mts VERDE UBATUBA";"UN";"68022300";306;520;445;572
"13.04.00021";"2389";"PIA GRANITO 1.50 x 0.56mts BEGE ARABESCO";"UN";"68022300";366.3;620;545;713
"13.04.00005";"1389";"PIA GRANITO 1.50 x 0.56mts CINZA CORUMBA";"UN";"68022300";366.3;620;545;713
"13.04.00006";"1390";"PIA GRANITO 1.50 x 0.56mts VERDE UBATUBA";"UN";"68022300";402.93;620;545;685
"13.04.00022";"2390";"PIA GRANITO 1.80 x 0.56mts BEGE ARABESCO";"UN";"68022300";424.8;725;615;833.75
"13.04.00007";"1391";"PIA GRANITO 1.80 x 0.56mts CINZA CORUMBA";"UN";"68022300";424.8;725;615;833.75
"13.04.00008";"1392";"PIA GRANITO 1.80 x 0.56mts VERDE UBATUBA";"UN";"68022300";467.28;725;615;833.75
"13.04.00026";"2491";"PIA GRANITO 2.00 x 0.56mts BEGE ARABESCO";"KG";"68022300";453.6;770;650;885.5
"13.04.00027";"2605";"PIA GRANITO 2.00 x 0.56mts CINZA CORUMBA";"UN";"68022300";453.6;770;650;885.5
"13.04.00025";"2490";"PIA GRANITO 2.00 x 0.56mts VERDE UBATUBA";"UN";"68022300";498.96;770;650;847
"13.01.00020";"100147";"PIA MARM.SINT.DECORALITA 1.20";"UN";"68109900";104.79;175;160;201.25
"22.00.00040";"2465";"PIA MARM.SINT.DECORALITA 1.50 BEGE";"UN";"68109900";157.3;235;215;270.25
"13.04.00009";"1393";"PIA MARMORE SINT. AJ RORATO 120 x 55cm. CELO";"UN";"68109900";146.36;215;195;376.25
"13.04.00013";"1397";"PIA MARMORE SINT. AJ RORATO 120 x 55cm. CINZA";"UN";"68109900";146.36;215;195;247.25
"22.00.00039";"2464";"PIA MARMORE SINT. AJ RORATO 120 x 55cm. PRETO";"UN";"68109900";146.36;215;195;247.25
"14.00.00042";"522";"PIA MARMORE SINT. AJ RORATO 150 x 55cm. CINZA";"UN";"68109900";176.27;270;248;310.5
"13.04.00010";"1394";"PIA MARMORE SINT. AJ RORATO 150 x 55cm. GELO";"UN";"68109900";187.02;270;248;310.5
"13.01.00010";"527";"PIA MARMORE SINT. AJ RORATO 150 x 55cm. PRETO";"UN";"68109900";176.27;270;248;310.5
"13.04.00011";"1395";"PIA MARMORE SINT. AJ RORATO 150 x 55cm. TRAVERTINO";"UN";"68109900";187.02;270;248;310.5
"13.04.00017";"2214";"PIA MARMORE SINT.GRANITADO AJ RORATO 120 x 55cm BRANCO";"UN";"68109900";147.75;235;210;270.25
"13.04.00029";"100117";"PIA MARMORE SINT.GRANITADO AJ RORATO 120 x 55cm CINZA";"UN";"68109900";147.75;235;210;270.25
"13.04.00030";"100118";"PIA MARMORE SINT.GRANITADO AJ RORATO 120 x 55cm PRETA";"UN";"68109900";147.75;235;210;270.25
"13.04.00028";"100116";"PIA MARMORE SINT.GRANITADO AJ RORATO 120 x 55cm TRAVERTINO";"UN";"68109900";147.75;235;210;270.25
"13.04.00031";"100119";"PIA MARMORE SINT.GRANITADO AJ RORATO 150 x 55cm BRANCA";"UN";"68109900";188.79;300;265;345
"13.04.00018";"2215";"PIA MARMORE SINT.GRANITADO AJ RORATO 150 x 55cm CINZA";"UN";"68109900";188.79;300;265;330
"13.04.00033";"100121";"PIA MARMORE SINT.GRANITADO AJ RORATO 150 x 55cm PRETA";"UN";"68109900";188.79;300;265;330
"13.04.00023";"2412";"PIA MARMORE SINT.GRANITADO AJ RORATO 150 x 55cm TRAVERTINO";"UN";"68109900";188.79;300;265;330
"13.04.00041";"100872";"PIA MARMORE SINT.GRANITADO AJ RORATO 180 x 55cm BRANCA";"UN";"68109900";273.53;425;375;470
"13.04.00035";"100123";"PIA MARMORE SINT.GRANITADO AJ RORATO 180 x 55cm CINZA";"UN";"68109900";273.53;425;375;470
"13.04.00042";"100873";"PIA MARMORE SINT.GRANITADO AJ RORATO 180 x 55cm PRETA";"UN";"68109900";273.53;425;375;470
"13.04.00040";"100871";"PIA MARMORE SINT.GRANITADO AJ RORATO 180 x 55cm TRAVERTINO";"UN";"68109900";273.53;425;375;470
"13.04.00015";"1399";"PIA MARMORE SINT.GRANITADO AJ RORATO 200 x 55cm BRANCO";"UN";"68109900";313.37;485;435;535
"13.04.00037";"100125";"PIA MARMORE SINT.GRANITADO AJ RORATO 200 x 55cm CINZA";"UN";"68109900";313.37;485;435;535
"13.04.00039";"100127";"PIA MARMORE SINT.GRANITADO AJ RORATO 200 x 55cm PRETA";"UN";"68109900";313.37;485;435;535
"13.04.00038";"100126";"PIA MARMORE SINT.GRANITADO AJ RORATO 200 x 55cm TRAVERTINO";"UN";"68109900";313.37;485;435;535
"13.04.00032";"100120";"PIA MARMORE SINT.MARMORIX 150 x 56cm CINZA";"UN";"68109900";150;218;195;250.7
"13.04.00034";"100122";"PIA MARMORE SINT.MARMORIX 180 x 56cm BEGE";"UN";"68109900";215;320;290;368
"13.04.00019";"2216";"PIA MARMORE SINT.MARMORIX 180 x 56cm BRANCO";"UN";"68109900";215;320;290;368
"13.04.00036";"100124";"PIA MARMORE SINT.MARMORIX 180 x 56cm PRETO";"UN";"68109900";220;320;290;368
"02.01.00001";"2692";"PICARETA C/CABO TRAMONTINA";"UN";"82013000";73.92;115;103.5;126.5
"19.00.00075";"1120";"PICARETA FAMASTIL";"UN";"82013000";57.65;87;77;95.7
"19.00.00210";"2973";"PICARETA FUZIL C/ CABO";"UN";"82013000";30.29;80;73;92
"19.00.00076";"1121";"PICOLA";"UN";"82052000";18;30;27;34.5
"19.00.00116";"1510";"PICOLA SAO ROMAO";"UN";"8201400";21.75;33;30;37.95
"13.01.00023";"100527";"PILHA ALCALINA P/ CONTROLE REMOTO 12v";"UN";"85061032";6.59;11;9.9;12.65
"16.04.00003";"459";"PILHA COMUM PALITO AAA";"UN";"85061020";1.13;2;1.8;2.31
"13.01.00002";"508";"PILHA COMUM PEQUENA AA";"UN";"85061020";0.8;1.7;1.5;1.88
"09.05";"0";"PINCEIS";"UN";"";0;0;0;0
"01.00.00025";"100240";"PINGO MAGICO ORIGINAL 1lt";"UN";"34022000";13.83;21;18.5;24.15
"18.10.00009";"1989";"PINO ADAPTADOR 10A/20A";"UN";"85369090";2.4;5;4.5;5.75
"14.00.00060";"680";"PINO ADAPTADOR CUBO 4 SAIDAS";"UN";"85369090";3.7;6.5;6;7.48
"14.08.00001";"654";"PINO ADAPTADOR TE";"UN";"85369090";2;5.5;4.5;6.33
"09.01.00056";"221";"PINO FEMEA 10A 2P+T MEC TRONIC";"UN";"85366910";2.8;4.5;4;5.19
"14.08.00020";"3158";"PINO FEMEA 10A MARGIRIUS";"UN";"85366910";1.17;3;2.76;3.46
"19.00.00016";"913";"PINO FEMEA 10A MEC TRONIC";"UN";"85366910";2.34;3.5;3.2;4.13
"14.08.00028";"3634";"PINO FEMEA ILUMI 10A 2P+T";"UN";"85369090";3.6;6;5.4;6.88
"14.08.00016";"2549";"PINO FEMEA ILUMI 20A 2P+T";"UN";"85369090";3.6;6.5;5.85;7.15
"14.08.00006";"659";"PINO FEMEA TELEFONE";"UN";"85366910";1.11;2;1.85;2.31
"14.09.00005";"675";"PINO MACHO ILUMI 10A 2P PRENSA CABO";"UN";"85369090";2.45;5;4.5;5.5
"14.08.00027";"3616";"PINO MACHO ILUMI 10A 2P+T PRENSA CABO";"UN";"85369090";3.78;8;7.2;8.8
"14.08.00024";"3299";"PINO MACHO ILUMI 20A 2P PRENSA CABO";"UN";"85369090";4.44;6.5;5.94;7.47
"14.08.00029";"100161";"PINO MACHO ILUMI 20A 2P+T PRENSA CABO";"UN";"85369090";6.45;10;9.18;11.49
"14.08.00025";"3300";"PINO MACHO ILUMI 20A REFORCADO";"UN";"85369090";3.9;7;6.4;8.07
"14.08.00018";"3156";"PINO MACHO MARGIRIUS 10A";"UN";"85366990";0.97;2.5;2.3;2.88
"14.08.00019";"3157";"PINO MACHO MARGIRIUS 10A REFORCADO";"UN";"85366990";1.96;3.7;3.4;4.25
"14.08.00022";"3220";"PINO MACHO MARGIRIUS 2P+T 10A";"UN";"85366910";1.66;3.7;3.4;4.25
"14.08.00005";"658";"PINO MACHO MEC TRONIC 10A 2P";"UN";"85366910";1.82;3;2.75;3.3
"14.08.00023";"3296";"PINO MACHO MEC TRONIC 20A";"UN";"85369090";1.54;3;2.76;3.46
"14.08.00015";"2548";"PINO MACHO MEC TRONIC 2P+T 10A";"UN";"85366910";1.89;4.5;4.14;4.95
"14.08.00017";"2766";"PINO MACHO MEC TRONIC 2P+T 10A REFORCADO";"UN";"85369090";3.15;4.8;4.44;5.28
"14.11.00029";"755";"PINO MACHO MEC TRONIC 2P+T 20A";"UN";"85366990";2.77;4.5;4.14;5.17
"20.01.00006";"1211";"PINO MACHO MEC TRONIC 2P+T 20A REFORCADO";"UN";"85369090";3.58;5.5;5;6.32
"14.08.00003";"656";"PINO MACHO MEC TRONIC REFORCADO";"UN";"85369090";1.99;3.2;2.95;3.67
"14.08.00008";"662";"PINO MACHO PORC.BIPOLAR 20A 250V";"UN";"85366910";8.86;15;13.8;17.25
"14.08.00010";"664";"PINO MACHO PORC.TRIPOLAR 30A 250V";"UN";"85366910";11.38;18;15.8;21.6
"14.08.00012";"666";"PINO MACHO TELEFONE";"UN";"85366910";1.21;2.5;1.88;3.75
"18.00.00121";"2511";"PINO MONOBLOCO 20A 2P+T";"UN";"85369090";16.19;25;22;27.5
"14.08.00013";"667";"PINO TRIPOLAR CINZA 20A IRIEL";"UN";"85366910";2.54;3.6;3;4.5
"14.08";"0";"PINOS";"UN";"";0;0;0;0
"01.01.00060";"3003";"PISO 43x43 CAMBARA 2.06mt";"MT";"69072200";18.81;28;24.5;32.2
"01.01.00065";"3055";"PISO 43x43 CANNES BEGE 2.06 mts";"MT";"69072200";18.51;23;21;26.45
"01.01.00062";"3048";"PISO 43x43 CANNES BEGE 2.43 mts.";"MT";"69072200";18.51;27.5;25;30.25
"08.00.00019";"2740";"PISO 43x43 CARGO WHITE 2.06 Mts";"MT";"69072200";16.05;23.5;21.5;27.03
"14.11.00017";"741";"PISO 43x43 CARGO WHITE 2.43 mts";"MT";"69072200";16.05;23.5;21.5;27.02
"18.09.00006";"1943";"PISO 43x43 COQUE 2.06 mts";"MT";"69072200";15.32;23;21;26.45
"01.01.00095";"3251";"PISO 43x43 COQUE 2.43mt";"MT";"69072200";15.64;23;20.7;25.3
"09.01.00039";"204";"PISO 43x43 ISABELA 2.06 mts";"MT";"69072200";19.3;28.5;25.5;32.76
"01.01.00066";"3056";"PISO 43x43 KINGSTON 2.06 mts";"MT";"69072200";7.89;18;16.5;20.71
"01.01.00063";"3053";"PISO 43x43 LE BLANC 2.43 mts";"MT";"69072200";15.59;23;20;26.45
"01.01.00111";"3332";"PISO 43x43 REF.4334 2.43mts ECLIPSE";"MT";"69072200";14.16;25;22.5;27.5
"01.01.00068";"3059";"PISO 43x43 REF.4335 2.06 mts POLAR";"MT";"69072200";19.3;28;25.6;32.21
"13.03.00019";"1196";"PISO 45x45 BASALTO BEGE 2.00 Mts";"MT";"69072200";7.15;12;11;13.8
"01.01.00014";"2674";"PISO 45x45 DUOMO BEGE 2.00 Mts";"MT";"69072200";9.1;13;11.05;14.3
"01.01.00016";"2676";"PISO 45x45 ESTOCOLMO BEGE 2.00 Mts";"MT";"69072200";9.1;13;11.5;14.3
"01.01.00032";"2769";"PISO 45x45 HD ALFA CZ 2.00mts";"MT";"69072200";7.41;11;10;12.65
"01.01.00084";"3233";"PISO 45x45 HD ORIGEN 2.00mt";"MT";"69072200";8.6;12;11;13.8
"01.01.00012";"2672";"PISO 45x45 IBIZA BEGE 2.00mts";"MT";"69072200";9.1;13;11.7;14.3
"01.01.00013";"2673";"PISO 45x45 IBIZA PRATA 2.00 Mts";"MT";"69072200";9.1;13;11.7;14.3
"01.01.00008";"2668";"PISO 45x45 KARINA 45052 2.23 Mts";"MT";"69072200";9.19;15.5;14;17.83
"01.01.00007";"2667";"PISO 45x45 KARINA 45110 2.23 Mts";"MT";"69072200";9.19;15.5;14;17.83
"01.01.00089";"3244";"PISO 45x45 KARINA 45145 2.23 Mts";"MT";"69072200";9.41;15.5;14.2;17.83
"01.01.00114";"3455";"PISO 45x45 KARINA 45165 2.23 Mts";"MT";"69072200";10.5;24;22;27.59
"01.01.00009";"2669";"PISO 45x45 MERCURIO 2.00 Mts";"MT";"69072200";8.75;13;11.95;14.96
"01.01.00011";"2671";"PISO 45x45 PARMA CINZA 2.00 Mts";"MT";"69072200";9.1;13;11.7;15.28
"13.03.00013";"1190";"PISO 45x45 QUARTZO 2.00 Mts";"MT";"69072200";8.22;12;11;13.8
"01.01.00033";"2772";"PISO 45x45 SAN MARINO 2.00 Mts";"MT";"69072200";7.5;11;10;12.66
"01.01.00017";"2677";"PISO 45x45 TRAVERTINO BEGE 2.00 Mts";"MT";"69072200";9.1;10.5;10;11.55
"19.00.00187";"2817";"PISO 48x48 CAYENNE WHITE 2.35mts";"MT";"69072200";8.86;13;11.7;14.95
"01.01.00093";"3249";"PISO 50x50 GALAX 2.50mts";"MT";"69072200";9;13;11.95;14.95
"18.09.00080";"2970";"PISO 52x52 ALPES 2.65mts";"MT";"69072200";14.66;24.5;20;28.19
"19.10.00004";"1090";"PISO 52x52 ARTICO PLUS 2.65mts";"MT";"69072200";9.75;19.5;18;22.44
"01.01.00072";"3080";"PISO 52x52 BALSAMO 2.65mts";"MT";"69072200";9.75;14;12.86;16.1
"14.02.00004";"474";"PISO 52x52 HD DECK 2.65mts";"MT";"69072200";12.37;18;16.41;20.7
"13.05.00008";"1417";"PISO 52x52 HD ENGENHO BG 2.65mts";"MT";"69072200";12.37;18;16.41;20.7
"01.01.00067";"3058";"PISO 52x52 HD LUGANO 2.65mts";"MT";"69072200";12.42;28.5;26;32.76
"14.02.00010";"1579";"PISO 52x52 HD ROCHEDO 2.65mts";"MT";"69072200";11.94;28.5;26;32.77
"19.00.00031";"1043";"PISO 52x52 HD ROYAL 2.65mts";"MT";"69072200";12.37;28.5;26;32.77
"19.00.00186";"2796";"PISO 52x52 HD SUMATRA 2.65mts";"MT";"69072200";12.37;18;16.41;20.7
"01.01.00081";"3201";"PISO 52x52 HD TECA 2.65mts";"MT";"69072200";8.67;28.5;26;32.79
"09.00.00031";"349";"PISO 52x52 LASER BRANCO 2.65mts.";"MT";"69072200";10.06;25;22.5;28.76
"01.01.00069";"3077";"PISO 52x52 LASER CINZA 2.65 Mts";"MT";"69072200";10.36;25;22.5;28.76
"10.00.00032";"2331";"PISO 52x52 MILANO BEGE 2.65mts";"MT";"69072200";9.19;14;12.86;16.11
"08.00.00013";"120";"PISO 52x52 MOSAICO BEGE 2.65 Mts";"MT";"69072200";7.15;28.5;25;32.8
"01.01.00064";"3054";"PISO 52x52 RIVIERA 2.65mts";"MT";"69072200";8.74;13;11.95;14.95
"20.06.00010";"1343";"PISO 52x52 VOGUE 2.65 Mts";"MT";"69072200";9.7;28.5;26;32.8
"01.01.00021";"2681";"PISO 53x53 BELIZE 2.29mts";"MT";"69072200";9.83;25;23;28.76
"01.01.00034";"2773";"PISO 53x53 HD ATILA 2.29mts";"MT";"69072200";12.31;25;23;28.75
"01.01.00091";"3246";"PISO 53x53 HD COPACABANA 2.29mt";"MT";"69072200";11.83;17;15.64;19.55
"01.01.00035";"2774";"PISO 53x53 HD LOTUS 2.29mts";"MT";"69072200";12.31;18;16.5;20.7
"18.09.00079";"2967";"PISO 53x53 HD NATURALE LUX 2.29mts";"MT";"69072200";12.31;18;16.5;20.7
"01.01.00104";"3275";"PISO 53x53 HD SOLEADO 2.29mt";"MT";"69072200";11.54;17;15.7;19.55
"01.01.00088";"3243";"PISO 53x53 HD VIROC 2.29mt";"MT";"69072200";11.9;18;16.5;20.7
"18.00.00125";"2615";"PISO 53x53 KARINA 53014 2.00mts";"MT";"69072200";9.94;14.8;13.6;17.02
"01.01.00019";"2679";"PISO 53x53 KARINA 53034 2.00mts";"MT";"69072200";11.14;16.5;14;17.82
"13.03.00006";"1183";"PISO 53x53 KARINA 53087 2.00mts";"MT";"69072200";9.94;14.8;13.6;17.02
"01.01.00018";"2678";"PISO 53x53 PADOVA 2.00mts";"MT";"69072200";10;20;18;23
"01.01.00049";"2951";"PISO 53x53 SILVER 2.29mts";"MT";"69072200";10;14;12.9;16.1
"01.01.00128";"100693";"PISO 56x56 INCOPISO 2.27mts - RT 170.105";"UN";"69072200";18.67;28;25.21;30
"01.01.00103";"3274";"PISO 57x57 INCEFRA PI5 2.60mts - HD 57180";"MT";"69072200";17.51;26;23.7;29.9
"01.01.00129";"100694";"PISO 58x58 INCOPISO 2.32mts - HD 170.018";"UN";"69072200";16.57;25;22.5;28
"01.01.00054";"2968";"PISO 58x58 INCOPISO 2.32mts - HD 557.005";"MT";"69072200";16.57;25;22.5;27.5
"14.02.00015";"2187";"PISO 58x58 INCOPISO 2.32mts - HD 557.014";"MT";"69072200";16.87;28.5;25;30.53
"01.01.00046";"2948";"PISO 60x60 ISABELA PLUS RETIFICADO 2.55mts";"MT";"69072200";18.02;27;24;31.06
"01.01.00133";"100758";"PISO 61x61 ALABASTRO 2.65mt";"UN";"69072200";15.33;27;24.3;29.7
"18.09.00004";"1941";"PISO 61x61 ASPEN WHITE2.65mts";"MT";"69072200";22.09;33;30;37.95
"01.01.00070";"3078";"PISO 61x61 FLAMINGO 2.65mts";"MT";"69072200";17.34;26;23.4;29.9
"01.01.00071";"3079";"PISO 61x61 HD AROEIRA PLUS 2.65mts";"MT";"69072200";17.53;26.5;24;30.47
"09.01.00005";"170";"PISO 61x61 HD CONCRETO PLUS 2.65mts";"MT";"69072200";18.65;30;26;33
"01.01.00100";"3262";"PISO 61x61 HD CORDOBA 2.60mts";"MT";"69072200";11.89;31;28.5;35.65
"01.01.00110";"3331";"PISO 61x61 HD FREIJO 2.60mts";"MT";"69072200";22.68;34;31.2;39.11
"01.01.00086";"3237";"PISO 61x61 HD PARQUETE 2.60mts";"MT";"69072200";9.89;25;22.5;28.75
"01.01.00042";"2918";"PISO 61x61 HD PRADA BEGE 2.60mts";"MT";"69072200";11.52;34;31;39.1
"01.01.00038";"2825";"PISO 61x61 HD REALE MARROM 2.65 Mts PEI-3";"MT";"69072200";17.53;26;23.5;29.9
"01.01.00101";"3272";"PISO 61x61 HD SAO TOME 2.65mts";"MT";"69072200";17.53;26;23.5;29.9
"01.01.00102";"3273";"PISO 61x61 HD VISEU PLUS 2.65 Mts";"MT";"69072200";17.53;26;23.5;29.9
"01.01.00107";"3304";"PISO 61x61 ISABELA PLUS 2.65mts";"MT";"69072200";22.19;33;30;37.95
"01.01.00055";"2971";"PISO 61x61 KRONOS BEGE 2.60 mts";"MT";"69072200";8.93;34;31;39.1
"01.01.00037";"2824";"PISO 61x61 NATUR 2.65mts";"MT";"69072200";16.59;25;22.5;28.76
"01.01.00132";"100757";"PISO 61x61 PALAU 2.65mt";"UN";"69072200";15.33;27;24.3;29.7
"01.01.00112";"3334";"PISO 61x61 PISANO GREY 2.65mts";"MT";"69072200";19.9;29.5;26.6;33.93
"01.01.00085";"3236";"PISO 61x61 PISANO NEUTRAL 2.65mts";"MT";"69072200";17.63;26;23.5;29.9
"18.02.00012";"827";"PISO 61x61 TABACO 2.65mts";"MT";"69072200";23.24;34;31;39.13
"01.01.00127";"100691";"PISO 62X62 VENETO CINZA";"UN";"69074000";0;23;20;25
"01.01.00044";"2920";"PISO 62x62 HD DUNCAN PLUZ 2.32mts";"MT";"69072200";13.18;22.5;20.5;25.88
"01.01.00043";"2919";"PISO 62x62 HD LAMINUM CAFFE PLUS 2.32mts";"MT";"69072200";14.11;20;18.4;23
"01.01.00045";"2921";"PISO 62x62 HD LAMINUM MIX 2.32mts";"MT";"69072200";13.16;34;31;39.12
"01.01.00056";"2983";"PISO 62x62 HD NOVARA PLUZ 2.32mts";"MT";"69072200";15.47;23;20.91;26.45
"01.01.00047";"2949";"PISO 62x62 HD OLIMPYA PLUZ 2.32mts";"MT";"69072200";14.11;20;18.4;23
"01.01.00076";"3100";"PISO 62x62 HD PAVIA PLUS 2.32mts";"MT";"69072200";12.3;22.5;20.5;25.88
"19.00.00192";"2822";"PISO 62x62 HD ROSSANO LUX PLUS 2.32mts PEI-4";"MT";"69072200";15.74;23.5;21.13;27.03
"14.11.00011";"733";"PISO 62x62 HD UNIQUE PLUS 2.32mts";"MT";"69072200";18.32;28;25;32.2
"01.01.00106";"3282";"PISO 74x74 CASSIS RETIFICADO 2.20mts";"MT";"69072200";34.6;51;46.5;58.65
"01.01.00117";"100342";"PISO 74x74 LISSE BEIGE RETIFICADO 2.20mts";"UN";"69072200";33.44;49.5;45;56.92
"01.01.00131";"100696";"PISO 82X82 ORNARE RET. ACETINADO 2.69 MTS";"UN";"6907220";21.98;33;29.94;36.67
"01.01.00015";"2675";"PISO 82x82 INDONESIA RETIF. 2.69 mts";"MT";"69072200";26.93;40;36.5;46
"01.01.00130";"100695";"PISO 84X84 TEXAS RET. ACETINADO 2.82 MTS";"UN";"6907220";21.98;33;29.34;36.67
"18.00.00198";"100115";"PISTOLA COLA QUENTE FOXLUX 15w";"UN";"85167990";20.29;32;29;36.8
"09.00.00066";"2880";"PISTOLA DE PINTURA AR DIRETO CHIAPERINI AD-75";"UN";"84242000";37;55;50;63.25
"09.01.00114";"3603";"PISTOLA PINTURA ELETRICA VONDER 400w x 127v";"UN";"84242000";331.68;430;425.7;494.5
"19.00.00077";"1122";"PITAO 06mm";"UN";"73181300";0.2;0.5;0.45;0.6
"19.00.00078";"1123";"PITAO 08mm";"UN";"73181300";0.21;0.9;0.8;1.01
"19.00.00079";"1124";"PITAO 10mm";"UN";"73181300";0.34;1;0.9;1.08
"19.00.00180";"2748";"PITAO COM BUCHA 6mm";"UN";"73181300";0.12;0.25;0.23;0.29
"14.00.00003";"386";"PLACA CEGA MEC TRONIC 4x2";"UN";"39172300";2.68;5;4.5;5.74
"18.00.00035";"1470";"PLACA CEGA MEC TRONIC 4x4";"UN";"39172300";3.58;6.5;5.85;7.49
"19.00.00274";"100035";"PLACA CONECTORA P/MADEIRA 153AZ44";"UN";"83024900";2.55;4.2;3.85;4.83
"19.00.00275";"100036";"PLACA CONECTORA P/MADEIRA 153AZ77";"UN";"83024900";3.6;5.9;5.4;6.79
"19.00.00276";"100037";"PLACA CONECTORA P/MADEIRA 155AZ33";"UN";"83024900";2.6;4.25;3.9;4.89
"19.00.00277";"100038";"PLACA CONECTORA P/MADEIRA 155AZ55";"UN";"83024900";3.75;6.2;5.7;7.13
"19.00.00278";"100039";"PLACA CONECTORA P/MADEIRA 157AZ08";"UN";"83024900";5;8.2;7.5;9.44
"19.00.00279";"100040";"PLACA CONECTORA P/MADEIRA 157AZ14";"UN";"83024900";10.5;12;12;13.8
"19.00.00280";"100041";"PLACA CONECTORA P/MADEIRA 160AT44";"UN";"83024900";2.3;3.7;3.4;4.26
"19.00.00281";"100042";"PLACA CONECTORA P/MADEIRA 162AZ75";"UN";"83024900";5;7.5;6.9;8.63
"19.00.00282";"100043";"PLACA CONECTORA P/MADEIRA 163AZ06";"UN";"83024900";1.7;2.8;2.55;3.22
"19.00.00283";"100044";"PLACA CONECTORA P/MADEIRA 164AZ33";"UN";"83024900";1.86;3;2.75;3.45
"19.00.00284";"100045";"PLACA CONECTORA P/MADEIRA 164AZ77";"UN";"83024900";2.9;4.75;4.4;5.46
"19.00.00285";"100046";"PLACA CONECTORA P/MADEIRA 166AZ22";"UN";"83024900";1.7;2.8;2.55;3.21
"19.00.00286";"100047";"PLACA CONECTORA P/MADEIRA 166AZ77";"UN";"83024900";2.9;4.75;4.4;5.46
"19.00.00287";"100048";"PLACA CONECTORA P/MADEIRA 169AZ22";"UN";"83024900";1.8;2.7;2.5;3.11
"19.00.00288";"100049";"PLACA CONECTORA P/MADEIRA 745AT16";"UN";"83024900";9.5;15.5;14.2;17.83
"19.00.00295";"100140";"PLACA CONECTORA P/MADEIRA 746AT66";"UN";"83024900";10.1;16.5;15.2;18.97
"19.00.00289";"100050";"PLACA CONECTORA P/MADEIRA 749AT33";"UN";"83024900";4.5;6.8;6.25;7.83
"19.00.00294";"100139";"PLACA CONECTORA P/MADEIRA 771AT44";"UN";"83024900";7.1;11.6;10.6;12.53
"14.09.00006";"676";"PLACA DOURADA 4x4";"UN";"39172300";1.48;2.4;2;3
"14.09";"0";"PLACAS";"UN";"39172300";0;0;0;0
"14.00.00117";"2583";"PLAFON ANTARES 1002";"UN";"94051099";105.34;150;150;172.5
"14.00.00115";"2581";"PLAFON INOX REDONDO 250MM";"UN";"94051099";14.8;30;30;34.5
"14.00.00058";"678";"PLAFON INOX REDONDO 300MM";"UN";"94051099";17.46;44;44;53.33
"14.00.00059";"679";"PLAFON LED BORDA INFINITA 24W QUAD 6500K BIV BLUMENAU";"UN";"94051190";22.71;35;31.5;38.5
"14.00.00151";"100434";"PLAFON LED QUADRADO EMBUTIR BELALUX 18w";"UN";"94051190";15.46;23.5;21.5;27.02
"14.00.00152";"100435";"PLAFON LED QUADRADO EMBUTIR BELALUX/FOX 24w";"UN";"94051190";23.92;35;31.21;40.71
"14.00.00114";"2580";"PLAFON LED QUADRADO SOBREPOR 22CM 18w";"UN";"94051190";17.9;27;24;31.05
"14.06.00037";"3076";"PLAFON LED QUADRADO SOBREPOR 24w";"UN";"94051190";29.6;42;38;48.3
"14.00.00107";"2573";"PLAFON QUADRADO 1811";"UN";"94051099";17.5;30;30;34.5
"14.00.00116";"2582";"PLAFON QUADRADO TEXTURA 1314";"UN";"94051099";19.37;35;35;40.25
"09.02.00002";"136";"PLAFON REDONDO LISO 400mm 1802";"UN";"94051099";39;80;80;92
"14.00.00057";"677";"PLAFON SIMPLES BRANCO";"UN";"94051990";3.95;9;8;10.35
"14.00.00158";"100690";"PLAFON SIMPLES PRETO";"UN";"94051990";4.31;9;8;9.69
"14.00.00130";"2596";"PLAFON VIDRO 30X30";"UN";"94051093";33.5;50;50;57.5
"09.01.00126";"100520";"PLAINA BOSCH GHO-700 700w x 700v";"UN";"84672999";611.42;780;780;897
"09.01.00068";"2274";"PLAINA VONDER PLV1010 127V x 1010W";"UN";"84672999";320.85;450;417;495
"18.09.00062";"2354";"PLASTIF";"UN";"";13;20;18;22
"18.01.00150";"1771";"PLUG AMANCO 1 1/2";"UN";"39174090";12.65;18;15;20.71
"18.01.00147";"1768";"PLUG AMANCO 1/2";"UN";"39174090";0.62;1.5;1.3;1.65
"18.01.00149";"1770";"PLUG AMANCO 3/4";"UN";"39174090";0.88;1.8;1.6;1.98
"18.01.00146";"1767";"PLUG PLASTILIT 1/2";"UN";"39174090";0.45;1.2;1;1.32
"18.01.00148";"1769";"PLUG PLASTILIT 3/4";"UN";"39174090";0.8;1.8;1.5;2.08
"18.01.00261";"100001";"PLUG TIGRE 1";"UN";"39174090";3.31;7.5;6.9;8.63
"14.00.00063";"683";"PLUG TRIPOLAR CINZA 20A 250V";"UN";"39174090";3.4;4.5;3.8;5.2
"09.00.00118";"100844";"PNEU P/ CARRINHO 3.25 X 8 NOVE54";"UN";"40118090";19.56;35;31.5;40.25
"09.00.00090";"3499";"PNEU P/ CARRINHO COLSON/ BELTOOLS 3.25 x 8";"UN";"40118090";22.5;40;34;46
"09.00.00059";"2461";"PNEU P/ MOTO LEVORIN";"UN";"40114000";189.97;195.42;195.42;224.73
"12.00.00010";"404";"PO DE PEDRA";"UN";"25171000";100;190;176.43;271.43
"19.00.00337";"100533";"PODAO CANA CABO LONGO INCO";"UN";"82014000";29.18;44;40;50.61
"18.00.00064";"1772";"PONTEIRA C/ TAMPA P/ CALCADA BREC";"UN";"8481100";18.4;28;25;30.8
"19.00.00133";"2238";"PONTEIRO DE ACO 1/2";"UN";"82055900";10.69;16;14.5;18.26
"19.00.00081";"1126";"PONTEIRO DE ACO 3/4";"UN";"82055900";10.06;16;14.5;18.4
"19.00.00191";"2821";"PONTEIRO FORJADA TAFORT 250 x 27mm";"UN";"82055900";8.8;14;12.8;16.1
"19.00.00190";"2820";"PONTEIRO FORJADA TAFORT 300 x 27mm";"UN";"82055900";10.56;27;24.8;31.07
"19.00.00083";"1128";"PONTEIRO MONFORT 5/8";"UN";"82055900";7.11;11;9.9;12.65
"22.00.00026";"2281";"PONTEIRO SDS MAX MTX 18x400mm. COD:7034755";"UN";"82079000";19.98;35;31.5;38.5
"19.02.00060";"2720";"PONTEIRO SDS MAX VONDER 400MM";"UN";"82075011";26.2;40;36;46
"19.02.00042";"863";"PONTEIRO SDS PLUS MTX 14x250 COD 7034055";"UN";"82075011";10.43;17.5;15.75;19.25
"16.05.00001";"1400";"PORCA 1/2";"UN";"73181600";0.09;0.65;0.6;0.75
"16.05.00002";"1401";"PORCA 1/4";"UN";"73181600";0.09;0.25;0.22;0.39
"16.05.00008";"1407";"PORCA 3/8";"UN";"73181600";0.2;0.5;0.45;0.56
"16.05.00003";"1402";"PORCA 4.2";"UN";"73181600";0.04;0.1;0.08;0.12
"16.05.00004";"1403";"PORCA 5/16";"UN";"73181600";0.1;0.35;0.3;0.39
"16.05.00005";"1404";"PORCA BORBOLETA 1/2";"UN";"73181600";0.2;0.3;0.24;0.36
"16.05.00006";"1405";"PORCA BORBOLETA 1/4";"UN";"73181600";0.03;0.1;0.08;0.12
"16.05.00007";"1406";"PORCA BORBOLETA 1/8";"UN";"73181600";0.03;0.1;0.08;0.12
"16.05.00009";"1408";"PORCA BORBOLETA 5/16";"UN";"73181600";0.06;0.1;0.09;0.12
"16.05.00010";"1409";"PORCA BORBOLETA 5/32";"UN";"73181600";0.02;0.05;0.04;0.06
"18.06.10018";"100555";"PORCA P/ TORNEIRA 1/2";"UN";"";4.5;7;6.4;8.05
"18.06.10020";"100558";"PORCA P/ TORNEIRA PLASTICA REPACAR";"UN";"";3.8;6.5;5.5;7.48
"18.06.10021";"100559";"PORCA P/ VALVULA AMERICANA METAL REPACAR";"UN";"";10.5;17;15;19.55
"18.06.10017";"100554";"PORCA P/VALVULA LAVATORIO METAL REPACAR";"UN";"";6.8;10;9.2;11.5
"16.05";"0";"PORCAS";"UN";"73181600";0;0;0;0
"18.02.00004";"812";"PORCELAMAXX RETIFICADO 60x60 LUMINA 1.80m";"MT";"69072200";37.31;55;50;63.25
"01.01.00061";"3036";"PORCELAMAXX RETIFICADO 80x80 GRAN ONYX 2.62m";"MT";"69072200";44.88;65;59;74.75
"01.01.00099";"3255";"PORCELAMAXX RETIFICADO 80x80 LAMINATTO 2.62m";"MT";"69072200";44.88;65;59;74.75
"01.01.00051";"2953";"PORCELANATO 42x87 RETIFICADO MOGNO 1.47mts";"MT";"69072100";28.43;45;41;51.75
"10.00.00006";"281";"PORCELANATO 59x59 RETIFICADO GLAM 1.71mts";"MT";"69072200";19.88;28;25.8;32.2
"06.00.00002";"82";"PORCELANATO 59x59 RETIFICADO ICE 1.71mts";"MT";"69072200";19.88;28;25.8;32.2
"01.01.00090";"3245";"PORCELANATO 59x59 RETIFICADO URANO 1.71mts";"UN";"69072200";32.29;47;40;54.05
"10.00.00035";"2334";"PORCELANATO 61x61 RETIF. ESMALT. 61008 2.27mts CRISTOFOLETTI";"MT";"69072100";22.16;40;36.5;46.01
"10.00.00012";"287";"PORCELANATO 80x80 RETIFICADO BLEND 1.94mts";"UN";"69072200";37.21;58;53;66.7
"01.01.00092";"3248";"PORCELANATO 80x80 RETIFICADO CONCEPT 1.94mts";"UN";"69072200";39.41;58;53;66.7
"01.01.00083";"3223";"PORCELANATO 80x80 RETIFICADO SOHO 1.94mt";"MT";"69072200";36.91;58;53;66.7
"13.05.00021";"2263";"PORCELANATO 80x80 RETIFICADO TOVANI 1.94mts";"UN";"69072200";37.21;58;53;66.7
"13.05.00012";"1421";"PORT";"UN";"89252000";1.71;2.6;2.36;2.88
"13.05.00023";"2397";"PORT";"UN";"";60;80;72;88
"10.02.00029";"100657";"PORTA CADEADO ZINCADO 2pol.";"UN";"83024100";2.23;5;4.5;5.75
"10.02.00014";"2426";"PORTA CADEADO ZINCADO 3 1/2";"UN";"83021000";5.57;12;10.5;13.8
"10.02.00003";"1545";"PORTA CADEADO ZINCADO 4 1/2";"UN";"83021000";8.08;17;15;19.55
"22.00.00021";"2057";"PORTA CASINHA DE GAS";"UN";"73083000";40;100;90;115
"22.00.00011";"2047";"PORTA DE ACO ALMOFADADA 84cm DIR";"UN";"73083000";287.76;400;367.57;460
"22.00.00012";"2048";"PORTA DE ACO ALMOFADADA 84cm ESQ";"UN";"73083000";287.76;400;367.57;460
"22.00.00010";"2046";"PORTA DE ACO ALMOFADADA MISTA 84cm ESQ";"UN";"73083000";167.48;235;216;258.5
"22.00.00022";"2058";"PORTA DE ACO CORRER 160cm ESQ GRADE ELO";"UN";"73083000";524.82;660;658;759
"22.00.00014";"2050";"PORTA DE ACO GRADE ELO POST 80cm ESQ";"UN";"73083000";257.06;360;330;414
"22.00.00009";"2045";"PORTA DE ACO MISTA 80cm DIR";"UN";"73083000";181.04;255;234.38;293.25
"22.00.00015";"2051";"PORTA DE ACO PAINEL 80cm DIR";"UN";"73083000";220.29;315;288.93;362.25
"22.00.00016";"2052";"PORTA DE ACO PAINEL 80cm ESQ";"UN";"73083000";220.29;315;289;362.25
"09.01.00063";"228";"PORTA DE ACO PAINEL 90cm DIR";"UN";"73083000";224.69;320;293.97;368
"22.00.00017";"2053";"PORTA DE ACO ROMANA C/ POST DIR 84cm";"UN";"73083000";282.25;396;360;455.4
"22.00.00019";"2055";"PORTA DE ACO ROMANA S/ POST DIR 84cm";"UN";"73083000";206.56;291;247.35;334.65
"22.00.00020";"2056";"PORTA DE ACO ROMANA S/ POST ESQ 84cm";"UN";"73083000";206.56;291;267.31;334.65
"22.00.00036";"2439";"PORTA GEROTTO MAD. MOGNO C/ P. FERRO 84cm DIR";"UN";"44182000";144.59;210;193;226.8
"22.00.00041";"2514";"PORTA GEROTTO MAD. MOGNO C/ P. FERRO 84cm ESQ";"UN";"44182000";144.58;210;193;241.5
"18.05.00019";"100747";"PORTA GRELHA 100MM QUAD AMANCO";"UN";"39174090";8.8;13;11.5;15.6
"18.05.00003";"1775";"PORTA GRELHA INOX 100mm QUADRADO";"UN";"73249000";3.96;8;7.2;8.8
"18.05.00013";"3290";"PORTA GRELHA INOX 100mm REDONDA";"UN";"73249000";3.96;8;7;9.19
"18.05.00014";"3291";"PORTA GRELHA INOX 150mm QUADRADA";"UN";"73249000";6.85;12;10.8;13.8
"18.05.00015";"3292";"PORTA GRELHA INOX 150mm REDONDA";"UN";"73249000";6.85;12;10.8;13.2
"18.05.00004";"1776";"PORTA GRELHA PLAST 100mm REDONDO";"UN";"39269090";5.29;8;7;8.8
"18.05.00005";"1777";"PORTA GRELHA PLAST 150mm BRANCO REDONDO";"UN";"39269090";5.98;13;10.5;14.98
"18.05.00016";"3536";"PORTA GRELHA PLAST 150mm QUADRADO";"UN";"39174090";9.65;15;13.5;17.27
"18.05.00020";"100750";"PORTA GRELHA QUAD. AMANCO 100MM";"UN";"39174090";8.34;12.5;11.5;14
"18.05.00001";"1773";"PORTA GRELHA QUAD. KRONA 100mm";"UN";"39174090";4.46;8;7;9.2
"18.05";"0";"PORTA GRELHAS";"UN";"";0;0;0;0
"22.00.00030";"2296";"PORTA MAD. MOGNO C/ P. FERRO 75cm DIR";"UN";"73083000";169.06;370;340;425.5
"22.00.00031";"2297";"PORTA MAD. MOGNO C/ P. FERRO 75cm ESQ";"UN";"73083000";166.1;370;340;425.5
"22.00.00028";"2294";"PORTA MAD. MOGNO C/ P. FERRO 85cm DIR";"UN";"73083000";236.17;370;340;425.5
"22.00.00029";"2295";"PORTA MAD. MOGNO C/ P. FERRO 85cm ESQ";"UN";"73083000";236.17;370;340;425.5
"13.05.00018";"1427";"PORTA MADEIRA LISA JEQUITIBA 72cm";"UN";"44182000";69;98;88.2;106
"22.00.00038";"2463";"PORTA MADEIRA LISA JEQUITIBA 82cm";"UN";"44182000";69;98;88.2;107.8
"13.05";"0";"PORTA OBJETOS";"UN";"";0;0;0;0
"13.00.10014";"100411";"PORTA PAPEL HERC LAVELLO";"UN";"39259090";9.56;14;12.8;16.1
"13.05.00005";"1414";"PORTA PAPEL HIGIENICO C/ TAMPA";"UN";"39252000";14.09;22;19;25.3
"13.05.00007";"1416";"PORTA PAPEL HIGIENICO PRINOX S/ TAMPA";"UN";"73249000";15.13;25;22;28.75
"18.00.00153";"3088";"PORTA PAPEL MARINI";"UN";"73249000";9.9;15;13.7;17.27
"22.00.00047";"2547";"PORTA SANFONADA BRANCA PVC 70CM";"UN";"39252000";53.79;90;82.8;103.5
"22.00.00046";"2546";"PORTA SANFONADA BRANCA PVC 80CM";"UN";"39252000";57.9;98;90;112.7
"22.00.00027";"2282";"PORTA SANFONADA CINZA PVC 70CM";"UN";"39252000";61.08;95;85.5;104.5
"22.00.00024";"2060";"PORTA SANFONADA CINZA PVC 80CM";"UN";"39252000";57.9;98;90;112.7
"13.05.00027";"3317";"PORTA SHAMPOO CANTO ASTRA KANT3";"UN";"73249000";24.96;37;34;42.55
"13.05.00032";"3591";"PORTA SHAMPOO CANTO DUPLO ARAMADO STOLF";"UN";"73262000";30.38;48;44;55.2
"13.05.00026";"2795";"PORTA SHAMPOO DE PLASTICO HERC CANTO";"UN";"39229000";23.96;37;34;42.55
"13.05.00011";"1420";"PORTA SHAMPOO DE VIDRO CANTO";"UN";"74182000";40;60;54;69
"13.05.00013";"1422";"PORTA SHAMPOO DE VIDRO RETO";"UN";"74182000";36.61;55;49;63.25
"18.00.00155";"3090";"PORTA SHAMPOO MARINI 10x25cm";"UN";"73249000";19;32;29.5;36.79
"18.00.00156";"3091";"PORTA SHAMPOO MARINI 10x35cm";"UN";"73249000";28;42;38.6;48.3
"18.00.00119";"2454";"PORTA SHAMPOO MARINI DE VIDRO 10x35cm";"UN";"73249000";29.9;45;41;51.75
"22.00.00003";"2039";"PORTA SR/VITRALFER LAMINADA 74cm DIR";"UN";"73083000";348.9;490;450;563.5
"22.00.00004";"2040";"PORTA SR/VITRALFER LAMINADA 74cm ESQ";"UN";"73083000";303.46;490;450;563.5
"22.00.00001";"2037";"PORTA SR/VITRALFER LAMINADA 84cm DIR";"UN";"73083000";348.9;490;450;563.5
"22.00.00002";"2038";"PORTA SR/VITRALFER LAMINADA 84cm ESQ";"UN";"73083000";348.9;490;450;563.5
"18.00.00065";"1782";"PORTA TAMPA CX GORDURA 250mm AMANCO";"UN";"39269090";9.29;16;13.5;18.44
"18.00.00152";"3087";"PORTA TOALHA DE BANHO MARINI";"UN";"73249000";12;20;18.4;23
"18.00.00174";"3278";"PORTA TOALHA DE ROSTO MARINI";"UN";"73249000";8;13.5;12.4;15.51
"13.05.00017";"1426";"PORTA TOALHA PRINOX LINEAR 30CM";"UN";"73249000";27.58;43.5;39;50.02
"13.05.00015";"1424";"PORTA TOALHA PRINOX LINEAR 50CM";"UN";"73249000";28.8;50;45;57.5
"13.05.00014";"1423";"PORTA TOALHA PRINOX REDONDA 13CM";"UN";"73249000";20.84;32;29;36.81
"13.00.10015";"100412";"PORTA TOALHA REDONDO HERC LAVELLO";"UN";"39259090";14.43;22;20;25.3
"22.00.00055";"3478";"PORTA VITRALFER BCO C/POST 85cm DIR";"UN";"73083000";538.2;820;740;943
"22.00.00056";"3479";"PORTA VITRALFER BCO C/POST 85cm ESQ";"UN";"73083000";557.18;820;740;943
"22.00.00057";"100405";"PORTA VITRALFER BCO LAMIN.75cm DIR";"UN";"73083000";465.01;680;612;782
"22.00.00058";"100406";"PORTA VITRALFER BCO LAMIN.75cm ESQ";"UN";"73083000";465.01;680;612;782
"22.00.00051";"3474";"PORTA VITRALFER BCO LAMIN.85cm DIR";"UN";"73083000";465.01;680;612;782
"22.00.00052";"3475";"PORTA VITRALFER BCO LAMIN.85cm ESQ";"UN";"73083000";465.01;680;612;782
"22.00.00060";"100716";"PORTA VITRALFER BCO LAMIN.95cm";"UN";"7308300";614.6;880;800;968
"22.00.00053";"3476";"PORTA VITRALFER BCO MISTA 85cm DIR";"UN";"73083000";446.05;659;610;694.95
"22.00.00054";"3477";"PORTA VITRALFER BCO MISTA 85cm ESQ";"UN";"73083000";433.8;659;600;757.85
"22.00.00049";"3472";"PORTA VITRALFER BCO MISTA BASC.85cm DIR";"UN";"73083000";547.49;797;730;833.79
"22.00.00050";"3473";"PORTA VITRALFER BCO MISTA BASC.85cm ESQ";"UN";"73083000";421.45;797;630;833.79
"13.05.00020";"2262";"PORTAL GARAPEIRA 4 X 14 72CM";"UN";"44182000";80;105;84;115.5
"13.05.00024";"2398";"PORTAL GARAPEIRA 4 X 14 82CM";"UN";"44182000";69;90.56;75;99.62
"13.05.00025";"2537";"PORTAL GARAPEIRA 5 X 24 92CM";"UN";"44182000";150;200;170;230
"22";"0";"PORTAS";"UN";"";0;0;0;0
"13.00.00019";"1428";"POSTE VARANDA 3.5M";"UN";"";45;65;58.5;71.5
"21.00.00006";"1441";"PREG";"UN";"73170090";0.5;1.5;1.2;1.8
"20.00.00110";"2879";"PREGO 10x10 C/ CABECA 100g";"UN";"73170090";2.5;7.5;6.9;8.63
"21.00.00003";"1438";"PREGO 12x12 C/ CABECA 100g";"UN";"73170090";1.94;5.5;4.95;6.35
"21.00.00004";"1439";"PREGO 12x12 S/ CABECA 100g";"UN";"73170090";2.22;6;5.5;6.92
"21.00.00005";"1440";"PREGO 15x15 C/ CABECA 100g";"UN";"73170090";1.78;5.5;4.95;6.35
"21.00.00012";"1447";"PREGO 15x21 C/ CABECA 100g";"UN";"73170090";1.6;5;4.5;5.77
"21.00.00007";"1442";"PREGO 17x21 C/ CABECA 100g";"UN";"73170090";1.35;5;4.5;5.77
"21.00.00009";"1444";"PREGO 18x27 C/ CABECA 100g";"UN";"73170090";1.35;5;4.5;5.75
"21.00.00035";"3642";"PREGO 19x36 C/ CABECA 100g";"UN";"73170090";1.35;4.5;4.15;5.17
"21.00.00037";"3644";"PREGO 20x30 C/ CABECA 100g";"UN";"73170090";1.35;4.5;4;5.17
"21.00.00036";"3643";"PREGO 22x42 C/ CABECA 100g";"UN";"73170090";1.35;4.5;4.15;5.17
"21.00.00008";"1443";"PREGO 22x48 C/CABECA 90g";"UN";"73170090";0.99;4;3.6;4.6
"21.00.00032";"3399";"PREGO DE ACO 17x27 C/ 100un";"UN";"73170090";22.48;35;31.5;38.5
"21.00.00039";"100869";"PREGO DE ACO 17x27 C/10un";"UN";"73170090";2.25;5;4.5;7
"21.00.00030";"2878";"PREGO GERDAU 10x10 1kg.";"UN";"73170090";20.57;32;28.7;36.8
"21.00.00015";"1450";"PREGO GERDAU 12x12 1kg.";"KG";"73170090";21.27;32;28.5;36.8
"21.00.00016";"1451";"PREGO GERDAU 12x12 S/ CABECA 1kg.";"KG";"73170090";21.27;33.5;30;36.85
"21.00.00017";"1452";"PREGO GERDAU 15x15 1kg.";"KG";"73170090";12.51;22;18.5;25.3
"21.00.00011";"1446";"PREGO GERDAU 15x21 1kg.";"KG";"73170090";12.44;21;18.9;24.15
"21.00.00018";"1453";"PREGO GERDAU 17x21 1kg.";"KG";"73170090";10.81;19;17;21
"21.00.00019";"1454";"PREGO GERDAU 18x24 1kg.";"KG";"73170090";7.05;15;13.5;17.23
"21.00.00020";"1455";"PREGO GERDAU 18x27 1kg";"KG";"73170090";11.15;20;18;22
"21.00.00021";"1456";"PREGO GERDAU 18x27 CABECA DUPLA 1kg.";"KG";"73170090";14.12;25;22.5;27.5
"21.00.00022";"1457";"PREGO GERDAU 18x27 TELHEIRO 500g";"UN";"73170090";18.38;29;26;33.33
"19.00.00085";"1130";"PREGO GERDAU 18x27 TELHEIRO Un.";"UN";"73170090";0.35;1;0.92;1.06
"21.00.00023";"1458";"PREGO GERDAU 19x36 1kg.";"KG";"73170090";10.81;17.5;15.75;20.07
"21.00.00024";"1459";"PREGO GERDAU 20x30 1kg.";"KG";"73170090";10.81;17.5;15.5;20.11
"21.00.00025";"1460";"PREGO GERDAU 22x42 1kg.";"KG";"73170090";10.81;16.5;15;18.15
"21.00.00026";"1461";"PREGO GERDAU 22x48 1kg.";"KG";"73170090";10.81;18;16;19.8
"21.00.00028";"1463";"PREGO GERDAU TACO";"KG";"73170090";5.77;8.5;7.65;9.35
"21.00.00027";"1462";"PREGO GRAMPO DE CERCA 1kg.";"UN";"73170020";17.01;27;23.5;31.06
"21.00.00029";"2386";"PREGO GRAMPO MIGUELAO C/15un";"UN";"39259090";1.24;2;1.85;2.29
"21.00.00031";"3018";"PREGO GRAMPO P/CABO COAXIAL C/15un";"UN";"39259090";2.1;4.5;4;5.19
"21";"0";"PREGOS";"UN";"73170090";0;0;0;0
"18.04.00014";"2373";"PRODUTOS DIVERSOS";"UN";"";2;1;0.9;100
"09.01.00015";"180";"PROGRAM HORA DIAR DIGITAL BARRAM BIVOLT";"UN";"91070010";55;79;74.96;84.62
"18.00.00066";"1783";"PROLONG CAIXA GORDURA 250x200mm";"UN";"39174090";36.74;55;49.5;63.25
"18.04.00017";"2621";"PROLONG CAIXA INSPECAO 300mm C/ ENTRADA TIGRE";"UN";"39174090";50.24;120;83.08;141.23
"18.04.00016";"2566";"PROLONG CAIXA INSPECAO 300mm S/ ENTRADA TIGRE";"UN";"39174090";80.03;117;106;134.55
"18.04.00020";"100582";"PROLONG CAIXA INSPECAO 300x200mm AMANCO";"UN";"39174090";71.11;110;95;121
"18.04.00015";"2512";"PROLONG CAIXA INSPECAO 300x200mm PLASTILIT";"UN";"39174090";52.56;79;36.5;90.85
"18.00.00130";"2718";"PROLONG CAIXA INSPECAO 300x250mm BREC";"UN";"39174090";27.4;40;36;46
"18.04.00019";"100364";"PROLONG CAIXA INSPECAO 300x420mm AMANCO";"UN";"39174090";61.6;110;90;126.5
"09.00.00099";"100145";"PROLONG CAIXA INSPECAO 500x300mm BREC";"UN";"39174090";77.15;115;100;126.5
"18.00.00070";"1787";"PROLONG CAIXA SIFONADA 150x200mm";"MT";"39174090";3.39;20;16.5;23.06
"18.00.00068";"1785";"PROLONG CAIXA SIFONADA TIGRE 100x200mm";"UN";"39174090";3.98;11.8;10.8;13.58
"18.00.00069";"1786";"PROLONG CAIXA SIFONADA TIGRE 150x150mm";"UN";"39174090";2.7;4.5;4.15;4.95
"16.05.00013";"3337";"PROLONG EM U P/CHURRAS QUADRADA 25x55cm";"UN";"68109900";63.5;95;84.5;109.25
"13.04.00016";"2178";"PROLONG EM U P/CHURRAS QUADRADA 25x65cm";"UN";"68109900";63.5;95;85;109.25
"18.04.00013";"2193";"PROLONG. P/ REGISTRO REPACAR LONGO";"UN";"84818019";18.9;28.5;25;32.78
"18.04.00007";"1788";"PROLONG. P/ TORNEIRA 1/2 AMARELO CURTO";"UN";"79070090";4.12;8;7;9.22
"18.04.00008";"1789";"PROLONG. P/ TORNEIRA 1/2 AMARELO LONGO";"UN";"74122000";7.76;14;12.5;16.12
"18.04.00009";"1790";"PROLONG. P/ TORNEIRA 1/2 AMARELO MEDIO";"UN";"79070090";5.06;10;9;11.46
"18.04.00010";"1791";"PROLONG. P/ TORNEIRA 3/4 AMARELO CURTO";"UN";"74122000";6.7;10.5;9.5;12.06
"18.04.00011";"1792";"PROLONG. P/ TORNEIRA 3/4 AMARELO LONGO";"UN";"79070090";7.46;12.5;11;13.75
"18.04.00012";"1793";"PROLONG. P/ TORNEIRA 3/4 AMARELO MEDIO";"UN";"79070090";5.21;11.5;10;13.22
"13.02.00006";"1175";"PROLONGADOR ATLAS P/ROLO 2.00mt 1600";"UN";"73269090";14.34;24;21;27.6
"13.02.00008";"100537";"PROLONGADOR MTX P/ROLO 3.00mts. COD:812329";"UN";"73269090";13.85;25;22.5;28.75
"18.03.00026";"3441";"PROLONGAMENTO CAIXINHA TETO FORTLEV";"UN";"39174090";3.88;6;3.9;6.9
"13.00.00022";"1487";"PROTETOR AUDITIVO 3M C/ESTOJO";"UN";"90049020";2;3;2.7;3.3
"19.00.00208";"2937";"PROTETOR AUDITIVO QUANTUM C/ ESTOJO";"UN";"39269090";0.78;2;1.7;2.3
"13.00.00028";"2094";"PROTETOR AUDITIVO SILICONE KALIPSO";"UN";"39269090";2.6;4;3.6;4.4
"13.00.00023";"1488";"PROTETOR DE INTERFONE HDL";"UN";"73102990";31.92;49;45;56.35
"13.00.10008";"3431";"PROTETOR DE INTERFONE INTELBRAS";"UN";"85171810";31.92;49;44.9;56.35
"20.00.00213";"100848";"PROTETOR DE TOMADA";"UN";"39259090";0.52;1.5;1.25;1.73
"09.03.00016";"3491";"PROTETOR FACIAL TRANSP.200mm VONDER CA:12376";"UN";"39269090";31.54;48;43.64;55.2
"01.01.00119";"100359";"PROTETOR SOLAR NUTRIEX FPS 30 1lt";"UN";"33049990";72.45;105;96.5;120.75
"01.01.00120";"100360";"PROTETOR SOLAR NUTRIEX FPS 30 2lts";"UN";"33049990";134.03;195;179;224.25
"01.01.00118";"100358";"PROTETOR SOLAR NUTRIEX FPS 30 C/ REPELENTE 120ML";"UN";"33049990";11.31;17;15.5;19.55
"01.01.00121";"100361";"PROTETOR SOLAR NUTRIEX FPS 30 C/ REPELENTE 1lt";"UN";"33049990";82.82;120;110;138
"01.01.00122";"100362";"PROTETOR SOLAR NUTRIEX FPS 60 C/ REPELENTE 1lt";"UN";"33049990";140.13;205;187;235.75
"19.12.00003";"1133";"PRUMO BELTOOLS 700gr";"UN";"30318099";19.65;30;27.5;34.5
"19.12.00002";"1132";"PRUMO DE CENTRO 200GR";"UN";"90153000";28.68;43;38.7;49.45
"19.12.00007";"2236";"PRUMO EDA 500g.";"UN";"90318099";30.3;45;41;51.75
"19.12.00009";"100390";"PRUMO FAMASTIL 700gr.";"UN";"90318099";27.81;41;37.5;47.15
"19.12.00001";"1131";"PRUMO RAMADA 500gr";"UN";"90158090";20.5;33;29;37.95
"19.12.00004";"1134";"PRUMO RAMADA 700gr";"UN";"90318099";25.9;38.5;35;44.27
"19.12.00006";"1136";"PRUMO THOMPSON 500gr";"UN";"90318099";19.12;30;27;34.5
"19.12.00008";"100384";"PRUMO THOMPSON 750gr";"UN";"90318099";20.63;32;29;36.8
"19.12";"0";"PRUMOS";"UN";"90153000";0;0;0;0
"14.00.00066";"687";"PULSADO";"UN";"";2.2;3.5;2.92;4.08
"14.00.00098";"2204";"PULSADOR";"UN";"";2.2;3.5;3.15;3.85
"14.00.00067";"690";"PULSADOR P/ MINUTERIA BR E CZ";"UN";"";2.38;3.5;3;4.2
"19.00.00298";"100196";"PULVERIZADOR C/PRESSURIZADOR 2lts COD:647388";"UN";"84244100";14.19;22;20;25.3
"19.00.00306";"100279";"PULVERIZADOR MANUAL 500ml FAMASTIL";"UN";"84244100";5.91;10;9;11.5
"19.00.00340";"100536";"PULVERIZADOR P/ GARRAFA PET PALISAD COD:84249090";"UN";"84249090";1.89;5;4.5;5.75
"09.01.00088";"2558";"PURIFICADOR ACQUAFLEX";"UN";"84212100";340.75;505;429.26;580.76
"14.00.00101";"2284";"QUADRO";"UN";"";83.39;105;94.5;115.5
"14.00.00165";"100795";"QUADRO DE DISTR. PLASTICO 4 DISJ. ILUMI";"UN";"85381000";22.35;35;30;40
"14.00.00166";"100796";"QUADRO DE DISTR. PLASTICO 6 DISJ. ILUMI";"UN";"85381000";24.72;40;35;45
"14.00.00095";"1492";"QUADRO DE DISTR.PLASTICO 16 DISJ. ILUMI";"UN";"85381000";46.38;67.5;59;77.63
"14.00.00157";"100586";"QUADRO DE DISTR.PLASTICO 24 DISJ. ILUMI";"UN";"85381000";59.94;90;79;103.5
"14.00.00092";"1489";"QUADRO DE DISTR.PLASTICO 3/4 DISJ.RIBEIRO";"UN";"85381000";21.02;33;29;37.95
"14.00.00093";"1490";"QUADRO DE DISTR.PLASTICO 6/8 DISJ.RIBEIRO";"UN";"85381000";26.79;42;38.5;48.3
"14.00.00149";"100377";"QUADRO DE DISTR.PLASTICO 12 DISJ ILUMI";"UN";"85381000";39.12;60;52;69
"14.00.00094";"1491";"QUADRO DE DISTR.PLASTICO ASTRA 6/8 DISJ.";"UN";"39259090";25.94;39;35.5;44.85
"14.05.00013";"573";"QUADRO DE DISTR.PLASTICO ASTRA 12 DISJ.";"UN";"39259090";55.79;85;76.5;97.75
"09.00.00061";"2563";"QUEROSENE 5LT";"UN";"27101919";19.45;25.5;20;28.05
"09.00.00021";"252";"QUEROSENE 900ml MAZA";"UN";"27101919";5.53;30;26.5;34.5
"19.00.00303";"100266";"RALINHO INOX VALV.AMERIANA SQ 09cm";"UN";"72202090";4.98;10;9;11.5
"19.00.00325";"100431";"RALINHO INOX VALV.AMERIANA SQ 11.5cm COD: 44034";"UN";"72202090";6.09;11.5;10;13.23
"19.00.00323";"100398";"RALINHO INOX VALV.LAVATORIO SQ 5.4cm COD:45241";"UN";"73249000";3.98;7.5;6.9;8.63
"19.00.00086";"1137";"RALINHO JAPONES P/ PIA AMER.";"UN";"96040000";2.25;5;4.6;5.74
"19.00.00126";"2183";"RALINHO JAPONES P/ PIA E LAV";"UN";"96040000";1.78;3.5;3.2;4.03
"01.02.00001";"2695";"RALINHO PRINOX PIA";"UN";"73249000";1.48;2.5;2.3;2.88
"19.00.00150";"2445";"RALO ARTICULADO TIGRE 100x40mm";"UN";"39174090";14.8;30;27.6;33
"19.04.00024";"100368";"RALO LINEAR AMANCO SIF. GRELHA INOX 90cm x 5cm";"UN";"39174090";204.21;295;270;339.25
"14.05.00102";"3515";"RALO LINEAR INOX 5.5 x 100cm";"UN";"39174090";96.35;145;130;166.75
"14.05.00031";"591";"RALO LINEAR INOX 5.5 x 50cm";"UN";"39174090";59.44;90;82.5;103.5
"18.01.00164";"1810";"RALO LINEAR INOX 5.5 x 70cm";"UN";"39174090";81.64;120;110;138
"18.02.00028";"1574";"RALO LINEAR OCULTO 5x100cm";"UN";"69109000";62.73;95;85.5;109.25
"18.01.00335";"100723";"RALO LINEAR OCULTO 5x50cm";"UN";"39174090";45.85;70;63;77
"18.01.00331";"100560";"RALO LINEAR OCULTO 5x70cm";"UN";"39174090";56.3;85;76.5;93.5
"19.04.00016";"904";"RALO LINEAR TIGRE 90cm x 5cm C/GRELHA BCO";"UN";"39174090";32.26;70;65;80.5
"14.05.00118";"100701";"RALO OCULTO 10 X 10";"UN";"76169900";14.5;22;19.5;30.8
"14.05.00104";"3525";"RALO OCULTO 20 x 20";"UN";"76169900";49;74;68;85.1
"14.05.00103";"3524";"RALO OCULTO P/ CAIXA SIFONADA 15 x 15";"UN";"76169900";15.45;26;22;29.9
"18.00.00072";"1795";"RALO PROTETOR PARAMAX 100mm";"UN";"39269090";9.2;14;12.5;16.1
"18.00.00073";"1796";"RALO PROTETOR PARAMAX 150mm";"UN";"39269090";10.2;17;15;19.55
"18.00.00031";"1466";"RALO SIFONADO 100x38x40 AMANCO";"UN";"39174090";5.87;9.3;7.5;10.69
"19.01.00022";"3418";"RASPADOR DE REJUNTO CORTAG";"UN";"82055900";24.3;35;32;40.25
"19.00.00369";"100700";"RASTELO PLASTICO C/ CABO PRETO";"UN";"82013000";21.41;35;31.5;38.18
"19.00.00087";"1138";"RASTELO PLASTICO C/ CABO VERDE";"UN";"82013000";18.78;35;30;40.26
"14.00.00071";"694";"REATOR ELETRONICO AUT COMP 1 x 20W BIV";"UN";"85041000";10.96;18;16.56;20.7
"14.00.00072";"695";"REATOR ELETRONICO AUT COMP 1 x 40W BIV";"UN";"85041000";17.08;27;24.85;31.04
"14.00.00073";"696";"REATOR ELETRONICO AUT COMP 2 x 20W BIV";"UN";"85041000";17.82;27;24.82;31.03
"14.00.00074";"697";"REATOR ELETRONICO AUT COMP 2 x 40W BIV";"UN";"85041000";23.34;38;35;43.71
"16.00.00035";"100093";"REBITE DE REPUXO 3.2 x 12";"UN";"83082000";0.05;0.15;0.1;0.17
"16.00.00036";"100094";"REBITE DE REPUXO 3.2 x 16";"UN";"83082000";0.05;0.15;0.1;0.17
"16.00.00034";"100092";"REBITE DE REPUXO 3.2 x 8.0";"UN";"83082000";0.05;0.15;0.1;0.17
"16.00.00038";"100096";"REBITE DE REPUXO 4.0 x 12";"UN";"83082000";0.08;0.2;0.18;0.23
"16.00.00039";"100097";"REBITE DE REPUXO 4.0 x 16";"UN";"83082000";0.08;0.2;0.18;0.23
"16.00.00037";"100095";"REBITE DE REPUXO 4.0 x 8.0";"UN";"83082000";0.07;0.2;0.18;0.23
"16.00.00041";"100099";"REBITE DE REPUXO 4.8 x 12";"UN";"83082000";0.1;0.25;0.23;0.29
"16.00.00042";"100100";"REBITE DE REPUXO 4.8 x 16";"UN";"83082000";0.11;0.25;0.23;0.29
"16.00.00040";"100098";"REBITE DE REPUXO 4.8 x 8.0";"UN";"83082000";0.11;0.25;0.23;0.29
"14.00.00075";"698";"RECEPTACULO P/ TELEFONE";"UN";"";0.65;1;0.8;1.3
"18.01.00151";"1797";"REDUCAO AMANCO 100x50mm";"UN";"39174090";5.68;11;8.15;12.65
"18.01.00152";"1798";"REDUCAO AMANCO 100x75mm";"UN";"39174090";6.64;12.5;10;14.38
"18.01.00153";"1799";"REDUCAO AMANCO 150x100mm";"UN";"39174090";18.82;32;25;36.82
"18.01.00154";"1800";"REDUCAO AMANCO 50x40mm";"UN";"39174090";1.95;4;3;4.6
"18.01.00155";"1801";"REDUCAO AMANCO 75x50mm";"UN";"39174090";4.74;8.5;7;9.78
"18.01.00231";"2382";"REDUCAO AMANCO SOLD 25x20mm";"UN";"39174090";0.71;1.2;1;1.4
"18.01.00168";"1814";"REDUCAO AMANCO SOLD 50x25mm";"UN";"39174090";5.1;9;8;10.33
"18.01.00157";"1803";"REDUCAO PLASTILIT 100 x 50mm";"UN";"39174090";5.42;8.2;6.6;10.09
"18.01.00158";"1804";"REDUCAO PLASTILIT 100 x 75mm";"UN";"39174090";6.78;11;9;12.66
"18.01.00232";"2394";"REDUCAO PLASTILIT 150 x 100mm";"UN";"39174090";16.86;26;19.5;28.6
"18.01.00162";"1808";"REDUCAO PLASTILIT 50 x 40mm";"UN";"39174090";1.76;2.75;2.2;3.17
"18.01.00163";"1809";"REDUCAO PLASTILIT 75 x 50mm";"UN";"39174090";5.01;7.5;6;8.63
"18.01.00260";"3647";"REDUCAO PLASTILIT SOLD 25 x 20mm";"UN";"39174090";0.42;0.8;0.65;0.9
"18.01.00278";"100075";"REDUCAO PLASTILIT SOLD 32 x 25mm";"UN";"39174090";0.8;1.6;1.4;1.76
"18.01.00167";"1813";"REDUCAO PLASTILIT SOLD 50 x 25mm";"UN";"39174090";2.5;4.6;3.8;5.32
"18.01.00288";"100195";"REDUCAO PLASTILIT SOLD 50 x 32mm";"UN";"39174090";3.55;6;4.8;6.9
"18.01.00012";"912";"REDUCAO ROSCA METAL 3/4 x 1/2";"UN";"79070090";4.56;8;7;8.8
"18.01.00243";"3060";"REDUCAO ROSCA PLASTICO 1 x 3/4";"UN";"39174090";2.15;3.7;3.3;4.25
"18.01.00011";"910";"REDUCAO ROSCA PLASTICO 3/4 x 1/2";"UN";"39174010";1.01;3;2.7;3.3
"20.00.00113";"2892";"REDUTOR DE CARVAO CHURRASQ.65";"UN";"68109100";29.11;48;44;55.2
"14.06.00040";"3561";"REFLETOR DE LED";"UN";"94054900";42;57;57;65.55
"14.06.00047";"100849";"REFLETOR DE LED BLUMENAU 100W";"UN";"94054200";29.2;50;42.5;55
"14.06.00048";"100850";"REFLETOR DE LED BLUMENAU 30W";"UN";"94054200";14.32;25;22;30
"14.06.00049";"100851";"REFLETOR DE LED BLUMENAU 50W";"UN";"94054200";17.72;30;26.5;35
"14.06.00041";"100008";"REFLETOR DE LED FOXLUX 10w";"UN";"94054900";13.68;23;20;26.45
"14.06.00030";"2955";"REFLETOR DE LED FOXLUX 50w";"UN";"94054900";24.18;39;35;44.85
"14.06.00031";"2956";"REFLETOR DE LED FOXLUX 100w";"UN";"94054900";47.9;78;70;89.7
"14.06.00027";"2858";"REFLETOR DE LED UP LED 30w";"UN";"94051990";14.45;23;20;26.45
"18.06.00001";"1815";"REGISTRO DECA GAVETA 1 1/2 BASE";"UN";"84818093";138.9;200;180;220
"18.06.00002";"1816";"REGISTRO DECA GAVETA 1 1/2 BRUTO";"UN";"84818093";99;150;130;172.51
"18.06.00003";"1817";"REGISTRO DECA GAVETA 3/4 BASE";"UN";"84818093";49.6;78.5;70;86.35
"18.06.00004";"1818";"REGISTRO DECA GAVETA 3/4 BRUTO";"UN";"84818093";49;75;65;86.25
"18.06.00024";"2129";"REGISTRO DECA PRESSAO 3/4 BASE";"UN";"84818019";57.5;85;76.5;93.5
"18.06.10022";"100724";"REGISTRO DOCOL GAVETA 1.1/2 BASE";"UN";"84818093";93.9;140;125;161
"18.06.10023";"100725";"REGISTRO DOCOL GAVETA 3/4 BASE";"UN";"84818093";34.99;55;41.25;63.25
"18.06.10024";"100726";"REGISTRO DOCOL PRESSAO 3/4";"UN";"84818019";38.99;60;45;69
"18.06.00006";"1820";"REGISTRO ESFERA MEGA 1 1/2";"UN";"84818093";69;100;88;110
"19.04.00011";"898";"REGISTRO ESFERA MEGA 1/2";"UN";"84818093";17.5;26;23.8;29.9
"19.04.00025";"100486";"REGISTRO ESFERA MEGA 1pol";"UN";"84818093";32;48;44;55.2
"18.06.00009";"1823";"REGISTRO ESFERA MEGA 3/4";"UN";"84818093";19;28.5;26;32.77
"18.06.00001";"3178";"REGISTRO GAVETA 1 1/2 EMA BASE";"UN";"84818093";59;115;105;132.25
"18.06.00005";"1819";"REGISTRO GAVETA 1 1/2 SANCHEZ BASE";"UN";"84818093";46.7;69;63.25;75.9
"18.06.00025";"2185";"REGISTRO GAVETA 1 1/2 SANCHEZ C-50";"UN";"84818093";56.8;80;73.5;88
"14.11.00036";"3175";"REGISTRO GAVETA 3/4 BASE EMA";"UN";"84818093";27;54;48.6;59.4
"14.11.00020";"745";"REGISTRO GAVETA 3/4 BASE SANCHEZ";"UN";"84818093";21.6;34;31.28;39.1
"18.06.10002";"3176";"REGISTRO GAVETA 3/4 C-50 EMA";"UN";"84818093";37;75;69;86.25
"18.06.00015";"1829";"REGISTRO GAVETA 3/4 C-50 SANCHEZ";"UN";"84818093";31.9;46;42;50.6
"18.09.00081";"2988";"REGISTRO P/MAQUINA DE LAVAR 1/2x3/4";"UN";"84818093";15;22;20;25.3
"14.00.00030";"453";"REGISTRO P/MAQUINA DE LAVAR MEGA 1/2x3/4";"UN";"84818011";17.5;27;24;31.06
"18.09.00099";"3260";"REGISTRO PARA MAQUINA HERC CROMADO";"UN";"84818099";8.42;13;12;14.95
"18.06.00016";"1830";"REGISTRO PRESSAO 3/4 BASE EMA";"UN";"84818093";15.4;35;32;40.25
"13.06.00013";"2155";"REGISTRO PRESSAO 3/4 BASE SANCHEZ";"UN";"84818093";12.8;18.5;17;20.35
"18.06.10003";"3177";"REGISTRO PRESSAO 3/4 C-50 EMA";"UN";"84818093";26.9;50;46;57.5
"18.06.00018";"1832";"REGISTRO PRESSAO 3/4 C-50 SANCHEZ";"UN";"84818093";23.1;33;30.3;36.3
"18.06.00019";"1833";"REGISTRO PRESSAO 3/4 SIMPLES EMA 1400";"UN";"84818093";22;32;29.4;36.79
"18.02.00031";"1587";"REGISTRO PRESSAO PVC TIGRE BCO 3/4";"UN";"84818019";39.78;58;53;66.7
"18.06.00013";"1827";"REGISTRO PVC ROSCAVEL DURIN 25mm";"UN";"84818095";8.44;14;12.5;16.1
"17.00.00015";"2306";"REGISTRO PVC SOLDAVEL 32mm HERC";"UN";"84818095";11.62;19.4;16.49;22.3
"18.02.00041";"1597";"REGISTRO PVC SOLDAVEL AMANCO 25mm";"UN";"84818095";13.82;21.5;18.5;24.74
"18.06.00026";"2383";"REGISTRO PVC SOLDAVEL AMANCO 50mm";"UN";"84818095";34.34;50;45;55
"18.06.10006";"100188";"REGISTRO PVC SOLDAVEL DURIN 20mm";"UN";"84818095";5.63;10;9;11
"18.06.00007";"1821";"REGISTRO PVC SOLDAVEL DURIN 25mm";"UN";"84818093";7.08;12;11;13.2
"18.06.10007";"100189";"REGISTRO PVC SOLDAVEL DURIN 32mm";"UN";"84818095";13.8;25;22.5;27.5
"18.06.00027";"2509";"REGISTRO PVC SOLDAVEL DURIN 50mm";"UN";"84818095";19.55;32;25.6;35.2
"18.06.00010";"1824";"REGISTRO PVC SOLDAVEL TIGRE C/UNIAO 25mm";"UN";"84818095";14.39;25;22.5;27.5
"18.06.10005";"100078";"REGISTRO PVC SOLDAVEL TIGRE C/UNIAO 32mm";"UN";"84818095";21.73;35;30;40.25
"18.01.00143";"1751";"REGISTRO PVC SOLDAVEL TIGRE C/UNIAO 50mm";"UN";"84818095";32.51;50;45;55
"18.06.10001";"0";"REGISTROS";"UN";"";0;0;0;0
"20.00.00115";"2894";"REGUA ALUMINIO";"UN";"76101000";14.3;21;19.28;24.15
"20.00.00042";"1493";"REGUA ALUMINIO 2mts FINA";"UN";"76101000";26;40;35;46
"20.00.00099";"2644";"REGUA ALUMINIO 2mts LARGA";"UN";"76101000";46.8;70;63.9;80.5
"20.00.00043";"1494";"REGUA ALUMINIO 2mts REFORCADA";"UN";"76101000";34;50;46;57.5
"20.00.00098";"2643";"REGUA ALUMINIO 3mts LARGA";"UN";"76101000";75;105;92.5;120.75
"20.00.00116";"2895";"REGUA ALUMINIO 3mts PRATICA";"UN";"76101000";49;75;67;86.25
"20.00.00044";"1495";"REGUA ALUMINIO 3mts REFORCADA";"UN";"76101000";51;77;68.5;88.56
"18.07.00007";"1876";"REGULADOR DE GAS ALIANCA 504/01";"UN";"84811000";25.28;39;35;44.85
"09.00.00089";"3457";"REGULADOR DE GAS ALIANCA 505/01";"UN";"84811000";16.33;26;23.5;29.9
"09.00.00097";"100005";"REGULADOR DE GAS ALIANCA 505/01 C/MANOMETRO";"UN";"84811000";22.8;38;34.9;43.7
"18.07.00008";"1877";"REGULADOR DE GAS ALIANCA 506/01";"UN";"84811000";34.32;52;48;59.8
"09.00.00052";"2239";"REGULADOR DE GAS ALIANCA 506/01 C/ MANOMETRO";"UN";"84811000";44.83;68;62;78.2
"11.00.00001";"302";"REJUNTO QUARTZOLIT BEGE 1kg";"UN";"32149000";5.23;9.5;8;10.45
"11.00.00002";"303";"REJUNTO QUARTZOLIT BEGE 5kg";"UN";"32149000";23.36;41;36.5;47.14
"11.00.00003";"305";"REJUNTO QUARTZOLIT BRANCO 1kg";"UN";"32149000";5;9.5;8;10.97
"11.00.00004";"306";"REJUNTO QUARTZOLIT BRANCO 5kg";"UN";"32149000";23.36;41;36.5;47.13
"11.00.00005";"307";"REJUNTO QUARTZOLIT CARAMELO 1kg";"UN";"32149000";5.23;9.5;8;10.45
"11.00.00006";"308";"REJUNTO QUARTZOLIT CARAMELO 5kg";"UN";"32149000";23.36;41;36.5;47.13
"11.00.00009";"311";"REJUNTO QUARTZOLIT CINZA ARTICO 1kg";"UN";"32149000";5.23;9.5;8;10.45
"11.00.00010";"312";"REJUNTO QUARTZOLIT CINZA ARTICO 5kg";"UN";"32149000";23.36;41;36.5;47.19
"11.00.00011";"313";"REJUNTO QUARTZOLIT CINZA OUTONO 1kg";"UN";"32149000";5.23;9.5;8;10.97
"11.00.00012";"314";"REJUNTO QUARTZOLIT CINZA OUTONO 5kg";"UN";"32149000";23.36;41;36.5;47.15
"11.00.00013";"315";"REJUNTO QUARTZOLIT CINZA PLATINA 1kg";"UN";"32149000";5.23;9.5;8;10.45
"11.00.00014";"316";"REJUNTO QUARTZOLIT CINZA PLATINA 5kg";"UN";"32149000";23.36;41;36.5;47.18
"11.00.00023";"2877";"REJUNTO QUARTZOLIT CORDA 1kg";"UN";"32149000";5;9.5;8;10.97
"11.00.00022";"2876";"REJUNTO QUARTZOLIT CORDA 5kg";"UN";"32149000";23.36;41;36.5;47.19
"11.00.00015";"317";"REJUNTO QUARTZOLIT MARFIM 1kg";"UN";"32149000";2.75;6;5.5;6.92
"11.00.00016";"318";"REJUNTO QUARTZOLIT MARFIM 5kg";"UN";"32149000";13.85;36;32.5;41.42
"11.00.00017";"319";"REJUNTO QUARTZOLIT MARROM CAFE 1kg";"UN";"32149000";5.23;9.5;8;10.45
"11.00.00018";"320";"REJUNTO QUARTZOLIT MARROM CAFE 5kg";"UN";"32149000";24.99;41;36.5;47.19
"11.00.00007";"309";"REJUNTO QUARTZOLIT MARROM TABACO 1kg";"UN";"32149000";5;9.5;8;10.93
"11.00.00019";"322";"REJUNTO QUARTZOLIT MARROM TABACO 5kg";"UN";"32149000";23.36;41;36.5;47.19
"11.00.00020";"2026";"REJUNTO QUARTZOLIT PRETO GRAFITE 1kg";"UN";"32149000";5.23;9.5;8;10.45
"11.00.00021";"2027";"REJUNTO QUARTZOLIT PRETO GRAFITE 5kg";"UN";"32149000";23.36;41;36.5;47.19
"14.09.00001";"670";"REJUNTO VOTOMASSA BRANCO 1kg";"KG";"32149000";0.1;2;1.95;2.5
"09.01.00083";"2480";"REJUNTO VOTOMASSA FLEXIVEL BRANCO 1kg";"UN";"32149000";4.55;7.5;6.7;8.63
"18.01.00169";"1850";"REJUNTO VOTOMASSA FLEXIVEL BRANCO 5kg";"UN";"32149000";22.58;34;30;39.09
"11";"0";"REJUNTOS";"UN";"";0;0;0;0
"18.02.00083";"3555";"REJUNTOZ QUARTZOLIT PORCELANATO CINZA OUTONO 1kg";"UN";"32149000";5.85;8.2;7.5;9.43
"18.02.00082";"3554";"REJUNTOZ QUARTZOLIT PORCELANATO CINZA OUTONO 5kg";"UN";"32149000";29;40;38.8;46
"18.02.00084";"3556";"REJUNTOZ QUARTZOLIT PORCELANATO CINZA PLATINA 1kg";"UN";"32149000";5.85;8.2;7.5;9.43
"18.02.00037";"1593";"REJUNTOZ QUARTZOLIT PORCELANATO CINZA PLATINA 5kg";"UN";"32149000";29;40;38.8;46
"18.02.00085";"3557";"REJUNTOZ QUARTZOLIT PORCELANATO CORDA 1kg";"UN";"32149000";5.85;8.2;7.5;9.43
"18.02.00039";"1595";"REJUNTOZ QUARTZOLIT PORCELANATO PRETO GRAFITE 1kg";"UN";"32149000";5.85;8.2;7.5;9.43
"14.04.00044";"100797";"RELE FOTOCELULA C/BASE 1000W FOXLUX";"UN";"85365090";16.92;26.5;23;30
"14.05.00114";"100442";"RELE FOTOCELULA CINZA 127v FOXLUX";"UN";"85365090";22.11;33;30;37.95
"14.05.00121";"100798";"RELE FOTOELETRICO C/ TOMADA FOXLUX";"UN";"85365090";23.79;37;32.5;40
"20.00.00045";"1496";"REMOVEDOR 900ML ROF. BRAS";"UN";"";3.73;5;4.5;5.5
"01.00.00033";"100262";"REMOVEDOR DE CIMENTO 1lt DURATTO";"UN";"34021900";20.44;31;28;35.65
"09.01.00089";"2800";"REPARO REG./TORN. ROSCA 02 (CHAVETA) COD.120";"UN";"84819010";15.12;28;23;32.19
"09.01.00110";"3502";"REPARO REG./TORN. ROSCA 35 (CRUZETA) COD.123";"UN";"84819010";18.93;34;30;38.54
"09.01.00103";"3094";"REPARO REG./TORN.COD.118 - (CHAVETA)";"UN";"84818011";10.4;23.5;21.5;27.02
"09.01.00102";"3093";"REPARO REG./TORN.COD.119-ROSCA 35 (CHAVETA)";"UN";"84818011";13.09;23.5;21.5;27.03
"09.01.00109";"3501";"REPARO REG./TORN.COD.121-ROSCA 03 (CHAVETA)";"UN";"84818011";9.46;23.5;21.5;27.1
"09.01.00108";"3271";"REPARO REG./TORN.COD.124-ROSCA 02/01 (CRUZETA)";"UN";"84818011";16.51;29;26;33.37
"09.01.00111";"3503";"REPARO REG./TORN.COD.125-ROSCA 03 (CRUZETA)";"UN";"84818011";19.54;33;30;37.93
"09.01.00104";"3095";"REPARO REG./TORN.COD.550-ROSCA 01 (CHAVETA)";"UN";"84818011";12.2;23;20;26.45
"14.00.00113";"2579";"REPARO REGISTRO (CASTELO) - COD.131";"UN";"84819010";23.94;40;36.5;46.01
"19.13.00022";"100483";"REPARO REGISTRO DECA - COD.127";"UN";"84819010";24.13;39.5;35;45.42
"14.11.00008";"730";"REPARO REGISTRO DECA - COD.303";"UN";"84819010";29.5;45;41;51.75
"09.01.00105";"3179";"REPARO REGISTRO DECA GAVETA 3/4 - COD.1205";"UN";"84818011";32.01;58;50;66.7
"19.13.00023";"100664";"REPARO REGISTRO DURIN COMPATIVEL DECA";"UN";"84819010";26.58;40;36.8;46
"14.10.00007";"2545";"REPARO REGISTRO ROSCA 02 - COD.144";"UN";"84819010";24.24;45;40;51.77
"20.00.00046";"1497";"REPARO REGISTRO ROSCA 07 - COD.146";"KG";"84818011";23.76;38;35;43.7
"18.06.00020";"1834";"REPARO REGISTRO ROSCA 33 - COD.167";"UN";"84819010";42.69;72.5;63.5;79.75
"19.13.00005";"1158";"REPARO REGISTRO ROSCA 48 - COD.132";"UN";"84819010";32.91;59;52;67.85
"09.01.00100";"3063";"REPARO REGISTRO ROSCA 5 - COD.568";"UN";"84819010";25.42;45;40;51.77
"09.01.00101";"3064";"REPARO REGISTRO ROSCA 6 - COD.569";"UN";"84818011";20.2;35;32;40.27
"09.01.00099";"3062";"REPARO REGISTRO ROSCA 7 - COD.570";"UN";"84818011";22.01;39;35;44.87
"09.01.00125";"100401";"REPARO TORNEIRA 1/4 VOLTA ROSCA 2";"UN";"84819010";14.66;25;22;28.75
"09.01.00132";"100583";"REPARO TORNEIRA 1/4 VOLTA ROSCA 29";"UN";"84819010";16.7;30;26;34.5
"19.13.00021";"100482";"REPARO TORNEIRA DECA - COD.128";"UN";"84819010";24.13;36.5;32.5;41.98
"19.13.00024";"100672";"REPARO TORNEIRA DECA - COD.129";"UN";"84819010";21.6;32.5;29;35.1
"09.01.00031";"196";"REPARO TORNEIRA ROSCA 02 - COD.145";"UN";"84819010";19.4;34.5;30;37.95
"09.01.00098";"3061";"REPARO TORNEIRA ROSCA 02 - COD.412";"UN";"84819010";13.84;25;22;28.79
"09.01.00030";"195";"REPARO TORNEIRA ROSCA 03 - COD.138";"UN";"84818011";11.98;20;18.4;22
"09.01.00032";"197";"REPARO TORNEIRA ROSCA 07 - COD.147";"UN";"84818011";16.7;33;30;37.98
"19.13.00020";"100481";"REPARO TORNEIRA ROSCA 28 - COD.151";"UN";"84819010";24.64;40;36;46
"09.01.00002";"167";"REPARO TORNEIRA ROSCA 28 - COD.155";"UN";"84818011";15.6;30;27.6;34.5
"18.06.10011";"100350";"REPARO VALVULA DECA HYDRA MAX BLUKIT";"UN";"84819010";34.88;55;50;63.25
"18.06.10012";"100351";"REPARO VALVULA DECA LUXO COMPLETO BLUKIT";"UN";"84819010";33.51;50;45.5;57.5
"18.06.10004";"3520";"REPARO VALVULA DECA ORIGINAL HYDRA LUXO";"UN";"84818019";39;65;59;74.76
"18.06.00021";"1835";"REPARO VALVULA DECA ORIGINAL HYDRA MAX";"UN";"84818019";56.5;85;75;97.76
"08.00.00047";"100715";"RESINA P/ PISOS E FACHADAS OTTO18L";"UN";"32089010";596.67;780;663;897
"14.10.00017";"3565";"RESISTENCIA ADVANCED ELETRONICA 5500w x 127v";"UN";"85168010";37.4;60;55;69
"14.10.00018";"3626";"RESISTENCIA ADVANCED ELETRONICA 7500w x 220v";"UN";"85168010";37.4;60;55;69
"14.10.00001";"2259";"RESISTENCIA ADVANCED/TOP JET 127v x 5500w 3055Q";"UN";"85168010";43.41;65;54;74.75
"14.05.00014";"574";"RESISTENCIA ADVANCED/TOP JET 220v x 7500w 3055O";"UN";"85168010";43.41;65;54;74.75
"14.10.00013";"2963";"RESISTENCIA BELLA DUCHA 4T 5500w x 127v";"UN";"85168010";30.54;45;41;51.75
"14.10.00014";"3153";"RESISTENCIA BELLA DUCHA 4T 6800w x 220v";"UN";"85168010";26.09;45;41;51.75
"14.10.00020";"100153";"RESISTENCIA BELLA DUCHA 4T ULTRA 5500w x 127v 3065F";"UN";"85168010";40.01;58;52;66.7
"14.10.00022";"100532";"RESISTENCIA BELLA DUCHA 4T ULTRA 6800w x 220v 3065E";"UN";"85168010";40.01;58;52.5;66.7
"14.10.00015";"3410";"RESISTENCIA DUO SHOWER / FUTURA 5500w x 127v 3060A";"UN";"85168010";43.41;65;58;74.75
"14.10.00008";"2620";"RESISTENCIA DUO SHOWER / FUTURA 7500w x 220v 3060C";"UN";"85168010";43.41;63;55;72.44
"14.10.00010";"2869";"RESISTENCIA LOREN SHOWER 5.500w x 127v 3065I";"UN";"85168010";37.38;55;50;63.25
"14.10.00023";"100612";"RESISTENCIA LOREN SHOWER 7500w x 220v 3065M";"UN";"85168010";36.33;55;50;63.25
"14.10.00002";"700";"RESISTENCIA MAXI DUCHA 127v x 5500w 055-J";"UN";"85168010";25.14;37.5;33.5;43.13
"14.10.00001";"699";"RESISTENCIA MAXI DUCHA 220v x 5500w";"KG";"85168010";14.8;22;20;25.3
"14.10.00016";"3539";"RESISTENCIA MAXI DUCHA ULTRA 127v x 5500w 065J";"UN";"85168010";27.41;40;35;46
"14.10.00019";"100033";"RESISTENCIA MAXI DUCHA ULTRA 220v x 5500w 065A";"UN";"85168010";27.41;38.5;34;44.29
"14.10.00003";"701";"RESISTENCIA TRADICAO 055L 127V 5500W";"UN";"85168010";23.52;35;32;40.25
"14.10.00009";"2868";"RESISTENCIA ZAGONEL ELETRONICA 127v x 5.500w";"UN";"85168010";29.9;42;37;48.3
"14.10.00011";"2870";"RESISTENCIA ZAGONEL ELETRONICA 220v x 7.500w";"UN";"85168010";29.9;42;37;48.3
"14.10.00012";"2871";"RESISTENCIA ZAGONEL IDEALE/FLUIR 127v x 5.500w";"UN";"85168010";22;32;28.5;36.8
"20.08.00024";"3530";"RESISTENCIA ZAGONEL IDEALE/FLUIR 220v x 6.800w";"UN";"85168010";22;32;28.5;36.8
"14.10";"0";"RESISTENCIAS";"UN";"";0;0;0;0
"18.06.10013";"100454";"RETENTOR EIXO VALV.HYDRA MAX BLUKIT";"UN";"40169300";1.49;5;4.5;5.75
"18.01.00013";"915";"REVERSAO 1/2 x 3/4 AMARELA";"UN";"79070090";6.61;10;9;11.56
"09.01.00024";"189";"REVESTIMENTO 11.5 x 24 LAJOTA 1.00mt>";"MT";"69072200";40.38;59;53;67.85
"01.01.00053";"2965";"REVESTIMENTO 20x20 DECORADO CAIXA 1.69mt";"MT";"69072200";34;69;63.4;79.35
"01.01.00052";"2964";"REVESTIMENTO 20x20 DECORADO PECA";"UN";"69072200";1.85;4.5;4.15;5.16
"18.10.00031";"2011";"REVESTIMENTO 31x56 RETIFICADO ISABELA PLUS 2.10mts";"MT";"69072200";17.91;28;25.2;30.8
"19.13.00007";"1160";"REVESTIMENTO 32x56 HD KARINA";"MT";"69072200";9.95;15;13.8;17.25
"01.01.00030";"2690";"REVESTIMENTO 32x56 HD KARINA 37063 2.00mts";"MT";"69072200";11.14;28;25.7;32.19
"09.02.00005";"139";"REVESTIMENTO 32x56 HD KARINA 37090 2.00mts";"MT";"69072200";9.95;28;25.7;32.19
"01.01.00023";"2683";"REVESTIMENTO 32x56 HD KARINA 37101 2.00mts";"MT";"69072200";9.95;15;13.8;17.25
"01.01.00025";"2685";"REVESTIMENTO 32x56 HD KARINA 37102 2.00mts";"MT";"69072200";11.14;16.5;15;19
"18.02.00019";"931";"REVESTIMENTO 32x56 HD KARINA 37104 2.00mts";"MT";"69072200";11.14;28;25.7;32.19
"18.02.00017";"923";"REVESTIMENTO 32x56 HD KARINA 37107 2.00mts";"MT";"69072200";11.14;16.5;15;18.97
"01.01.00073";"3081";"REVESTIMENTO 32x56 HD KARINA 37109 2.00 mts";"MT";"69072200";10.91;28;25.7;32.2
"20.00.00056";"1522";"REVESTIMENTO 32x56 HD KARINA 37111 2.00mts";"MT";"69072200";9.95;15;13.8;17.25
"13.03.00022";"1199";"REVESTIMENTO 32x56 HD KARINA 37177 2.00mts";"MT";"69072200";9.95;15;13.8;17.25
"01.01.00096";"3252";"REVESTIMENTO 32x57 ALPES 2.22mts";"MT";"69072200";18.81;28;24.5;32.2
"10.00.00037";"2336";"REVESTIMENTO 32x57 CESTARE CINZA 2.22mts";"MT";"69072200";16.42;25;23;28.74
"18.01.00060";"1650";"REVESTIMENTO 32x57 CORDOBA 2.20mts";"MT";"69072200";9.43;28;25.7;32.19
"01.01.00109";"3307";"REVESTIMENTO 32x57 FLAMINGO 2.22mts";"MT";"69072200";16.42;24.5;22;28.18
"01.01.00024";"2684";"REVESTIMENTO 32x57 HD ARABESCO BEGE 2.22mts";"MT";"69072200";16.46;28;25.7;32.2
"01.00.00006";"2035";"REVESTIMENTO 32x57 HD ARABESCO CINZA 2.22mts";"MT";"69072200";16.65;27.5;23.7;31.61
"17.00.00012";"2180";"REVESTIMENTO 32x57 HD AROEIRA 2.22mts";"MT";"69072200";15.91;28;22.5;32.2
"14.05.00056";"2018";"REVESTIMENTO 32x57 HD CRISTAL BLACK 2.22mts";"MT";"69072200";16.65;27.5;23.7;31.63
"03.00.00031";"1282";"REVESTIMENTO 32x57 HD CRISTAL MARRON 2.20mts";"MT";"69072200";12.43;28;25.7;32.19
"09.00.00047";"2036";"REVESTIMENTO 32x57 HD CRISTAL WH 2.20mts";"MT";"69072200";12.43;28;25.7;32.19
"01.01.00036";"2823";"REVESTIMENTO 32x57 HD MADREPEROLA BEGE 2.03mts";"MT";"69072200";11.87;28;25.7;32.21
"01.01.00048";"2950";"REVESTIMENTO 32x57 HD MIX PRETO 2.03mts";"MT";"69072200";10.58;28;25.7;32.21
"01.01.00108";"3306";"REVESTIMENTO 32x57 HD PETRUS BROWN 2.03mts";"MT";"69072200";11.36;28;25.7;32.21
"01.01.00057";"2984";"REVESTIMENTO 32x57 HD STATUS GELO 2.20mts";"MT";"69072200";12.43;28;25.7;32.2
"19.00.";"1552";"REVESTIMENTO 32x57 ISABELA PLUS 2.22mts";"MT";"69072200";16.43;25;22.5;28.75
"19.00.00137";"2287";"REVESTIMENTO 32x57 MILANO BEGE 2.20mts";"MT";"69072200";8.63;28;25.7;32.19
"18.09.00007";"1944";"REVESTIMENTO 32x57 PLAZA 2.20mts";"MT";"69072200";10.06;14.5;13.3;16.68
"01.01.00029";"2689";"REVESTIMENTO 32x58 INCOPISO 2.02mts - HD 240.009";"MT";"69072200";16.57;25;22.92;27.6
"18.00.00037";"1485";"REVESTIMENTO 33x46 CANNES BEGE 2.00mts";"MT";"69072200";8.36;27;24.8;31.05
"19.00.00012";"877";"REVESTIMENTO 33x46 KINGSTON 2.00mts";"MT";"69072200";9.63;24;22;27.61
"01.01.00087";"3238";"REVESTIMENTO 33x51 HD MODURATO BRANCO 2.20mts";"UN";"69072200";8.41;12.5;11.5;14.38
"01.01.00041";"2917";"REVESTIMENTO 33x51 HD PRISMA PLUS 2.20mts";"MT";"69072200";8.73;13;12;14.95
"01.00.00038";"100298";"REVESTIMENTO 33x57 HD COLONIAL 2.50mt";"MT";"69072200";20.59;30;27.5;34.5
"01.00.00036";"100296";"REVESTIMENTO 33x57 HD PETRA 2.50mt";"MT";"69072200";20.59;30;27.5;34.5
"01.00.00037";"100297";"REVESTIMENTO 33x57 HD UNIQUE 2.50mt";"MT";"69072200";20.59;30;27.5;34.5
"01.00.00035";"100295";"REVESTIMENTO 33x57 MONARCH 2.50mt";"MT";"69072200";20.59;30;27.5;34.5
"01.01.00028";"2688";"REVESTIMENTO 33x60 HD CRETA PLUS 2.40mts";"MT";"69072200";9.64;14;12.9;16.1
"01.01.00098";"3254";"REVESTIMENTO 33x60 HD MADERO PLUS 2.40mts";"MT";"69072200";9.27;14;12.8;16.1
"01.01.00097";"3253";"REVESTIMENTO 33x60 HD MODULAR PLUS 2.40mts";"MT";"69072200";9.64;14;12.9;16.1
"01.01.00059";"3002";"REVESTIMENTO 35x57 HD GRIFFE PRETO 2.00mt";"MT";"69072200";8.79;12.5;11.5;14.37
"01.01.00022";"2682";"REVESTIMENTO 35x70 HD INCEFRA REF HDM 37320R 1.68mts";"MT";"69072200";21.92;32.5;29.5;37.38
"13.01.00011";"532";"REVESTIMENTO 35x70 HD INCEFRA REF HDM 37340R 1.68mts";"MT";"69072200";21.92;32.5;27.9;37.38
"01.01.00020";"2680";"REVESTIMENTO 38x74 DUBLIN MPR 1.98mts";"MT";"69072200";30.24;45;41;51.75
"01.01.00094";"3250";"REVESTIMENTO 38x74 NANOGLASS WHITE 1.98mts";"MT";"69072200";28.67;45;41;51.75
"01.01.00050";"2952";"REVESTIMENTO 38x75 ALASKA PLUS 2.00mts PEI-3";"MT";"69072200";17.74;26.5;24;30.48
"01.01.00027";"2687";"REVESTIMENTO 39x75 FERRERO 2.06mts";"MT";"69072200";21.36;32;29;36.8
"01.01.00026";"2686";"REVESTIMENTO 39x75 LADRILLO 2.06mts";"MT";"69072200";21.74;32;29;36.8
"14.05.00023";"583";"RISCADOR PISO MANUAL CORTAG";"UN";"82055900";6.47;10;9;11.5
"18.10.00016";"1996";"RODA PNEU MACICO DE PU ALCALAY";"UN";"87169090";99.9;150;136.67;155.25
"20.00.00092";"2555";"RODA PNEU MACICO RECICLADO 27mm";"UN";"40129090";50.35;80;70;92
"19.00.00234";"3277";"RODA PNEU MACICO ROMA";"UN";"87169090";42.09;75;60;86.25
"19.00.00233";"3276";"RODA REFORCADA";"UN";"87169090";27.31;40;36;46
"18.02.00052";"1709";"RODA REFORCADA C/PNEU E CAMARA";"UN";"87169090";51.46;77;69.3;88.55
"19.00.00334";"100506";"RODEL CORTAG 100mm UNIVERSAL COD:61662";"UN";"68042119";16.08;28;26;32.2
"19.00.00119";"2124";"RODEL CORTAG 80mm COD:60200";"UN";"84669100";8.13;15;13.5;17.36
"20.00.00047";"1498";"RODINHO P/ PIA";"UN";"";0.63;1;0.9;1.1
"19.00.00240";"3321";"RODO ALUMINIO ASTRA C/CABO 40cm";"UN";"96039000";28.32;43;39.5;49.45
"19.00.00293";"100114";"RODO CABO ALUMINIO 60CM C/ REFIL";"UN";"96039000";38.84;57.5;52;66.13
"20.00.00048";"1499";"RODO P/ PORTA 80CM";"UN";"76042920";7.29;11;10;12.65
"20.00.00049";"1500";"RODO P/ PORTA 90CM";"UN";"76042920";7.18;12.5;11.5;14.38
"19.00.00090";"1141";"RODO PARA CAFE FUZIL";"UN";"82019000";24.48;36;33;41.4
"19.00.00207";"2930";"RODO PLASTICO 40cm";"UN";"96039000";12.46;18.5;17;21.26
"19.00.00218";"3068";"RODO PLASTICO 60cm";"UN";"96039000";12.12;18;16.5;20.7
"14.00.00076";"705";"ROLDANA PLASTICA 24x24";"UN";"39259090";0.23;0.4;0.35;0.46
"14.00.00077";"706";"ROLDANA PLASTICA 30x30";"UN";"39259090";0.32;0.75;0.68;0.88
"14.00.00078";"707";"ROLDANA PLASTICA 36x36";"UN";"39259090";0.53;1.1;0.98;1.28
"19.00.00093";"1144";"ROLDANA POCO BIEHL CINZA 16";"UN";"73261900";38.01;79;72;90.85
"19.00.00095";"1146";"ROLDANA TENACE 18";"UN";"73261900";61.2;90;80;103.5
"18.01.00156";"1802";"ROLDANA TENACE 20";"UN";"73261900";78.15;115;103.5;132.25
"09.04.00031";"100760";"ROLO DE LA SINT. C/ SUPORTE DURIN 23cm";"UN";"96034010";15.64;25;22.5;27.5
"09.04.00022";"3057";"ROLO DE TEXTURA RUSTICA E CHAPISCO 23cm ATLAS";"UN";"96034010";14.35;25;22;28.76
"20.06.00033";"100866";"ROLO MASCARAMENTO ELETROESTATICO C/ FITA 150cm X 20m";"UN";"39201010";26.67;42;37.5;45
"20.06.00032";"100865";"ROLO MASCARAMENTO ELETROESTATICO C/ FITA 280cm X 17m";"UN";"39201010";33.67;52.5;47;55
"20.06.00034";"100867";"ROLO MASCARAMENTO ELETROESTATICO C/ FITA 55cm X 20m";"UN";"39201010";13.16;22;20;25
"09.04.00009";"261";"ROLO PINTURA 1000 23cm PELE DE CARNEIRO ATLAS";"UN";"96034010";28.8;42;38.6;46.2
"09.04.00019";"2286";"ROLO PINTURA ANTI-RESPINGO LA SINT. 23cm ATLAS";"UN";"96034010";7.72;12;10.5;13.83
"09.04.00017";"2237";"ROLO PINTURA ESPUMA COMPEL 05CM";"UN";"96034010";1.05;2;1.8;2.3
"09.04.00015";"267";"ROLO PINTURA ESPUMA COMPEL 09CM";"UN";"96034010";2.39;3.5;3.18;4.03
"09.04.00002";"254";"ROLO PINTURA ESPUMA COMPEL 15CM";"UN";"96034010";1.86;3;2.76;3.46
"09.04.00011";"263";"ROLO PINTURA ESPUMA COMPEL 23CM";"UN";"96034010";6.19;9;8.2;10.35
"14.05.00002";"562";"ROLO PINTURA LA ATLAS ANTI-GOTA 23cm";"UN";"96034010";9.58;50;45.86;57.52
"09.04.00008";"260";"ROLO PINTURA LA ATLAS ECONOMICO 23cm 773/19";"UN";"96034010";8.05;13.5;12;15.47
"09.04.00026";"3468";"ROLO PINTURA LA ATLAS GOL ATLAS 23CM 923/19";"UN";"96034010";26.31;38;34;40.52
"09.04.00006";"258";"ROLO PINTURA LA COMPEL 05cm";"UN";"96034010";3.69;5.5;5;6.05
"09.04.00018";"2285";"ROLO PINTURA LA COMPEL 09cm";"UN";"96034010";4.69;7;6.5;8.07
"09.04.00003";"255";"ROLO PINTURA LA COMPEL 15cm";"UN";"96034010";5.98;9;8.2;10.36
"18.06.00022";"1836";"ROLO PINTURA LA P.A.G.LEGITIMA 23cm x 25mm";"UN";"96034010";13.45;20;18.4;23
"09.04.00023";"3065";"ROLO PINTURA LA P.A.G.PROFICIONAL 23cm x 22mm";"UN";"96034010";9.86;15;13.8;17.25
"09.00.00020";"251";"ROLO PINTURA LA PROFISSIONAL SL230 23cm";"UN";"96034010";11.61;17;15.64;19.55
"09.04.00029";"3624";"ROLO PINTURA LA TIGRE 23cm REF 1396";"UN";"96034010";7.22;10.8;9.9;12.43
"09.04.00016";"268";"ROLO PINTURA LA TIGRE ANTI-RESPINGO 23cm REF 1376";"UN";"96034010";5.76;8.3;7.6;9.56
"09.04.00025";"3452";"ROLO PINTURA LA TIGRE ECONOMICO 23cm REF.1312";"UN";"96034010";4.41;6.5;5.95;7.48
"09.04.00021";"2324";"ROLO PINTURA POLIESTER ATLAS 05cm 406/5A";"UN";"96034010";2.71;4;3.65;4.61
"09.04.00020";"2323";"ROLO PINTURA POLIESTER ATLAS 09cm 406/9A";"UN";"96034010";3.5;5.5;5;6.36
"13.06.00001";"1550";"ROLO PINTURA POLIESTER ATLAS 15cm 406/15A";"UN";"96034010";5.39;8;7.3;9.22
"09.04.00027";"3595";"ROLO PINTURA POLIESTER TIGRE 05cm REF.1341";"UN";"96034010";1.9;3;2.75;3.46
"09.04.00028";"3596";"ROLO PINTURA POLIESTER TIGRE 09cm REF.1341";"UN";"96034010";1.9;3.5;3.2;4.03
"09.04.00014";"266";"ROLO PINTURA RENDEPLUS 23cm 10mm ATLAS";"UN";"96034010";11.05;17.5;15;20.15
"09.04.00030";"100301";"ROLO PINTURA RENDEPLUS 23cm 19mm ATLAS";"UN";"96034010";11.49;18.5;16;21.27
"14.00.00112";"2578";"ROLO TEXTURA 23cm CAB.ANJO";"UN";"96034010";24.09;35;32.5;40.24
"09.04";"0";"ROLOS";"UN";"";0;0;0;0
"13.02.00011";"100828";"SABONETEIRA FOX BRASIL ACRILICO CROMADO";"UN";"39229000";4.47;8;7;10
"13.00.10013";"100410";"SABONETEIRA HERC LAVELLO";"UN";"39259090";9.08;14.5;13.2;16.67
"13.00.10007";"2993";"SABONETEIRA MARINI QUADRADA";"UN";"73249000";10.9;16.8;15.4;19.34
"13.00.00025";"1838";"SABONETEIRA PRINOX OVAL";"UN";"73249000";22.86;34;31;39.1
"13.00.00029";"2349";"SABONETEIRA PRINOX RETANGULAR";"UN";"73249000";20.86;34;30;39.1
"19.00.00344";"100542";"SACO DE RAFIA 55x85 PACOTE C/10un.";"PCT";"63053390";21.82;33;28;37.95
"14.06.00043";"100660";"SACOLA PERSONALIZADA PHD EMBALAGENS";"KG";"";69.9;69.9;0;0
"14.00.00036";"512";"SACOLA REFORCADA LEITOSA 30x40 100un p/kg.";"KG";"";17;17;17;17
"14.06.00011";"626";"SACOLA REFORCADA LEITOSA 50x60 60un p/kg.";"UN";"85392200";17;17;17;17
"19.02.00035";"851";"SACOLA REFORCADA LEITOSA 60x80 50un p/kg.";"UN";"69072200";18;18;18;18
"12.00.00008";"402";"SAIBRO";"MT";"25309090";50;95;81.89;104.49
"12.00.00009";"403";"SAIBRO CLARAVAL";"MT";"25309090";18;25.2;22.68;37.44
"18.06.10015";"100513";"SEDE P/ HYDRA MAX DECA";"UN";"84819010";17.5;28;25;32.2
"14.09.00007";"3513";"SELA MAIS 50gr BRANCO";"UN";"35061090";6;9;8.25;10.35
"14.09.00004";"674";"SELA MAIS 50gr CINZA";"UN";"35061090";6;9;8.26;9.78
"14.09.00003";"672";"SELA MAIS 50gr INCOLOR";"UN";"35061090";6;9;8.26;9.78
"18.00.00136";"2856";"SELA MAIS 50gr PRETO";"UN";"35061090";6;9;8.26;9.78
"09.06.00011";"3514";"SELA TRINCA BARONE / AFIX 430gr.";"UN";"32141010";8.52;15;13;17.25
"09.06.00007";"2234";"SELA TRINCA TEKBOND 425gr.";"UN";"35061090";14.5;25;20;27.5
"09.06.00008";"2240";"SELADOR LUKSCOLOR LATA 18lts";"UN";"32091010";93.22;135;124;155.25
"09.01.00023";"188";"SELADOR TEXTUMIX 18 lts";"UN";"32091020";48.3;72;65;82.8
"09.06.00006";"274";"SELADOR TEXTUMIX 5kg";"UN";"32141020";22;33;30;36.3
"16.00.00014";"2764";"SEMI REBOQUE NOMA SR3E27 CS 2014/2014 CINZA 9EP071330E1007226 FFL4641";"UN";"87169010";60000;60000;0;130.81
"14.05.00115";"100443";"SENSOR DE PRESENCA C/BOCAL";"UN";"85365090";34.99;52.5;48;60.38
"14.05.00113";"100441";"SENSOR DE PRESENCA EXTERNO C/FOTOCEL. BIVOLT";"UN";"";60;90;78;103.5
"14.05.00111";"100281";"SENSOR DE PRESENCA PAREDE FOXLUX";"UN";"85365090";49.82;74.5;68.5;85.67
"14.05.00110";"100280";"SENSOR DE PRESENCA TETO FOXLUX";"UN";"85365090";61.87;93;85;106.95
"19.00.00201";"2887";"SERRA CIRCULAR 7 1/4 BOSCH GKS150 - 127V x 1400w";"UN";"84672200";555.57;950;850;1092.5
"19.00.00262";"3566";"SERRA CIRCULAR 7 1/4 DEWALT DWE560 1400w x 127v";"UN";"84672200";514.56;850;760;977.5
"19.00.00096";"1147";"SERRA CIRCULAR 7 1/4 MAKITA M5801B 1050w 127v";"UN";"84672200";676.62;980;890;1127
"19.00.00296";"100160";"SERRA CIRCULAR 7 1/4 SKIL 5402 1.400w x 127v";"UN";"84672200";531.74;730;670;839.5
"19.00.00379";"100834";"SERRA CIRCULAR VONDER 7.1/4 SCV1100 127V";"UN";"84672200";463.92;650;570;750
"19.00.00380";"100835";"SERRA CIRCULAR VONDER 7.1/4 SCV1100 220V";"UN";"84672200";463.92;650;570;750
"19.00.00376";"100822";"SERRA COPO 20MM FERTAK";"UN";"82029990";19.98;30;27;34.5
"19.00.00375";"100821";"SERRA COPO 25MM FERTAK";"UN";"82029990";26.98;40;36;46
"09.01.00128";"100548";"SERRA COPO ACO RAPIDO C/ GUIA 22mm";"UN";"82029990";16.56;25;23;28.75
"09.01.00129";"100549";"SERRA COPO ACO RAPIDO C/ GUIA 27mm";"UN";"82029990";20.33;31;28.5;35.65
"09.01.00130";"100550";"SERRA COPO ACO RAPIDO C/ GUIA 30mm";"UN";"82029990";22.5;34;31;39.1
"09.01.00131";"100551";"SERRA COPO ACO RAPIDO C/ GUIA 35mm";"UN";"82029990";26.32;40;36.5;46
"09.01.00127";"100547";"SERRA COPO ACO RAPIDO C/ ROSCA 25mm";"UN";"82029990";18.91;29;26.5;33.35
"13.04.00002";"1386";"SERRA COPO DIAMANTADA C/SUPORTE E GUIA 35mm";"UN";"68042119";46;75;67;86.25
"09.01.00085";"2482";"SERRA COPO DIAMANTADA C/SUPORTE E GUIA 53mm";"UN";"68042119";72.5;110;100;126.5
"13.02.00001";"1170";"SERRA COPO DIAMANTADA C/SUPORTE E GUIA CORTAG 53mm";"UN";"68042119";83.79;125;110;143.75
"10.00.00040";"2339";"SERRA MARMORE DEWALT 4.3/8 1400w DW862-BR 127v";"UN";"84672200";289.48;500;445;575
"20.00.00037";"1431";"SERRA MARMORE DWT 4.1/2 1300w SMD1300S 127v";"UN";"84672200";189.4;280;257;322
"20.00.00050";"1502";"SERRA MARMORE MAKITA 4.1/2 NH3ZX2 1300w 127v";"UN";"84672200";382.13;565;497.2;649.75
"20.00.00175";"100516";"SERRA MARMORE MAKITA 4.1/2 NH3ZX2 1300w 220v";"UN";"84672200";389.39;565;510;649.75
"20.00.00126";"3024";"SERRA MARMORE VONDER 4.1/2 1300w 127v";"UN";"84672200";259.26;375;345;431.25
"09.01.00097";"3021";"SERROTE 20pol. VONDER";"UN";"82021000";30.91;47;43;54.05
"19.00.00097";"1148";"SERROTE 24pol VONDER";"UN";"82021000";32.75;53;48.5;60.95
"22.00.00043";"2516";"SERROTE DE COSTA MTX 14pol. COD:231489";"UN";"82021000";33.49;52;46.8;57.2
"19.00.00104";"1167";"SERROTE DE COSTA VONDER 12pol.";"UN";"82021000";44.73;65;60;74.75
"19.00.00321";"100387";"SERROTE IRWIN 20";"UN";"82021000";58.65;90;80;103.5
"03.00.00027";"42";"SERROTE P/ PODA CURVO 12pol";"UN";"82021000";26.13;40;35;46
"18.00.00221";"100378";"SIFAO FLEXIVEL ASTRA 60cm PRETO";"UN";"39174090";5.93;8.9;8.1;10.23
"18.00.00217";"100285";"SIFAO FLEXIVEL BLUKIT 1.1mt BLACK";"UN";"39174090";14.53;22;19.8;25.3
"18.00.00188";"3611";"SIFAO FLEXIVEL BLUKIT 1.5mt BRANCO";"UN";"39174090";10.92;17;15.4;19.56
"18.00.00216";"100284";"SIFAO FLEXIVEL BLUKIT 70cm BLACK";"UN";"39174090";9.5;14;12.5;16.11
"18.00.00135";"2802";"SIFAO FLEXIVEL BLUKIT 70cm BRANCO";"UN";"39174090";4.98;8.5;7.45;9.77
"18.00.00098";"2151";"SIFAO FLEXIVEL BLUKIT 70cm CROMADO";"UN";"39174090";26.09;40;34;46
"18.00.00218";"100286";"SIFAO FLEXIVEL BLUKIT DUPLO 70cm BLACK";"UN";"39174090";16.86;25;22.8;28.75
"18.00.00077";"1844";"SIFAO FLEXIVEL BLUKIT DUPLO 70cm BRANCO";"UN";"39174090";12.35;22.5;19.5;25.87
"18.00.00141";"2927";"SIFAO PARA CAIXA DURIN 50mm";"UN";"39174090";4.29;8;7;9.19
"18.01.00340";"100862";"SIFAO PARA CAIXA HERC 40mm";"UN";"39174090";4.51;7.5;6.75;8.25
"18.00.00163";"3165";"SIFAO PARA CAIXA HERC 75mm";"UN";"39174090";5.95;9;8.28;10.35
"20.00.00163";"100232";"SILICONE SPRAY VONDER 300ml/200gr";"UN";"39100012";10.98;19;17;21.85
"20.00.00051";"1503";"SOLERA CHUMBO";"UN";"";12;16;14.4;17.6
"20.00.00052";"1504";"SOLERA VERDE";"UN";"";12;16;10.4;18
"18.00.00109";"2325";"SOLUCAO LIMP. FRASCO 200 CM3 TIGRE";"UN";"";5.5;8.4;5.88;9.24
"14.00.00079";"708";"SOQUETE C/ RABICHO P/ LAMPADA TUBOLAR";"UN";"85444200";1.11;2;1.85;2.31
"19.05.00018";"944";"SOQUETE MAGNETICO 1/4 TITANIUM";"UN";"82042000";4.24;7;6.5;8.05
"19.05.00113";"100392";"SOQUETE MAGNETICO 10mm";"UN";"82042000";4.58;7;6.4;8.05
"19.05.00112";"100386";"SOQUETE MAGNETICO 11mm COD: 46434";"UN";"82042000";5.6;8.5;7.8;9.78
"19.05.00030";"956";"SOQUETE MAGNETICO 3/8";"UN";"82042000";2.5;6.5;5.5;7.48
"19.05.00074";"2641";"SOQUETE MAGNETICO 5/16 - 8mm";"UN";"82042000";4.33;6.5;5.96;7.48
"14.00.00080";"709";"SOQUETE TOMADINHA COM RABICHO";"UN";"85366100";1.99;3.5;3.15;3.85
"14.00.00123";"2589";"SPOT DUAS LAMPADAS ALUMINIO";"UN";"94051093";22;32;28.8;35.09
"14.00.00125";"2591";"SPOT DUAS LAMPADAS BRANCO";"UN";"94051091";20.8;30;27;33
"14.00.00127";"2593";"SPOT DUAS LAMPADAS ELETRONICO BRANCO";"UN";"94051093";27.1;37;33.3;40.7
"14.00.00154";"100437";"SPOT LED QUADRADO BELALUX 3w 3000k";"UN";"94051190";8.5;13;11.2;14.95
"14.00.00153";"100436";"SPOT LED QUADRADO BELALUX 5w 6500k";"UN";"";12.9;20;17;23
"14.00.00155";"100438";"SPOT LED QUADRADO BELALUX 7w 3000k";"UN";"";15.9;24;21;27.6
"14.00.00124";"2590";"SPOT UM LAMPADA BRANCO";"UN";"94051093";10.5;15;13.5;16.5
"14.00.00122";"2588";"SPOT UMA LAMPADA ALUMINIO";"UN";"94051093";11;16;14.4;17.54
"14.00.00126";"2592";"SPOT UMA LAMPADA ELETRONICO BRANCO";"UN";"94051093";13.5;20;18;22
"14.00.00081";"710";"STARTER LAMPADA FLUOR 15/20w FOXLUX";"UN";"85365090";0.67;1.5;1.38;1.72
"14.00.00082";"711";"STARTER LAMPADA FLUOR 30/40w";"UN";"85365090";0.69;4;3.6;4.4
"01.00.00004";"45";"SUPERLIGA FELDSPATO CINZA 18KG";"SC";"25291000";6.8;10;9;11
"13.03.00029";"3357";"SUPORTE ARTICULADO P/ TV LED 10 A 60";"UN";"83025000";39.14;60;54;69.03
"14.00.00065";"685";"SUPORTE MASTRO PARA TV";"UN";"73063000";17.43;27;24.8;31.05
"14.00.00084";"713";"SUPORTE P/ 1 DISJUNTOR VELL";"UN";"94051093";0.85;2;1.8;2.2
"14.00.00085";"714";"SUPORTE P/ 2 DISJUNTOR VELL";"UN";"94051093";0.92;2.4;2.16;2.64
"14.00.00083";"712";"SUPORTE P/ 3 DISJUNTOR VELL";"UN";"94051093";0.95;2.8;2.52;3.82
"19.00.00238";"3305";"SUPORTE P/ DISCO CERAMICA COD:48014";"UN";"82023900";27.98;42;38;48.3
"09.00.00104";"100233";"SUPORTE P/ LIXA 5pol. C/ VELCRO";"UN";"40069000";14.98;25;20;28.76
"19.00.00082";"1127";"SUPORTE P/FURADEIRA COM MORSA";"UN";"84669340";108.38;160;147;184
"14.00.00104";"2478";"SUPORTE PIA CHUMBAR 60x5x3cm";"UN";"72141090";16;27;24;29.7
"18.02.00030";"1576";"SUPORTE PIA CHUMBAR PRETO";"UN";"72141090";16;26.5;23;30.47
"19.04.00017";"2131";"SUPORTE PIA PARAFUSAR 50x5x3cm";"UN";"72141090";18;28;25.2;30.8
"18.02.00026";"1572";"SUPORTE PIA PARAFUSAR PRETO";"UN";"72141090";18;27.5;24.5;31.62
"14.00.00096";"2021";"SUPORTE TOMADA TELEBRAS";"UN";"39174090";0.52;1.5;1.35;1.65
"19.00.00114";"1508";"SUPORTE UNIV.P TV LCD 10 A 88 POL";"UN";"73269090";6.51;20;15;23
"19.02.00014";"813";"TALHADEIRA CHATA 5/16";"UN";"68109900";14.98;23;21;26.45
"19.00.00112";"1506";"TALHADEIRA DE ACO 1/2";"UN";"82055900";8.73;18;15;20.68
"19.00.00113";"1507";"TALHADEIRA DE ACO 3/4";"UN";"82055900";10.06;20;17;22.5
"19.00.00188";"2818";"TALHADEIRA FORJADA TAFORT 250 x 27mm";"UN";"82055900";7.28;11;10;12.66
"19.00.00189";"2819";"TALHADEIRA FORJADA TAFORT 300 x 27mm";"UN";"82055900";10.82;16.5;15;18.98
"19.00.00219";"3070";"TALHADEIRA FORJADA TAFORT 350 x 27mm";"UN";"82055900";9.91;15;13.8;17.24
"19.00.00115";"1509";"TALHADEIRA MONFORT 5/8";"UN";"82055900";7.12;11;9.9;12.65
"19.11.00007";"1114";"TALHADEIRA SDS MAX MTX 18x25x280mm COD:7034155";"UN";"82079000";14.01;25;22;27.5
"09.01.00049";"214";"TALHADEIRA SDS MAX MTX 25x50x360mm. COD:7034455";"UN";"82079000";31.09;50;45;53.5
"19.02.00064";"3015";"TALHADEIRA SDS PLUS CURVA LOTUS 16x265x40mm";"UN";"82075011";21;35;32;40.25
"19.02.00001";"2914";"TALHADEIRA SDS PLUS MTX 14x20x250mm COD 7032055";"UN";"82079000";10.08;17.5;15.75;19.25
"19.02.00061";"2721";"TALHADEIRA SDS PLUS MTX 14x40x250mm COD:7031055";"UN";"82075011";8.96;19;17;21.86
"19.04.00014";"902";"TAMPA ALCAPAO LAMINADO 60 x 60cm REQ 12";"UN";"73083000";55.02;85;77;97.75
"20.00.00001";"1511";"TAMPA ALCAPAO LISO 60 x 60cm REQ 12";"UN";"73083000";58.64;90;82;103.5
"19.04.00021";"3481";"TAMPA ALCAPAO VITRALFER BCO LAMIN.60x80cm";"UN";"73083000";176.42;270;240;310.5
"10.00.00015";"290";"TAMPA ALCAPAO VITRALFER LAMIN.60x60cm";"UN";"73083000";76.18;110;98;121
"10.00.00038";"2337";"TAMPA ALCAPAO VITRALFER LISO 60x60cm";"UN";"73083000";76.18;110;98;126.5
"18.08.00008";"3429";"TAMPA ALUMINIO 4 pol";"UN";"76169900";4.9;15;13.8;17.26
"18.08.00009";"3430";"TAMPA ALUMINIO 6pol";"UN";"76169900";8.1;27;24.8;31.06
"19.03.00012";"3444";"TAMPA CAIXA DAGUA FORTLEV 500lts";"UN";"39251000";65;100;92;115
"18.03.00028";"3459";"TAMPA CAIXA DAGUA TANQUE FORTLEV";"UN";"";186.7;280;255;322
"18.00.00222";"100389";"TAMPA CAIXA GORDURA ALUMINIO QUADRADO 27cm";"UN";"76169900";42.2;72;60;82.81
"18.08.00001";"1895";"TAMPA CAIXA GORDURA ALUMINIO REDONDA 25cm";"UN";"76169900";40.66;65;57;71.5
"18.08.00002";"1896";"TAMPA CAIXA GORDURA PVC AMANCO 250mm";"UN";"39269090";28.31;44;35;50.61
"18.00.00220";"100366";"TAMPA CAIXA INSPECAO AMANCO";"UN";"39174090";107.39;170;140;195.5
"18.03.00027";"3458";"TAMPA CAIXA INSPECAO BREC 300MM";"UN";"39174090";42.3;68;60;78.2
"13.03.00032";"100194";"TAMPA CEGA P/CAIXA ALUNINIO TRAMONTINA";"UN";"76090000";2.35;4;3.65;4.6
"20.00.00004";"1514";"TAMPA P/ VALVULA ASTRA LAVATORIO PLASTICA VPIT";"UN";"39174090";0.55;1.2;1.1;1.37
"18.08.00007";"1901";"TAMPA P/ VALVULA ASTRA TANQUE PLASTICA";"UN";"39174090";0.6;1.5;1.38;1.72
"18.08.00003";"100667";"TAMPA P/ VALVULA LAVATORIO EM EVA";"UN";"39269090";0.76;1.3;1.1;1.5
"18.08.00010";"100226";"TAMPA P/ VALVULA TANQUE EM EVA";"UN";"39269090";0.78;1.5;1.38;1.72
"09.00.00106";"100255";"TAMPA P/CAIXA ESGOTO BREC 500mm";"UN";"39174090";85;135;124;155.25
"09.00.00114";"100579";"TAMPA P/CAIXA INSPECAOO BREC 300mm";"UN";"";38.06;65;60;74.75
"13.03.00031";"100193";"TAMPAO 3/4 TRAMONTINA PARA CAIXA ALUMINIO";"UN";"39259090";0.23;0.4;0.37;0.46
"18.08";"0";"TAMPAS";"UN";"";0;0;0;0
"18.00.00200";"100129";"TANQUE MARM. SINT. GRANITADO AJ RORATO 110 x 55cm BRANCO";"UN";"68109900";177.7;275;245;315
"14.03.00007";"484";"TANQUE MARM. SINT. GRANITADO AJ RORATO 110 x 55cm CINZA";"UN";"68109900";177.7;275;245;316.25
"18.00.00201";"100130";"TANQUE MARM. SINT. GRANITADO AJ RORATO 110 x 55cm PRETO";"UN";"68109900";177.7;275;245;316.25
"18.00.00205";"100134";"TANQUE MARM. SINT. GRANITADO AJ RORATO 110 x 55cm TRAVERTINO";"UN";"68109900";177.7;275;245;316.25
"18.00.00246";"100875";"TANQUE MARM. SINT. GRANITADO REFORCADO 110 x 59cm BRANCO";"UN";"68109900";304.44;475;415;522.5
"18.00.00245";"100874";"TANQUE MARM. SINT. GRANITADO REFORCADO 110 x 59cm PRETO";"UN";"68109900";304.44;475;415;522.5
"18.00.00039";"1516";"TANQUE MARM.SINT.AJ RORATO 55 x 41cm BRANCO";"UN";"68109900";156.15;245;220;281.75
"18.00.00145";"2991";"TANQUE MARM.SINT.AJ RORATO 55 x 41cm CINZA";"UN";"68109900";156.15;245;220;281.75
"18.00.00207";"100136";"TANQUE MARM.SINT.AJ RORATO 55 x 41cm PRETO";"UN";"68109900";156.15;245;220;281.75
"18.00.00206";"100135";"TANQUE MARM.SINT.AJ RORATO 55 x 41cm TRAVERTINO";"UN";"68109900";147.32;220;200;253
"09.01.00001";"166";"TANQUE MARM.SINT.DECORALITA 112x53 BEGE";"UN";"68109900";227.54;340;310;391
"17.00.00092";"3550";"TANQUE MARM.SINT.DECORALITA 112x53 BRANCO GELO";"UN";"68109900";215.01;340;300;367.2
"22.00.00037";"2462";"TANQUE MARM.SINT.DECORALITA 112x53 CINZA";"UN";"68109900";227.9;340;300;391
"18.00.00102";"2218";"TANQUE MARM.SINT.DECORALITA 112x53 PRETO";"UN";"68109900";227.9;340;300;391
"18.00.00041";"1518";"TANQUE MARM.SINT.DECORALITA 60x60cm BRANCO";"UN";"68109900";183.91;269;220;309.35
"18.00.00204";"100133";"TANQUE MARM.SINT.DECORALITA 60x60cm PRETO";"UN";"68109900";183.91;269;247;309.35
"18.00.00203";"100132";"TANQUE MARM.SINT.GRANITADO AJ RORATO 60x60cm CINZA";"UN";"68109900";112.3;180;155;207
"18.00.00202";"100131";"TANQUE MARM.SINT.GRANITADO AJ RORATO 60x60cm PRETO";"UN";"68109900";112.3;180;155;210
"18.00.00247";"100876";"TANQUE MARM.SINT.GRANITADO REFORCADO 62x62cm BRANCO";"UN";"68109900";196.39;310;275;341
"18.00.00248";"100877";"TANQUE MARM.SINT.GRANITADO REFORCADO 62x62cm CINZA";"UN";"68109900";196.39;310;275;341
"18.00.00249";"100878";"TANQUE MARM.SINT.GRANITADO REFORCADO 62x62cm TRAVERTINO";"UN";"68109900";196.39;310;275;341
"18.00.00199";"100128";"TANQUE MARM.SINT.MARMORIX 114 x 0.56cm BEGE";"UN";"68109900";212;325;295;373.75
"18.00.00042";"1519";"TANQUE MARM.SINT.MARMORIX 114 x 0.56cm BRANCO";"UN";"68109900";212;325;295;373.75
"18.00.00128";"2645";"TANQUE PLASTICO BRANCO";"UN";"39221000";22.51;30;27;33
"09.01.00044";"209";"TANQUE THERMO FIBRA DECORALITA 56 x 43 BRANCO";"UN";"68109900";102.42;149;134;171.35
"09.01.00119";"100148";"TANQUE THERMO FIBRA DECORALITA 56 x 43 PRETO";"UN";"68109900";75.6;115;105;132.25
"18.01.00250";"3289";"TAPA FURO ESTRELA SOLD 25mm";"UN";"39174090";9.57;15;13.8;17.26
"18.01.00290";"100229";"TAPA FURO KIT 5pcs";"UN";"39174090";13;20;18;23
"19.01.00024";"3631";"TAPETE HIGIENIZADOR";"UN";"";20;40;36.8;46
"10.02.00006";"2418";"TARJETA FIO REDONDO 51mm";"UN";"83014000";2.4;5;4.5;5.74
"10.02.00007";"2419";"TARJETA FIO REDONDO 76mm";"UN";"83014000";4.13;8;7.36;9.21
"14.00.00129";"2595";"TARTARUGA ALUMINIO BRANCA";"UN";"94051093";22;31;27.9;34.22
"18.01.00190";"1903";"TE AMANCO 100mm";"UN";"39174090";12.65;20;17.5;22
"18.01.00192";"1905";"TE AMANCO 100x50mm";"UN";"39174090";9.17;15.5;12.4;17.83
"18.01.00194";"1907";"TE AMANCO 100x75mm";"UN";"39174090";12.12;22;18.5;24.2
"18.01.00198";"1911";"TE AMANCO 150x100mm";"UN";"39174090";43.16;70;57;78.23
"18.01.00202";"1915";"TE AMANCO 25mm x 3/4";"UN";"39174090";13.09;20;17.5;23
"18.01.00207";"1920";"TE AMANCO 40mm";"UN";"39174090";3.12;6;4.8;6.92
"18.01.00209";"1922";"TE AMANCO 50mm";"UN";"39174090";6.35;11.5;10;13.22
"18.01.00215";"1928";"TE AMANCO 75mm";"UN";"39174090";12.28;19.5;15.6;21.86
"18.01.00217";"1930";"TE AMANCO 75x50mm";"UN";"39174090";11.8;22;18.7;25
"18.01.00200";"1913";"TE AMANCO AZUL 25mm x 1/2";"UN";"39174090";7.62;13.5;11.5;15.19
"18.01.00204";"1917";"TE AMANCO SOLD 25mm";"UN";"39174090";1.41;2.7;2.4;3
"18.01.00211";"1924";"TE AMANCO SOLD 50mm";"UN";"39174090";6.59;12;9.5;13.81
"18.01.00213";"1926";"TE AMANCO SOLD 50x25mm";"UN";"39174090";10.7;16.5;14;18
"18.01.00196";"1909";"TE AMANCO/TIGRE 150mm";"UN";"39174090";52.24;79;65;90
"18.00.00096";"2029";"TE ESTRELA LIGA FACIL 100mm";"UN";"32141010";45.29;68;62.5;78.2
"18.00.00082";"1849";"TE ESTRELA LIGA FACIL SOLD. 25mm";"UN";"39172300";4.09;10.5;9.6;12.08
"18.00.00184";"3518";"TE ESTRELA LIGA FACIL SOLD. AZUL 25 x 3/4";"UN";"39172300";15.97;42;38.5;48.3
"18.01.00189";"1902";"TE PLASTILIT ESGOTO 100mm";"UN";"39174090";9.72;16;14.4;17.6
"18.01.00191";"1904";"TE PLASTILIT ESGOTO 100x50mm";"UN";"39174090";10.28;17;13.5;19.57
"18.01.00193";"1906";"TE PLASTILIT ESGOTO 100x75mm";"UN";"39174090";16.2;25;20;28.79
"18.01.00195";"1908";"TE PLASTILIT ESGOTO 150mm";"UN";"39174090";37.37;55;49.5;60.5
"18.01.00197";"1910";"TE PLASTILIT ESGOTO 150x100mm";"UN";"39174090";37.65;55;46;63.25
"18.01.00206";"1919";"TE PLASTILIT ESGOTO 40mm";"UN";"39174090";2.11;3.2;2.6;3.67
"18.01.00208";"1921";"TE PLASTILIT ESGOTO 50mm";"UN";"39174090";4.86;7.7;6.5;8.87
"18.01.00214";"1927";"TE PLASTILIT ESGOTO 75mm";"UN";"39174090";9.01;14;11.2;16.12
"18.01.00216";"1929";"TE PLASTILIT ESGOTO 75x50mm";"UN";"39174090";10.85;17.5;14;20.16
"18.01.00244";"3104";"TE PLASTILIT LR 25x1/2";"UN";"39174090";3;5;4.5;5.78
"18.01.00237";"2551";"TE PLASTILIT LR 25x3/4";"UN";"39174090";2.63;5.5;4;6.05
"18.01.00273";"100069";"TE PLASTILIT SOLD.20mm";"UN";"39174090";0.81;1.6;1.3;1.85
"18.01.00203";"1916";"TE PLASTILIT SOLD.25mm";"UN";"39174090";0.85;2;1.6;2.29
"18.01.00001";"100070";"TE PLASTILIT SOLD.25x20mm";"UN";"39174090";3.44;5.8;4.9;6.68
"18.01.00284";"100150";"TE PLASTILIT SOLD.32 x 25mm";"UN";"39174090";7.24;12;9.5;13.8
"18.01.00274";"100071";"TE PLASTILIT SOLD.32mm";"UN";"39174090";3.65;6;5;6.9
"18.01.00210";"1923";"TE PLASTILIT SOLD.50mm";"UN";"39174090";7.05;11;8.9;12.66
"18.01.00212";"1925";"TE PLASTILIT SOLD.50x25mm";"UN";"39174090";5.84;9.5;8;10.94
"18.01.00338";"100752";"TE PLASTILIT SOLD.50x32mm";"UN";"39174090";14.88;22;19.8;24.2
"18.01.00199";"1912";"TE PLASTILIT SOLD.AZUL 25x1/2";"UN";"39174090";6.45;9.8;7.7;11.28
"18.01.00201";"1914";"TE PLASTILIT SOLD.AZUL 25x3/4";"UN";"39174090";7.09;11;8.5;12.65
"18.01.00218";"1931";"TE ROSCA BRANCA 1/2";"UN";"39174090";2.16;4.5;3.6;5.17
"18.01.00255";"3519";"TE ROSCA BRANCA 1/2 AMANCO";"UN";"39174090";2.58;5.5;5;6.32
"18.01.00219";"1932";"TE ROSCA BRANCA 3/4 AMANCO";"UN";"39174090";3.33;7;5.9;8.08
"18.01.00293";"100271";"TE T SOLD 25mm";"UN";"39174090";1.11;1.7;1.5;1.96
"14.08.00014";"2492";"TECPLUS TOP QUARTZOLIT 18kg";"UN";"32149000";28.5;42;38.6;48.3
"20.00.00130";"3069";"TELA MOSQUITEIRO";"UN";"39269090";2.11;3.5;3.2;4.03
"20.00.00057";"1523";"TELA P/ STUQUE";"MT";"72107010";3.97;6.5;5.9;7.5
"20.00.00055";"1521";"TELA PASSARINHO FIO 26";"MT";"73144100";4.85;9;8;10.35
"20.00.00101";"2716";"TELA SOLDADA 15x15cm F3.4";"UN";"73142000";4.81;7;6.35;8.05
"20.00.00173";"100504";"TELA SOLDADA EQ45 20x20cm 3.4mm 2x3mts.";"UN";"73142000";26;42;31.5;45.1
"20.00.00059";"1525";"TELA SOLDADA EQ45 20x20cm F3.4";"MT";"73142000";4.72;7.3;5.83;8.03
"09.01.00064";"229";"TELA SOLDADA Q196 10x10cm F 5.0 2.45 x 6.00mts";"UN";"73142000";192.16;245;220.5;269.5
"20.00.00060";"1526";"TELA SOLDADA Q92 15x15cm F4.2";"MT";"73142000";7.5;11;8.73;12.58
"02.00.00004";"1531";"TELHA AMERICANA LARANJAL";"UN";"69051000";1.96;2.8;2.37;3.24
"03.00.00034";"2404";"TELHA CANALETE 8mm 4.60mt";"UN";"68114000";121.8;180;162;198
"03.00.00035";"2405";"TELHA CANALETE 8mm 6.00mt";"UN";"68114000";139.8;204;183.6;224.4
"03.00.00036";"2407";"TELHA CANALETE 8mm 8.20mt";"UN";"68114000";240;335;301.5;368.5
"30.00.00001";"2415";"TELHA CANALETE METRO LINEAR";"UN";"";20;27;24.3;29.7
"03.00.00001";"126";"TELHA ETERNIT 6mm 2.13 x 1.10";"UN";"68114000";31.69;45;42;51.75
"03.00.00020";"35";"TELHA ETERNIT 6mm 3.05 x 1.10";"UN";"68114000";45.12;67;61.5;77.05
"03.00.00019";"34";"TELHA ETERNIT 6mm 3.66 x 1.10";"UN";"68114000";57.68;81;68.85;93.15
"03.00.00021";"36";"TELHA FIBROCIMENTO";"UN";"68114000";34.02;57;52.41;65.55
"03.00.00047";"3008";"TELHA FIBROCIMENTO BRASILIT 2.13 x 1.10 6mm";"UN";"68118200";54.15;78;62.59;93.14
"03.00.00018";"33";"TELHA FIBROCIMENTO BRASILIT 2.44 x 0.50 4mm";"UN";"68118200";21.15;32;25;36.8
"03.00.00016";"31";"TELHA FIBROCIMENTO BRASILIT 2.44 x 1.10 6mm";"UN";"68118200";59.1;85;68;97.78
"03.00.00048";"3010";"TELHA FIBROCIMENTO BRASILIT 3.05 x 1.10 6mm";"UN";"68118200";78.95;115;92;132.26
"03.00.00052";"100423";"TELHA FIBROCIMENTO BRASILIT 3.66 x 1.10 6mm";"UN";"68118200";85;120;102;138
"03.00.00049";"3014";"TELHA FIBROCIMENTO ETERNIT 1.53 x 1.10 6mm";"UN";"68118200";32.88;50;45;57.5
"03.00.00044";"2997";"TELHA FIBROCIMENTO ETERNIT 1.83 x 1.10 6mm";"UN";"68118200";35.73;52;45;57.2
"03.00.00045";"2998";"TELHA FIBROCIMENTO ETERNIT 2.44 x 1.10 6mm";"UN";"68118200";46.57;74.5;65;81.95
"03.00.00051";"100422";"TELHA FIBROCIMENTO ETERNIT 3.05 x 1.10 6mm";"UN";"68118200";70.52;105;96;120.75
"03.00.00046";"3007";"TELHA FIBROCIMENTO ETERNIT 3.66 x 1.10 6mm";"UN";"68118200";69.85;105;92.36;115.5
"03.00.00010";"25";"TELHA LEITOSA POLIPROPILENO 1.53 x 1.10 1.2mm";"UN";"39259090";50;77;62.56;88.55
"03.00.00042";"2810";"TELHA LEITOSA POLIPROPILENO 1.83 x 1.10 1.2mm";"UN";"39259090";64.12;100;90;115.5
"03.00.00015";"30";"TELHA LEITOSA POLIPROPILENO 2.13 x 1.10 1.2mm";"UN";"39259090";59.37;92;79.45;126.5
"03.00.00012";"27";"TELHA LEITOSA POLIPROPILENO 2.44 x 0.50 1mm";"UN";"39259090";29.31;45;36.82;51.75
"03.00.00011";"26";"TELHA LEITOSA POLIPROPILENO 2.44 x 1.10 1.2mm";"UN";"39259090";85.49;135;120;148.5
"03.00.00014";"29";"TELHA LEITOSA POLIPROPILENO 3.05 x 1.10 1.2mm";"UN";"39259090";85.02;135;111.72;155.25
"03.00.00041";"2809";"TELHA LEITOSA POLIPROPILENO 3.66 x 1.10 1.2mm";"UN";"39259090";119.62;180;150;207
"03.00.00022";"37";"TELHA PAULISTAO";"UN";"69051000";3.4;5.2;4.68;5.98
"03.00.00004";"19";"TELHA PAULISTINHA";"UN";"69051000";2.7;4.3;3.87;4.76
"14.05.00070";"2254";"TELHA POLICARBONATO AMERICANA";"UN";"39259090";17.91;28.5;25;32.8
"03.00.00023";"38";"TELHA POLICARBONATO FRANCESA";"UN";"39259090";13.9;22;20;25.3
"03.00.00008";"23";"TELHA POLICARBONATO PORTUGUESA";"UN";"39259090";16.17;25;22;28.75
"03.00.00007";"22";"TELHA POLICARBONATO ROMANA";"UN";"39259090";12;22;19;25.3
"03.00.00003";"18";"TELHA PORTUGUESA LARANJAL";"UN";"69051000";1.61;2.3;1.95;2.54
"03.00.00033";"2403";"TELHA PVC COLONIAL 2.30 x 0.86 TERRACOTA";"UN";"39259090";93.25;135;121.5;148.5
"03.00.00056";"100663";"TELHA PVC COLONIAL 3.94 x 0.86 TERRACOTA";"UN";"39259090";162.84;235;200;270.25
"03.00.00002";"17";"TELHA ROMANA";"UN";"69051000";0.77;1.1;1;1.22
"03.00.00009";"24";"TELHA TRANSPARENTE 1.53 x 1.10";"UN";"39219090";28;45;41.4;51.75
"03.00.00013";"28";"TELHA TRANSPARENTE 2.44 x 0.50";"UN";"39219090";16.7;25;23;28.75
"03.00.00038";"2806";"TELHA TRANSPARENTE LEITOSA 1.53 x 1.10";"UN";"39219090";31.6;45;41.4;51.75
"03.00.00039";"2807";"TELHA TRANSPARENTE LEITOSA 1.83 x 1.10";"UN";"39219090";37.8;54;49.5;62.1
"03.00.00040";"2808";"TELHA TRANSPARENTE LEITOSA 2.13 x 1.10";"UN";"39219090";44;63;57.84;72.45
"03.00.00037";"2805";"TELHA TRANSPARENTE LEITOSA 2.44 x 0.50";"UN";"39219090";16.7;25;23;28.75
"03.00.00043";"2811";"TELHA TRANSPARENTE LEITOSA 3.66 x 1.10";"UN";"39219090";75.6;107;90.95;123.05
"03.00.00055";"100512";"TELHA VIDRO AMERICANA";"UN";"70169000";52;78;71.5;89.7
"03.00.00006";"21";"TELHA VIDRO PORTUGUESA";"UN";"70169000";41.16;65;59;74.75
"03.00.00005";"20";"TELHA VIDRO ROMANA";"UN";"70169000";38;62;56;71.3
"14.00.00088";"717";"TERMINA";"UN";"85359000";2.68;4;3.68;4.6
"14.05.00107";"100238";"TERMINAL DE COMPRESSAO 16mm";"UN";"85359090";1.7;3;2.4;3.45
"14.05.00108";"100239";"TERMINAL DE COMPRESSAO 25mm";"UN";"85359090";2.4;4;3.2;4.6
"14.05.00122";"100799";"TERMINAL DE PRESSAO TA-10 10MM";"UN";"85359090";4.65;7.5;6.8;10
"18.00.00093";"1937";"TERMINAL DE PRESSAO TA-16 16mm";"UN";"85359090";4.6;7.5;6.5;8.63
"14.00.00089";"719";"TERMINAL DE PRESSAO TA-25 25mm";"UN";"85359090";6.1;11;9.5;12.65
"18.00.00232";"100567";"TERMINAL ILHOS SIMPLES 4mm CINZA";"UN";"85369090";0.12;0.2;0.18;0.23
"18.00.00231";"100566";"TERMINAL ILHOS SIMPLES 6mm AMARELO";"UN";"85369090";0.18;0.3;0.25;0.35
"18.00.00230";"100565";"TERMINAL ILHOS SIMPLES 10mm VERMELHO";"UN";"85369090";0.36;0.75;0.7;0.85
"18.00.00214";"100249";"TERMINAL ILHOS SIMPLES 16mm AZUL";"UN";"85369090";0.33;0.55;0.5;0.64
"14.05.00016";"576";"TERMINAL ILHOS SIMPLES 50mm TI-50-25 AZUL";"UN";"69049000";3.27;4.6;4.1;5.29
"09.01.00070";"2276";"TESOURA AVIACAO 10pol. P/ CHAPA";"UN";"82033000";33.99;50;45.5;57.5
"18.10.00003";"1983";"TESOURA DE JARDINAGEM PALISAD COD:605548";"UN";"82015000";20.37;30;27.5;34.5
"13.03.00015";"1192";"TESOURA P/ CORTAR CHAPA 10pol.";"UN";"82032090";38.68;57;52;65.55
"19.00.00099";"1150";"TESOURA P/GRAMA FAMASTIL 12 pol.";"UN";"82016000";25.22;38;34.8;43.7
"09.01.00121";"100159";"TESOURA VONDER USO GERAL 25cm";"UN";"82130000";16.86;25;22;28.75
"19.05.00106";"100236";"TESTADOR DE CONTINUIDADE E TENSAO FOXLUX";"UN";"90303390";38.9;60;53;68.98
"09.00.00028";"346";"THINNER MAZA 116 - 5lts";"UN";"38140090";17.39;95;85;109.25
"09.00.00027";"345";"THINNER MAZA 116 - 900ml";"UN";"38140090";12.44;19;17;21.85
"09.00.00115";"100674";"THINNER MAZA 800 - 5L";"UN";"38140090";0;110;95;121
"09.00.00062";"2616";"THINNER MAZA 800 - 900ml";"UN";"38140090";12.89;20;18;23.01
"20.00.00063";"1539";"TIJOLAO P/CHURRASQUEIRA PRE MOLDADA";"UN";"68109100";28.88;45;40;51.75
"02.00.00016";"2152";"TIJOLINHO MAQUINADO 9x19x4.5cm";"UN";"69041000";0.45;0.66;0.54;0.73
"02.00.00003";"1530";"TIJOLINHO RS 9.5x19.5x5cm";"UN";"69041000";0.44;0.66;0.59;0.66
"02.00.00005";"1532";"TIJOLO BAIANO 1/2 VARGEM GRANDE";"UN";"69041000";0.72;1;0.7;1.26
"02.00.00018";"2321";"TIJOLO BAIANO CASSIA";"UN";"69041000";0.79;1.15;0.92;1.26
"02.00.00007";"1534";"TIJOLO BAIANO VARGEM GRANDE";"UN";"69041000";1.07;1.5;1.2;1.63
"02.00.00002";"1529";"TIJOLO CERAMICO 14x19x14 IGARATINGA 12F";"UN";"69041000";0.83;1.5;1.35;1.64
"02.00.00008";"1535";"TIJOLO CERAMICO 14x19x14 VARGEM GRANDE 12F";"UN";"69049000";1.3;1.8;1.44;2.82
"02.00.00001";"1528";"TIJOLO CERAMICO 14x19x29 IGARATINGA 12F";"UN";"69041000";1.85;2.5;2.25;2.75
"02.00.00009";"1536";"TIJOLO CERAMICO 14x19x29 VARGEM GRANDE 12 F";"UN";"69049000";2;2.7;2.28;2.95
"02.00.00020";"2875";"TIJOLO CERAMICO 14x19x29 VARGEM GRANDE 9 F";"UN";"69041000";1.55;2.2;1.97;2.42
"02.00.00019";"2513";"TIJOLO DE VIDRO 19x19x08cm";"UN";"70169000";20.9;31.5;28;36.23
"02.00.00022";"100639";"TIJOLO ESTRUTURAL 14x19x14";"UN";"69049000";1.75;2.5;2.25;2.64
"02.00.00021";"100638";"TIJOLO ESTRUTURAL 14x19x29";"UN";"69049000";2.26;3;2.7;3.45
"02.00.00025";"100728";"TIJOLO ESTRUTURAL 14x19x34";"UN";"69041000";3.03;4;3.44;4.6
"02.00.00028";"100733";"TIJOLO ESTRUTURAL 14x19x39";"UN";"69041000";3.4;4.5;4.3;5.17
"02.00.00023";"100656";"TIJOLO ESTRUTURAL 14x19x44";"UN";"69049000";4;5.6;4.48;6.44
"02.00.00027";"100730";"TIJOLO ESTRUTURAL HIDRAULICO 14x19x29";"UN";"69049000";2.7;3.5;3.2;4
"02.00.00010";"1537";"TIJOLO VAZADO 25x18x07cm";"UN";"69049000";3.1;5;4.25;5.5
"02";"0";"TIJOLOS";"UN";"25232910";0;0;0;0
"09.01.00051";"216";"TINTA PISO POLIGRAFF BALDE 16lts CHUMBO";"UN";"32091010";98.41;159;145;182.85
"09.01.00060";"225";"TINTA PISO POLIGRAFF GALAO 3.6lts CHUMBO";"UN";"32091010";34.29;52;48;59.8
"09.01.00120";"100154";"TINTA PISO RENOVE BASE AGUA 18lts AZUL";"UN";"32091010";189.03;280;240;322
"09.01.00041";"206";"TINTA PISO RENOVE BASE AGUA 18lts CHUMBO";"UN";"32091010";140.78;220;200;253
"09.01.00007";"172";"TINTA PISO RENOVE BASE AGUA 3.6lts CHUMBO";"UN";"32091010";52.13;85;70;97.75
"09.02.00032";"100467";"TINTA SPRAY TEK BOND FLUORESCENTE LARANJA";"UN";"";18;28;25;32.2
"09.00.00029";"347";"TINTA SPRAY TEK BOND USO GERAL ALUMINIO";"UN";"32082019";12.49;23;20;26.45
"09.00.00096";"3641";"TINTA SPRAY TEK BOND USO GERAL AMARELO";"UN";"32082019";12.49;23;20;26.45
"09.00.00051";"2138";"TINTA SPRAY TEK BOND USO GERAL BRANCO BRILHANTE";"UN";"32082019";12.49;23;20;26.47
"09.00.00098";"100053";"TINTA SPRAY TEK BOND USO GERAL GRAFITE";"UN";"32082019";13.69;23;21;26.45
"09.00.00049";"2136";"TINTA SPRAY TEK BOND USO GERAL PRETO BRILHANTE";"UN";"32082019";12.49;23;20;26.47
"09.00.00034";"352";"TINTA SPRAY TEK BOND USO GERAL PRETO FOSCO";"UN";"32082019";12.49;23;20;26.47
"09.02.00027";"100274";"TINTA SPRAY TEK BOND USO GERAL VERDE ESCURO";"UN";"32082019";12.29;23;21;26.45
"09.00.00073";"3235";"TINTA SPRAY TEK BOND USO GERAL VERMELHO";"UN";"32082019";12;23;21;26.45
"09.00.00074";"3330";"TINTA SPRAY TEK BOND USO GERAL VERNIZ";"UN";"32082019";12.29;23;21;26.46
"09.00.00105";"100234";"TINTA SPRAY VONDER ALTA TEMP. PRETO";"UN";"32082019";18.5;29.5;26.5;33.93
"09.02.00031";"100466";"TINTA SPRAY VONDER ALUMINIO";"UN";"32082019";13.01;18.5;17;21.28
"09.02.00029";"100464";"TINTA SPRAY VONDER BRANCO BRILHANTE";"UN";"32082019";11.17;18.5;17;21.28
"09.02.00025";"100034";"TINTA SPRAY VONDER PRETO BRILHANTE";"UN";"32082019";11.17;18.5;17;21.28
"09.02.00030";"100465";"TINTA SPRAY VONDER PRETO FOSCO";"UN";"32082019";11.89;18.5;16.6;21.28
"09.02.00028";"100363";"TINTA SPRAY VONDER VERMELHO";"UN";"32082019";12.28;18.5;17;21.28
"18.02.00056";"1713";"TINTA SPRAY VONDER VERNIZ";"UN";"32082020";12.6;19;17;20.9
"09";"0";"TINTAS";"UN";"";0;0;0;0
"14.11.00037";"3217";"TOMADA BARRA 2P+T KAHEL QUADRUPLA 10/20A";"UN";"85366990";12.99;22;19.5;24.2
"14.11.00040";"3553";"TOMADA BARRA 2P+T KAHEL QUINTUPLA 10/20A";"UN";"85366990";16.4;25;22.5;27.5
"14.11.00038";"3218";"TOMADA BARRA 2P+T KAHEL TRIPLA 10/20A";"UN";"85366990";12.4;18.5;16.65;20.35
"14.11.00002";"723";"TOMADA BARRA ILUME QUADRUPLA";"UN";"85366910";8.97;13.5;12.37;15.53
"14.11.00003";"724";"TOMADA BARRA ILUME TRIPLA";"UN";"85366910";7.75;11.5;10.35;13.24
"14.11.00039";"3219";"TOMADA BARRA KAHEL 2P+T QUINTUPLA";"UN";"85366910";10.9;17;15;19.55
"14.11.00026";"752";"TOMADA MEC TRONIC DUPLA BRANCA 10A";"UN";"85366990";7.8;14;11.82;16.21
"14.11.00015";"739";"TOMADA MEC TRONIC DUPLA BRANCA 20A";"UN";"85366910";9.69;15.5;13;17.84
"14.11.00004";"725";"TOMADA MEC TRONIC EXTERNA 10A";"UN";"85366990";5.03;8;7;9.22
"14.11.00033";"2450";"TOMADA MEC TRONIC EXTERNA 20A";"UN";"85366910";6.9;11;10;12.67
"14.11.00018";"742";"TOMADA MEC TRONIC SIMPLES BRANCA 10A";"UN";"85366910";5.12;9;7.5;10.31
"14.11.00007";"728";"TOMADA MEC TRONIC SIMPLES BRANCA 20A";"UN";"85366910";5.69;10;9;11
"14.11.00030";"2203";"TOMADA MEC TRONIC SISTEMA X 10A";"UN";"85366910";7.52;13;11.7;14.3
"14.11.00034";"2601";"TOMADA MEC TRONIC SISTEMA X 20A";"UN";"85366910";7.61;12;10.96;13.83
"14.11.00035";"3140";"TOMADA MEC TRONIC SISTEMA X DUPLA 10A";"UN";"85366910";10.62;16.5;14.95;19
"14.11.00031";"2229";"TOMADA MEC TRONIC SISTEMA X TELEFONE";"UN";"85366910";6.04;12;11;13.8
"14.11.00013";"736";"TOMADA MEC TRONIC TELEFONE BR";"UN";"85366910";5.63;11;10;12.66
"14.08.00007";"661";"TOMADA PORCELANA BIPOLAR 20A 250V";"UN";"85366910";7.21;16;14.7;18.4
"14.08.00026";"3422";"TOMADA PORCELANA TRIPOLAR 20A";"UN";"85366910";12.84;22;20;25.3
"14.08.00009";"663";"TOMADA PORCELANA TRIPOLAR 30A 250V";"UN";"85366910";8.65;15;11.03;18.75
"14.11";"0";"TOMADAS";"UN";"85366990";0;0;0;0
"18.09.00001";"1938";"TORNEIRA EMA JARDIM 1130 AMARELA 1/2";"UN";"84818011";24.5;36.5;33;41.95
"18.09.00078";"2966";"TORNEIRA EMA JARDIM 1130 AMARELA 3/4";"UN";"84818011";26;38;34.5;43.72
"18.19.00001";"2813";"TORNEIRA EMA JARDIM 1130 C-33 CROMADA 3/4 E 1/2";"UN";"84818011";26.9;40;36.5;46
"18.09.00047";"2089";"TORNEIRA EMA JARDIM 1130 SIMPLES CROMADA 1/2";"UN";"84818011";26;40;36.5;46
"18.09.00060";"2352";"TORNEIRA EMA JARDIM 1130 SIMPLES CROMADA 3/4";"UN";"84818011";27;41.5;36;47.75
"18.09.00059";"2293";"TORNEIRA EMA LAV BICA MOVEL C-40";"UN";"84818011";44.9;65;60;74.75
"18.09.00085";"3067";"TORNEIRA EMA LAV BICA MOVEL C-50";"UN";"84818011";44.9;65;60;74.76
"19.04.00012";"899";"TORNEIRA EMA LAV BICA MOVEL C-52";"UN";"84818011";44.9;65;60;74.76
"18.01.00004";"729";"TORNEIRA EMA LAV BICA MOVEL C-53";"UN";"84818011";44.9;65;60;71.5
"18.09.00043";"1980";"TORNEIRA EMA LAV BICA MOVEL 1/4 VOLTA C-50";"UN";"84818011";41.8;72;65;82.81
"18.09.00088";"3107";"TORNEIRA EMA LAV BICA MOVEL 1/4 VOLTA C-52";"UN";"84818011";41.8;72;65;82.81
"14.05.00051";"611";"TORNEIRA EMA LAV BICA MOVEL 1/4 VOLTA C-53";"UN";"84818011";41.8;72;65;82.81
"18.09.00003";"1940";"TORNEIRA EMA PIA 1158 C-33 18cm C/ AREJADOR";"UN";"84818011";43.9;65;57;74.75
"18.09.00083";"3052";"TORNEIRA EMA PIA 1158 C-33 18cm C/ BICO";"UN";"84818011";43.9;65;59;74.77
"18.09.00097";"3174";"TORNEIRA EMA PIA 1159";"UN";"84818011";39.9;58;53;66.7
"13.06.00009";"1558";"TORNEIRA EMA PIA BICA MOVEL 1/4 VOLTA C-34";"UN";"84818011";41.8;72;65;82.81
"18.09.00087";"3106";"TORNEIRA EMA PIA BICA MOVEL 1/4 VOLTA C-52";"UN";"84818011";41.8;72;65;82.81
"18.09.00048";"2090";"TORNEIRA EMA PIA BICA MOVEL 1/4 VOLTA C-53";"UN";"84818011";41.8;72;65;82.81
"18.09.00055";"2105";"TORNEIRA EMA PIA BICA MOVEL 1/4 VOLTA C-5O";"UN";"84818011";44.9;72;65;82.81
"18.09.00069";"2639";"TORNEIRA EMA PIA BICA MOVEL C-40";"UN";"84818011";44.9;65;60;74.75
"18.09.00084";"3066";"TORNEIRA EMA PIA BICA MOVEL C-50";"UN";"84818011";44.9;65;60;74.76
"18.01.00008";"746";"TORNEIRA EMA PIA BICA MOVEL C-52";"UN";"84818011";44.9;65;60;74.76
"18.01.00003";"721";"TORNEIRA EMA PIA BICA MOVEL C-53";"UN";"84818011";44.9;65;60;74.76
"18.09.00090";"3154";"TORNEIRA EMA PIA MESA BICA MOVEL";"UN";"84818011";41.9;65;59.5;74.76
"18.09.00091";"3155";"TORNEIRA EMA TANQUE MAQUINA C-33";"UN";"84818011";49.9;75;67;86.25
"18.09.00002";"1939";"TORNEIRA ESTEVES FIT LAV. MESA ALTA";"UN";"84818011";108.17;150;135;165
"18.09.00056";"2117";"TORNEIRA ESTEVES FIT LAV. MESA CUBA";"UN";"84818011";103.96;145;130.5;166.75
"18.09.00065";"2562";"TORNEIRA ESTEVES FIT PIA";"UN";"84818011";123.04;170;153;187
"18.09.00051";"2101";"TORNEIRA ESTEVES LAV. BICA ALTA C50";"UN";"84818011";67;100;90;120
"18.09.00053";"2103";"TORNEIRA ESTEVES LAV. BICA ALTA C52";"UN";"84818011";75.55;110;99;132
"18.09.00063";"2361";"TORNEIRA ESTEVES PIA C52";"UN";"84818019";90.58;130;117;137.5
"14.00.00028";"451";"TORNEIRA LG PIA BICA MOVEL 1/4 DE VOLTA";"UN";"84818011";35;55;50;60.5
"13.03.00002";"1179";"TORNEIRA MEGA ESF.TANQUE MAQUINA";"UN";"84818011";29.3;44;40;50.62
"18.09.00037";"1969";"TORNEIRA MEGA ESFERA METAL 1/2";"UN";"84818011";17.5;25;23;28.77
"18.09.00038";"1970";"TORNEIRA MEGA ESFERA METAL 3/4";"UN";"84818011";18.5;27.5;25.5;31.66
"18.09.00111";"100714";"TORNEIRA P/ ACESSIBILIDADE C-34";"UN";"84818011";69;105;95;110
"14.00.00150";"100413";"TORNEIRA P/COROTE HERC PRETA";"UN";"84818099";4.76;7;6.4;8.04
"14.00.00029";"452";"TORNEIRA P/FILTRO HERC ALAVANCA MARRON";"UN";"84818099";4.31;7;6.3;8.04
"18.09.00066";"2608";"TORNEIRA P/FILTRO HERC AUTOMATICA BCO/AZUL";"UN";"84818099";6.53;10;9;11.5
"18.09.00070";"2697";"TORNEIRA P/FILTRO HERC AUTOMATICA MARRON";"UN";"84818099";5.13;8.5;7.8;9.78
"21.00.00010";"1445";"TORNEIRA PLASTICA DURIN LAV. ESPECIAL";"UN";"84818019";20.2;30;27.5;34.5
"18.09.00074";"2959";"TORNEIRA PLASTICA DURIN LAV.BICA ALTA VENEZA";"UN";"84818019";36.59;60;54;69
"18.09.00067";"2636";"TORNEIRA PLASTICA DURIN PIA 15cm BCA 1/2";"UN";"84818019";5.23;8.5;7.8;9.77
"18.09.00096";"3171";"TORNEIRA PLASTICA DURIN PIA BICA MOVEL ESPECIAL BCO/PRT";"UN";"84818019";16.1;24.5;22;28.17
"18.09.00108";"100494";"TORNEIRA PLASTICA DURIN PIA BICA MOVEL VIENNA";"UN";"84818019";19.11;30;26.5;34.5
"14.05.00057";"2019";"TORNEIRA PLASTICA DURIN TANQUE MAQUINA VIENNA";"UN";"84818019";20.71;32;28.9;36.8
"18.09.00092";"3163";"TORNEIRA PLASTICA HERC 10cm BCA TANQUE 1/2";"UN";"84818019";1.23;6;5.5;7.08
"18.09.00093";"3164";"TORNEIRA PLASTICA HERC 10cm BCA TANQUE 3/4";"UN";"84818019";2.8;6.5;6;7.48
"18.09.00010";"1947";"TORNEIRA PLASTICA HERC LAVATORIO ALAVANCA BRANCA";"UN";"84818019";29.54;44;40;50.6
"18.09.00064";"2411";"TORNEIRA PLASTICA HERC LAVATORIO ALAVANCA CROMADA";"UN";"84818019";2.8;59;54;67.85
"18.01.00007";"744";"TORNEIRA PLASTICA HERC LAVATORIO B.M.BRANCO ELBA";"UN";"84818019";21.24;32;29.4;36.8
"18.01.00332";"100662";"TORNEIRA PLASTICA HERC LAVATORIO B.M.CROMADO ELBA";"UN";"84818019";27.17;39;35.8;44.85
"18.09.00001";"3005";"TORNEIRA PLASTICA HERC LAVATORIO B.M.TIVOLI BCA/CRO";"UN";"84818019";24;36;33;41.41
"18.09.00094";"3169";"TORNEIRA PLASTICA HERC LAVATORIO BRANCA FACILITA";"UN";"84818019";11.22;19;16.8;21.86
"18.09.00011";"1948";"TORNEIRA PLASTICA HERC PIA B.MOVEL BCO ELBA";"UN";"84818019";16.38;30;26;34.5
"18.09.00110";"100646";"TORNEIRA PLASTICA HERC PIA B.MOVEL CROMADO ELBA";"UN";"84818019";26.24;39;35.5;44.85
"18.09.00100";"3261";"TORNEIRA PLASTICA HERC PIA B.MOVEL MESA TIVOLI";"UN";"84818019";23.57;35;32;40.26
"18.00.00229";"100552";"TORNEIRA PLASTICA HERC PIA BRANCO TIVOLI";"UN";"84818019";18.17;28;25.5;32.2
"18.09.00072";"2926";"TORNEIRA PLASTICA HERC PIA C/ FILTRO BRANCA";"UN";"84212100";51.63;78;70;89.7
"18.09.00082";"3004";"TORNEIRA PLASTICA HERC TANQUE E REGISTRO MAQUINA";"UN";"84818019";16.5;25;22.5;28.75
"09.02.00011";"145";"TORNEIRA PLASTICA HERC TANQUE MAQUINA SICILIA";"UN";"84818099";15.14;25;22;28.75
"09.02.00026";"100141";"TORNEIRA PLASTICA HERC TANQUE MAQUINA SICILIA CROMADA";"UN";"84818099";22.74;35;32.2;40.25
"09.00.00035";"353";"TORNEIRA PLASTICA PLASTILIT 10cm";"UN";"84818019";5.1;8;7;9.2
"18.09.00098";"3247";"TORNEIRA PLASTICA PLASTILIT 15cm";"UN";"84818019";5.32;9;7.5;10.36
"18.09.00013";"1950";"TORNEIRA PLASTICA PRETA 1/2 E 3/4";"UN";"84818019";2.14;3.5;3.2;4.02
"18.09.00095";"3170";"TORNEIRA PVC ESFERA DURIN BRANCA";"UN";"84818019";17.82;26;24;28.6
"18.09.00012";"1949";"TORNEIRA SANCHEZ AUTOMATICA LAVATORIO";"UN";"84818011";78.7;115;100;132.25
"18.09.00073";"2958";"TORNEIRA SANCHEZ BICA ALTA LAVATORIO 1/4 VOLTA";"UN";"84818011";111.9;180;150;207
"18.09.00077";"2962";"TORNEIRA SANCHEZ BICA MEDIA LAVATORIO 1/4 VOLTA";"UN";"84818011";100.9;149;135;171.35
"18.09.00061";"2353";"TORNEIRA SANCHEZ BICA MOVEL C/ FILTRO 1/4 VOLTA";"UN";"84818019";114.9;175;159;201.25
"18.09.00040";"1972";"TORNEIRA SANCHEZ BICA MOVEL C/ FILTRO C-50";"UN";"84818011";126.3;190;165;218.5
"18.09.00039";"1971";"TORNEIRA SANCHEZ BICA MOVEL C/ FILTRO C-52";"UN";"84818011";126.3;190;165;218.5
"18.09.00071";"2778";"TORNEIRA SANCHEZ BICA MOVEL C/ FILTRO C-67";"UN";"84818011";126.3;190;165;218.5
"18.09.00105";"100007";"TORNEIRA SANCHEZ BICA MOVEL C/ FILTRO C-71";"UN";"84818011";114.9;175;160;201.25
"21.00.00038";"100738";"TORNEIRA SANCHEZ BLACK SLIM MESA";"UN";"84818011";63.7;110;100;120
"21.00.00034";"3493";"TORNEIRA SANCHEZ BLACK SLIM PAREDE";"UN";"84818011";63.7;110;100;157.14
"21.00.00033";"3456";"TORNEIRA SANCHEZ GOURMET BLACK / RED PIA MESA 1/4 VOLTA";"UN";"84818011";95.6;150;135;172.5
"21.00.00014";"1449";"TORNEIRA SANCHEZ GOURMET BLACK / RED PIA PAREDE 1/4 VOLTA";"UN";"84818011";95.6;150;140;167.63
"18.09.00008";"1945";"TORNEIRA SANCHEZ GOURMET PAREDE VEDANTE OU 1/4 VOLTA";"UN";"84818011";62.6;95;85;109.25
"18.09.00046";"2084";"TORNEIRA SANCHEZ GOURMET PIA MESA VEDANTE OU 1/4 VOLTA";"UN";"84818011";62.6;95;85;109.25
"09.00.00033";"351";"TORNEIRA SANCHEZ LUXO B.MOVEL LAVATORIO";"UN";"84818011";79.9;115;100;126.5
"09.00.00032";"350";"TORNEIRA SANCHEZ LUXO B.MOVEL PIA";"UN";"84818011";84.9;120;105;138
"14.11.00028";"754";"TORNEIRA SANCHEZ LUXO MESA";"UN";"84818011";84.9;120;110;138
"18.09.00068";"2638";"TORNEIRA SANCHEZ MESA BLACK SHELL LUXO";"UN";"84818011";98.9;160;140;184
"18.09.00112";"100751";"TORNEIRA SANCHEZ PAREDE BLACK SHELL LUXO";"UN";"84818011";98.9;160;140;184
"14.06.00022";"2652";"TORNEIRA SANCHEZ TANQUE MAQUINA 1/4 DE VOLTA C-64.";"UN";"84818011";54.9;84;76;96.61
"18.09.00075";"2960";"TORNEIRA SNZ POP B. MOVEL LAV. C-52";"UN";"84818011";29.6;42;38.6;48.3
"18.09.00076";"2961";"TORNEIRA SNZ POP B. MOVEL PIA C-50";"UN";"84818011";28.1;40;36.8;46
"14.05.00119";"100732";"TORNEIRA TANQUE 15CM VIENNA";"UN";"84818019";16.9;25;22.5;31.25
"18.09";"0";"TORNEIRAS";"UN";"84818011";0;0;0;0
"18.09.00104";"3625";"TORQUES ARMADOR 10pol SAO ROMAO";"UN";"82032090";22.06;35;30;37.8
"18.09.00102";"3542";"TORQUES ARMADOR 12 OGMAR";"UN";"82032090";20;32;29;36.8
"18.09.00106";"100418";"TORQUES ARMADOR 12 VERMELHA";"UN";"82032090";28;40;36.5;46
"19.02.00011";"808";"TORQUES ARMADOR 12pol FAMASTIL";"UN";"82032010";27.5;43;38;49.46
"18.09.00044";"2016";"TORQUES ARMADOR 12pol SAO ROMAO";"UN";"82032090";25.34;38;34;43.7
"18.09.00057";"2197";"TORQUES ARMADOR 13pol CID";"UN";"82032090";293;450;340;517.5
"19.02.00072";"100282";"TORQUES AZULEJISTA FAMASTIL";"UN";"82032010";23.23;35;32;40.25
"19.00.00101";"1152";"TORQUES AZULEJISTA SAO ROMAO";"UN";"82032090";9.92;15;13.5;17.25
"18.09.00086";"3084";"TORQUES MTX 6POL COD 1793455";"UN";"82032090";18.76;28.5;25.65;31.35
"18.09.00109";"100619";"TORQUES MTX 8 POL COD 1793855";"UN";"82032090";21.83;33;29;37.95
"19.13.00015";"2903";"TRENA BELTOOLS 19mm x 5mt.";"UN";"90178010";12.82;20;16;23
"19.13.00002";"1155";"TRENA EMBORRACHADA 25mm x 7.5mt.";"UN";"90178010";17.98;27;24.5;31.05
"10.00.00034";"2333";"TRENA LASER CORTAG 50mts MLC837";"UN";"90151000";263.4;399;360;438.9
"20.08.00021";"3527";"TRENA LASER CORTAG MDC-40";"UN";"90151000";316.69;475;430;546.25
"09.01.00140";"100856";"TRENA LONGA 20M FITA PVC SPARTA";"UN";"90178010";23.83;38;33;41.08
"09.01.00141";"100860";"TRENA LONGA 30M FITA PVC SPARTA";"UN";"90178010";27.59;45;39.5;50
"09.01.00139";"100855";"TRENA LONGA 50M FITA PVC SPARTA";"UN";"90178010";38.95;60;54;65
"19.13.00011";"1164";"TRENA PROFIELD 25mm x 10mt.";"UN";"90178010";23.9;35;31.5;40.26
"09.01.00115";"3605";"TRENA PROFIELD 25mm x 5mt.";"UN";"90178010";11.9;18;16;20.7
"19.13.00018";"100472";"TRENA STANDART IRWIN 5mt";"UN";"90178010";17.91;30;27;34.5
"19.13.00009";"1162";"TRENA TAFORT 25mm x 5mt.";"UN";"90178010";8.99;18;15;20.71
"19.13.00019";"100473";"TRENA VONDER 5M X 19.0MM";"UN";"90178010";9.2;18;15;20.69
"16.02.00007";"438";"TRENA VONDER FIBRA ABERTA 50mts";"UN";"39269090";68.73;105;96.6;141.75
"19.13.00014";"2364";"TRENA VONDER FIBRA FECHADA 30mts.";"UN";"90178010";41.51;62.5;57;71.88
"09.01.00050";"215";"TRENA VONDER FIBRA FECHADA 50mts.";"UN";"90178010";59.51;89;80;102.35
"19.13.00016";"3074";"TRENA VONDER/NOVE54 FIBRA FECHADA 10mts.";"UN";"90178010";14.57;22;20;25.3
"14.04.00020";"3333";"TRILHO P/ DISJUNTOR DIN PERFURADO 1mt";"MT";"72166110";10.99;30;27;33
"20.00.00065";"1541";"TRILHO TRIPLO DE CORTINA 3M";"UN";"";7.8;12;10.8;13.2
"09.05.00018";"100305";"TRINCHA ATLAS 319 1 1/2 pol.";"UN";"96034090";4.15;6.5;5.8;7.46
"09.05.00019";"100306";"TRINCHA ATLAS 319 1 pol.";"UN";"96034090";3.38;5.2;4.7;5.97
"09.05.00020";"100307";"TRINCHA ATLAS 319 2 pol.";"UN";"96034090";4.93;7.5;6.7;8.25
"09.05.00017";"100304";"TRINCHA ATLAS 319 3/4 319/2";"UN";"96034090";2.27;3.5;3.15;4.04
"09.05.00003";"244";"TRINCHA ATLAS 395 1 395/3";"UN";"96034090";2.59;4.1;3.75;4.73
"09.05.00004";"245";"TRINCHA ATLAS 395 1.1/2 395/4";"UN";"96034090";3.38;5.2;4.7;5.8
"09.05.00001";"242";"TRINCHA ATLAS 395 1/2 395/1";"UN";"96034090";1.43;2.5;2.2;2.88
"09.05.00005";"246";"TRINCHA ATLAS 395 2 395/5";"UN";"96034090";4.58;6.7;6;7.73
"09.05.00006";"247";"TRINCHA ATLAS 395 2 1/2 pol. 395/6";"UN";"96034090";5.95;11;9.9;12.1
"09.05.00007";"248";"TRINCHA ATLAS 395 3 395/7";"UN";"96034090";9.45;13;11.7;14.3
"09.05.00002";"243";"TRINCHA ATLAS 395 3/4 395/2";"UN";"96034090";1.52;2.6;2.3;2.99
"09.05.00009";"250";"TRINCHA ATLAS 395 4 pol.";"UN";"96034090";10.2;16;14.5;18.43
"09.05.00013";"3450";"TRINCHA TIGRE 695 1 1/2 pol";"UN";"96034090";2.53;3.7;3.4;4.24
"09.05.00012";"3449";"TRINCHA TIGRE 695 1 pol";"UN";"96034090";1.9;2.75;2.5;3.18
"09.05.00014";"3451";"TRINCHA TIGRE 695 1/2 pol";"UN";"96034090";1.23;1.75;1.6;2.02
"09.05.00011";"3448";"TRINCHA TIGRE 695 2 1/2 pol";"UN";"96034090";3.99;6;5.5;6.92
"09.05.00010";"3447";"TRINCHA TIGRE 695 2 pol";"UN";"96034090";3.23;4.7;4.3;5.42
"09.05.00016";"3618";"TRINCHA TIGRE 695 3 pol";"UN";"96034090";6.39;9.2;8.4;10.59
"09.05.00015";"3593";"TRINCHA TIGRE 695 3/4";"UN";"96034090";1.27;1.95;1.8;2.25
"10.02.00001";"1543";"TRINCO GRANDE";"UN";"83021000";2.51;4;3.5;4.5
"10.02.00005";"1547";"TRINCO REDONDO PEQUENO ALIANCA";"UN";"83014000";0.49;1;0.8;1.2
"10.02";"1542";"TRINCOS";"UN";"";0;0;0;0
"18.10.00008";"1988";"TUBO CERAMICO H12";"UN";"";1.1;1.6;1.44;1.8
"18.10.00014";"1994";"TUBO AMANCO ESGOTO 100mm";"UN";"39172300";81.81;125;100;141.67
"18.10.00017";"1997";"TUBO AMANCO ESGOTO 150mm";"UN";"39172300";252.22;350;280;400
"18.10.00020";"2000";"TUBO AMANCO ESGOTO 40mm";"UN";"39172300";30.35;45;40;50
"18.10.00022";"2002";"TUBO AMANCO ESGOTO 50mm";"UN";"39172300";49.44;80;72;90
"18.10.00024";"2004";"TUBO AMANCO ESGOTO 75mm";"UN";"39172300";105.5;150;120;170
"18.10.00002";"1982";"TUBO AMANCO P/CAIXA DESCARGA";"UN";"39172300";16.59;25;22.5;28.75
"18.10.00029";"2009";"TUBO AMANCO SOLDAVEL 25mm";"UN";"39172300";20;32;28.5;35.2
"18.10.00018";"1998";"TUBO AMANCO SOLDAVEL 32mm";"UN";"39172300";44.7;70;60;80
"18.10.00033";"2013";"TUBO AMANCO SOLDAVEL 50mm";"UN";"39172300";75.31;115;92;130.33
"18.10.00005";"1985";"TUBO DE DESPEJO";"UN";"39173300";15.51;23;21;26.45
"18.10.00015";"1995";"TUBO FORTLEV 100mm";"UN";"39172300";64.63;99;89.83;113.85
"18.10.00037";"100019";"TUBO FORTLEV 40mm";"UN";"39172300";26.23;37;34;42.55
"18.10.00038";"100020";"TUBO FORTLEV 50mm";"UN";"39172300";43.87;65;59.8;74.75
"18.10.00039";"100021";"TUBO FORTLEV 75mm";"UN";"39172300";58.33;86;79;98.9
"18.10.00040";"100022";"TUBO FORTLEV SOLDAVEL 25mm";"UN";"39172300";17.04;25;23;28.75
"18.10.00041";"100023";"TUBO FORTLEV SOLDAVEL 50mm";"UN";"39172300";72.99;105;97;120.75
"18.10.00007";"1987";"TUBO LIGACAO CROMADO ASTRA 20cm";"UN";"39174090";8.59;13;11.92;14.95
"18.00.00194";"100011";"TUBO LIGACAO METAL EMA";"UN";"";18.9;28;25.75;32.2
"18.00.00195";"100012";"TUBO LIGACAO RIGIDO BLUKIT";"UN";"39174090";32.46;48;43.8;55.2
"18.10.00010";"1990";"TUBO LIGACAO SANFONADO ASTRA CROMADO";"UN";"39174090";8.89;14.8;13.6;17.01
"02.01.00006";"100562";"TUBO LIGACAO SANFONADO BLUKIT BLACK";"UN";"39174090";13.16;20;18;23.01
"18.00.00107";"2302";"TUBO LIGACAO SANFONADO BLUKIT BRANCO";"UN";"39174090";10.67;19;16.5;21.87
"02.01.00004";"2696";"TUBO LIGACAO SANFONADO BLUKIT CROMADO";"UN";"39174090";16.55;26.5;23;30.47
"18.10.00013";"1993";"TUBO PLASTILIT ESGOTO 100mm";"UN";"39172300";63.95;100;80;110
"18.10.00035";"2896";"TUBO PLASTILIT ESGOTO 150mm";"UN";"39172300";163.92;250;220;275
"18.10.00019";"1999";"TUBO PLASTILIT ESGOTO 40mm";"UN";"39172300";28.69;50;40;57.52
"18.10.00021";"2001";"TUBO PLASTILIT ESGOTO 50mm";"UN";"39172300";45.02;75;60;86.26
"18.10.00023";"2003";"TUBO PLASTILIT ESGOTO 75mm";"UN";"39172300";62.31;95;80;109.24
"18.10.00042";"100061";"TUBO PLASTILIT SOLDAVEL 20mm";"UN";"39172300";15.17;25;21;28.75
"18.10.00028";"2008";"TUBO PLASTILIT SOLDAVEL 25mm";"UN";"39172300";18.03;30;24;33
"18.10.00043";"100062";"TUBO PLASTILIT SOLDAVEL 32mm";"UN";"39172300";41.74;65;58.5;74.74
"18.10.00032";"2012";"TUBO PLASTILIT SOLDAVEL 50mm";"UN";"39172300";62.24;95;75;109.24
"18.10.00027";"2007";"TUBO PON";"UN";"39172300";7.35;12;10.8;13.8
"18.10.00036";"3517";"TUBO PONTA AZUL AMANCO / PLASTILIT";"UN";"39172300";11.2;19;17;22
"18.10.00044";"100338";"TUBO SOLDAVEL 40mm";"UN";"39172300";59;83;76;95.45
"18.10";"0";"TUBOS";"UN";"";0;0;0;0
"19.00.00223";"3136";"TUPIA DE COLUNA VONDER TLV506 500w x 127v";"UN";"84672999";304.97;410;397.7;471.5
"18.01.00180";"1861";"UNIAO ADAPTADOR 1/2x1/2";"UN";"39174090";0.98;2;1.8;2.32
"18.01.00178";"1859";"UNIAO ADAPTADOR 1x1";"UN";"39174090";0.44;3.2;2.88;3.52
"18.01.00179";"1860";"UNIAO ADAPTADOR 1x3/4";"UN";"39174090";0.62;3.2;2.82;3.58
"18.01.00181";"1862";"UNIAO ADAPTADOR 3/4x1/2";"UN";"39174090";0.5;2.5;2.25;2.75
"18.01.00182";"1863";"UNIAO ADAPTADOR 3/4x3/4";"UN";"39174090";1.47;3.5;3;4.04
"18.01.00171";"1852";"UNIAO INTERNO PLASTICO 1";"UN";"39174090";0.95;2.5;2.3;2.75
"18.01.00226";"2248";"UNIAO INTERNO PLASTICO 1 X 3/4";"UN";"39174090";0.86;2.5;2.25;2.75
"18.01.00172";"1853";"UNIAO INTERNO PLASTICO 1/2";"UN";"39174090";0.4;2;1.6;2.3
"18.01.00173";"1854";"UNIAO INTERNO PLASTICO 3/4";"UN";"39174090";0.45;2;1.8;2.2
"18.01.00225";"2247";"UNIAO INTERNO PLASTICO 3/4 X 1/2";"UN";"39174090";0.52;2;1.8;2.2
"18.01.00174";"1855";"UNIAO INTERNO PLASTICO 3/8";"UN";"39174090";0.33;2;1.6;2.28
"18.01.00227";"2249";"UNIAO JOELHO LISO 1";"UN";"39174090";0.5;3;2.7;3.3
"18.01.00229";"2251";"UNIAO JOELHO LISO 1/2";"UN";"39174090";0.5;2.5;2.25;2.75
"18.01.00228";"2250";"UNIAO JOELHO LISO 3/4";"UN";"39174090";0.5;2.5;2.25;2.75
"18.01.00175";"1856";"UNIAO JOELHO ROSCA 1";"UN";"39174090";1.07;4;3.6;4.4
"18.01.00176";"1857";"UNIAO JOELHO ROSCA 1/2";"UN";"39174090";0.54;3;2.75;3.43
"18.01.00177";"1858";"UNIAO JOELHO ROSCA 3/4";"UN";"39174090";0.65;3.5;3.2;3.85
"18.01.00330";"100426";"UNIAO ROSCA INTERNA 1/2x1/2";"UN";"39174090";1.59;3;2.7;3.45
"18.01.00329";"100425";"UNIAO ROSCA INTERNA 3/4x3/4";"UN";"39174090";2.19;3.8;3.45;4.38
"18.01.00339";"100753";"UNIAO SOLDAVEL 20mm PLASTILIT";"UN";"39174090";6.14;12;10.8;13.2
"18.01.00251";"3419";"UNIAO SOLDAVEL 25mm AMANCO / PLASTILIT";"UN";"39174090";6.01;13;10;14.96
"18.01.00289";"100200";"UNIAO SOLDAVEL 32mm PLASTILIT";"UN";"39174090";11.78;22;19.5;24.2
"18.01.00252";"3420";"UNIAO SOLDAVEL 50mm PLASTILIT/AMANCO";"UN";"39174090";21.94;36;30;41.4
"18.01.00183";"1864";"UNIAO TE LISO 1";"UN";"39174090";1.38;4;3.6;4.49
"18.01.00184";"1865";"UNIAO TE LISO 1/2";"UN";"39174090";0.94;3;2.76;3.6
"18.01.00185";"1866";"UNIAO TE LISO 3/4";"UN";"39174090";1.12;3.5;3.22;4.02
"18.01.00186";"1867";"UNIAO TE ROSCA 1";"UN";"39174090";1.62;4.5;4.05;4.95
"18.01.00187";"1868";"UNIAO TE ROSCA 1/2";"UN";"39174090";0.9;3.5;3.22;3.85
"18.01.00188";"1869";"UNIAO TE ROSCA 3/4";"UN";"39174090";1.05;4;3.67;4.4
"18.07.00019";"3195";"VALVULA AGUA PLUVIAL BREC";"UN";"84811000";12.7;20;18;23
"18.07.00018";"2378";"VALVULA DE RETENCAO 3/4";"UN";"84811000";1.3;3;2.7;3.3
"18.07.00013";"1882";"VALVULA DE RETENCAO BREC 100mm";"UN";"84811000";20.7;30;27;34.5
"18.07.00020";"3268";"VALVULA DE RETENCAO BREC MEIO 100mm";"UN";"39172900";23;34.5;30;39.68
"18.07.00016";"1885";"VALVULA DE RETENCAO SOLD TIGRE 25mm";"UN";"84811000";10.85;16;14.4;17.6
"13.00.00021";"1430";"VALVULA DECA HYDRA DUO BASE";"UN";"84818019";118.47;205;188;235.75
"18.07.00002";"1871";"VALVULA DECA HYDRA MAX BASE";"UN";"84818019";179.24;275;240;302.5
"18.00.00209";"100178";"VALVULA DUCHAO BLUKIT P/CAIXA DAGUA";"UN";"84818099";102.38;150;135;172.5
"18.07.00021";"100060";"VALVULA LAVATORIO CLICK SANCHEZ";"UN";"39174090";19.9;30;27.2;34.51
"18.07.00022";"100469";"VALVULA LAVATORIO INOX EMA";"UN";"84819010";9.9;15;13.8;17.25
"18.07.00005";"1874";"VALVULA LAVATORIO METAL EMA";"UN";"84818011";10.9;17.5;15.5;20.14
"18.07.00003";"1872";"VALVULA LAVATORIO PLASTICA";"UN";"39174090";3.78;7.5;6.75;8.64
"19.13.00017";"3628";"VALVULA PIA AMERICANA EMA INOX 3.1/2";"UN";"84819010";10.9;16.5;15;18.97
"18.07.00001";"1870";"VALVULA PIA AMERICANA EMA METAL 3.1/2";"UN";"84811000";13.6;22;19.5;25.3
"19.13.00008";"1161";"VALVULA PIA AMERICANA SANCHEZ INOX 4.1/2";"UN";"84819010";14.5;24;22;27.61
"18.07.00012";"1881";"VALVULA PIA EMA METAL";"UN";"84811000";8.9;14.9;13.5;17.14
"18.07.00010";"1879";"VALVULA PIA PLASTICO";"UN";"39174090";3.69;6.5;5.5;7.48
"18.07.00017";"2085";"VALVULA TANQUE EMA 1.1/4";"UN";"84811000";13.9;22.5;20;25.87
"18.07.00015";"1884";"VALVULA TANQUE PLASTICO 1 1/2";"UN";"39174090";4.76;13;11.5;14.95
"18.07";"0";"VALVULAS";"UN";"84811000";0;0;0;0
"20.00.00160";"100222";"VARAL CHAO C/ABAS";"UN";"73239900";88.36;135;120;155.25
"19.00.00220";"3082";"VARAL P/CARRINHO ESFERA G-14 / G-16";"UN";"87169090";52.18;80;73;92
"19.00.00020";"918";"VARAL RETRATIL MOR 12mts";"UN";"56074900";33.49;50;45;57.5
"20.00.00066";"1548";"VARAL RETRATIL PRINOX 30mts";"UN";"56074900";53.5;80;73.5;92
"20.00.00161";"100223";"VARAL SANFONADO ALUMINIO 1.00mt";"UN";"76169900";59.51;90;82;103.5
"20.00.00162";"100224";"VARAL SANFONADO BRANCO 1.00mt MOR";"UN";"73239900";54.05;80;73;92
"20.00.00081";"2502";"VARAO DE CORTINA REDONDO 2.0mt";"UN";"76041021";18;28;24.5;30.8
"14.00.00056";"669";"VARAO DE CORTINA REDONDO 3.0mt";"UN";"76041021";24.4;38;33.5;43.72
"18.00.00238";"99999";"VASELINA INDUSTRIAL SOLIDA MORIA/ VONDER";"UN";"27129000";7.14;12;10;13.2
"18.00.00120";"2468";"VASO P/ PLANTAS GRANDE";"UN";"39264000";30;39;37;42.9
"19.00.00203";"2899";"VASSOURA NYLON CONDOR V9";"UN";"96039000";14.95;24;22;27.59
"19.00.00292";"100059";"VASSOURA NYLON SAPEKA";"UN";"96039000";11.4;16;14.5;18.46
"19.00.00106";"1169";"VASSOURA NYLON ULTRA STAR 26cm";"UN";"96039000";11.38;17;15.5;19.55
"19.00.00322";"100391";"VASSOURA P/GRAMA 18 PALHETAS NOVE54";"UN";"82013000";22.07;34;31;39.1
"19.00.00346";"100553";"VASSOURA P/GRAMA 22d HERC";"UN";"39269090";12.26;19;17.4;21.85
"19.00.00216";"3041";"VASSOURA P/GRAMA 26d FAMASTIL";"UN";"39269090";17.62;26;23.9;29.91
"19.00.00206";"2915";"VASSOURA PIACAVA N5 ATENA";"UN";"96039000";31.6;45.5;41.5;52.32
"19.00.00105";"1168";"VASSOURAO FIO RIGIDO 1.20M";"UN";"96039000";33.52;50;45;57.5
"19.00.00297";"100175";"VASSOURAO GARI MAX 40cm";"UN";"96039000";19.08;30;27;34.49
"19.00.00227";"3202";"VASSOURAO MADEIRA GARI 60cm PIACAVA";"UN";"96031000";29.59;50;45;57.5
"19.00.00257";"3508";"VASSOURAO PVC 53cm GUIRADO";"UN";"96039000";35.84;53;48;60.95
"19.00.00103";"1166";"VASSOURAO PVC ODIM 40CM";"UN";"96039000";20.67;32;29;36.8
"08.00.00012";"119";"VED";"UN";"";10.8;16;14.4;17.6
"18.00.00106";"2233";"VEDA CALHA TEK BOND 280gr.";"UN";"35061090";10.89;17;15;19.55
"18.00.00122";"2519";"VEDA R";"UN";"39209990";1.15;1.8;1.65;2.07
"18.00.00084";"1886";"VEDA ROSCA 18mmx10mt";"UN";"39211900";1.32;2.5;2.2;2.88
"18.00.00086";"1888";"VEDA ROSCA 18mmx25mt";"UN";"39211900";2.64;4.5;4;5.16
"18.00.00088";"1890";"VEDA ROSCA 18mmx50mt";"UN";"39211900";3.98;7;6;8.06
"18.00.00147";"3019";"VEDA ROSCA FROGUE 18mmx50mt";"UN";"39211900";6.67;23.5;21.6;25.38
"18.00.00148";"3020";"VEDA ROSCA TAFORT 18mmx10mt";"UN";"39211900";2.99;6;5;6.92
"18.00.00133";"2783";"VEDA ROSCA TAFORT 18mmx25mt";"UN";"39211900";7.59;12;10.8;13.2
"08.00.00009";"116";"VEDACIT 18tls OTTO";"KG";"38244000";101.36;165;140;189.75
"08.00.00010";"117";"VEDACIT 3.6lts OTTO";"UN";"38244000";30.41;48;42.5;55.19
"08.00.00011";"118";"VEDACIT 900ml. OTTO";"UN";"38244000";9.38;18;15;20.71
"09.00.00039";"391";"VEDAFLEX 400gr BRANCO";"UN";"35061090";13.89;19.5;17.55;21.45
"18.00.00138";"2874";"VEDALIT 18lts OTTO";"UN";"38244000";136.56;215;190;236.5
"08.00.00015";"122";"VEDALIT 3.6lts OTTO";"UN";"38244000";42;60;54;66
"08.00.00014";"121";"VEDALIT 900ml OTTO";"UN";"38244000";12.63;20;18;22
"18.00.00091";"1893";"VEDANTE P/ TORNEIRA 1/2";"UN";"39269010";0.23;1.5;1.2;1.69
"18.00.00092";"1894";"VEDANTE P/ TORNEIRA 3/4";"UN";"39269010";0.23;1.5;1.2;1.65
"18.00.00208";"100158";"VEDANTE P/ TORNEIRA PLASTICO 3/4";"UN";"40169300";0.31;1;0.9;1.14
"20.00.00169";"100447";"VEDANTE PARA PORTA 90cm AJUSTAVEL";"UN";"76042920";9.98;15;13.8;17.25
"08.00.00016";"123";"VEDAPREN PAREDE BRANCO 18lts OTTO";"UN";"32091010";251.13;380;325;437
"08.00.00017";"124";"VEDAPREN PAREDE BRANCO 3.6lts OTTO";"UN";"32091010";57.24;90;80;103.5
"08.00.00018";"125";"VEDATOP CAIXA 12kg OTTO";"UN";"32149000";58;82;80;94.3
"18.09.00089";"3138";"VELA P/ FILTRO DE TORNEIRA HERC";"UN";"84212100";0;20;18.4;23
"14.11.00012";"734";"VELA P/ FILTRO DE TORNEIRA SANCHEZ";"UN";"84818019";9.9;15;13.64;17.26
"18.09.00101";"3433";"VELA PARA FILTRO DE BARRO STEFANI";"UN";"69120000";10.78;16.5;15;18.97
"09.01.00034";"199";"VELADURA IMBUIA MACHADO 200ml";"UN";"";6.74;9.6;8.8;11.04
"23.00.00002";"2063";"VENEZIANA SR DE ACO 120x100cm GRADE ELO";"UN";"73083000";200;281;258;323.15
"23.00.00003";"2064";"VENEZIANA SR DE ACO 150x100cm GRADE ELO";"UN";"73083000";262.78;400;340;460
"23.00.00004";"2065";"VENEZIANA SR DE ACO 200x100cm GRADE ELO";"UN";"73083000";275.25;390;358;448.5
"23.00.00017";"3039";"VENEZIANA SR DE ACO 200x100cm SEM GRADE";"UN";"73083000";244.63;340;323;391
"23.00.00001";"2062";"VENEZIANA VITRALFER ALUM.BCO 1.40 x 1.00";"UN";"73083000";582.85;820;700;943
"23.00.00020";"3480";"VENEZIANA VITRALFER BCO C/GRADE 1.5 x 1mt";"UN";"73083000";536.23;780;710;897
"14.07.00006";"640";"VENTILADOR DE TETO";"UN";"84145990";107.38;210;193;241.5
"20.08.00027";"3533";"VENTOSA 200mm CORTAG A BATERIA";"UN";"40169990";390.54;570;513;627
"20.08.00025";"3531";"VENTOSA 200mm CORTAG COM MANOMETRO";"UN";"40169990";290.19;450;400;495
"20.00.00174";"100508";"VENTOSA DUPLA P/PISO MTX COD:8751555";"UN";"39269090";37.67;58;53;66.7
"22.00.00059";"100507";"VENTOSA MULTIUSO COM GANCHO 3pcs";"UN";"39269090";6.98;11;10;12.65
"20.00.00167";"100399";"VENTOSA SIMPLES P/PISO COD.43758";"UN";"39269090";29.98;45;41;51.75
"09.01.00069";"2275";"VERNIZ LUKSCOLOR 900ml IMBUIA";"UN";"32081020";17.07;25;22.5;28.75
"09.00.00058";"2460";"VERNIZ LUKSCOLOR 900ml MARITIMO BRILHANTE";"LT";"32081020";17.02;25.5;23.37;29.32
"09.00.00030";"348";"VERNIZ LUKSCOLOR 900ml MOGNO";"UN";"32081020";17.81;27;24.65;31.05
"09.01.00061";"226";"VERNIZ LUKSCOLOR GALAO ACRILICO P/PAREDE";"UN";"32081020";34.36;48.5;44.5;53.35
"09.00.00036";"388";"VERNIZ LUKSCOLOR GALAO MOGNO";"UN";"32081020";56.84;80;74.44;92
"09.01.00008";"173";"VERNIZ MAZA IMBUIA 3.6lts";"UN";"32081020";96.18;150;130;172.5
"09.01.00042";"207";"VERNIZ MAZA IMBUIA 900ml";"UN";"32081020";42.32;50;45;57.49
"09.00.00038";"390";"VERNIZ MAZA MARITIMO BRILHANTE 3.6 lts";"UN";"32081020";89.66;135;120;155.26
"09.01.00066";"231";"VERNIZ MAZA MARITIMO BRILHANTE 900ml";"UN";"32081020";31.51;48;42;48.3
"09.01.00022";"187";"VERNIZ MAZA MOGNO 3.6lts";"UN";"32081020";96.04;150;130;172.5
"09.01.00092";"2845";"VERNIZ MAZA MOGNO 900ml";"UN";"32081020";32.39;50;44.5;57.5
"08.00.00029";"3366";"VIAPOL CONTRA UMIDADE BAG 500ml";"UN";"38244000";1.92;3.5;3;3.85
"08.00.00025";"3359";"VIAPOL CONTRA UMIDADE GALAO 3.6lts";"UN";"38244000";15.2;24.5;22.37;28.17
"18.09.00052";"2102";"VIAPOL DESFORMA PLUS 18lts";"UN";"38244000";91.68;150;138;172.5
"08.00.00034";"3375";"VIAPOL FUSEPROTEC ECO 3.6lts";"UN";"32091020";30.87;77;70;83.16
"08.00.00043";"100105";"VIAPOL FUSEPROTEC PAREDE 18ts";"UN";"32091010";177.91;285;250;327.75
"08.00.00039";"3507";"VIAPOL VIABIT 900ml";"UN";"27150000";16.75;24;22;27.6
"08.00.00031";"3368";"VIAPOL VIABIT ACQUA GALAO 3.6lts";"UN";"27150000";40.5;60;54;69
"08.00.00030";"3367";"VIAPOL VIABIT LATA 18lts";"UN";"27150000";385.63;575;500;661.25
"08.00.00033";"3374";"VIAPOL VIACAL 18lts";"UN";"38244000";122.66;190;170;209
"08.00.00036";"3397";"VIAPOL VIACAL 1lt";"UN";"38244000";19.33;29;26.5;33.35
"08.00.00035";"3396";"VIAPOL VIACAL 3.6lts";"UN";"38244000";39.66;58;52.2;63.8
"08.00.00028";"3364";"VIAPOL VIAFIX BALDE 18lts";"UN";"35069190";168.42;255;215;310
"08.00.00040";"3537";"VIAPOL VIAFIX BARRICA 18lts";"UN";"35069190";79.9;119;100;136.85
"08.00.00020";"2826";"VIAPOL VIAFIX FRASCO 1kg";"UN";"35061090";25.19;37;33.3;40.7
"08.00.00023";"3356";"VIAPOL VIAFIX GALAO 3.6lts";"UN";"35069190";41.11;63;55;72.45
"08.00.00037";"3407";"VIAPOL VIAFLEX PAREDE BALDE 18kg";"UN";"32091010";144.9;210;193;241.5
"08.00.00024";"3358";"VIAPOL VIAFLEX PAREDE GALAO 3.6kg";"UN";"32091010";37.9;55;50;63.25
"08.00.00026";"3360";"VIAPOL VIAPLUS 1000 18kg";"UN";"32149000";50.29;80;65;88
"08.08.00046";"3230";"VIAPOL VIAPLUS 5000 18kg";"UN";"32149000";165.24;250;215;275
"08.00.00038";"3439";"VIAPOL VIAPLUS 7000 18kg";"UN";"32149000";200.7;285;255;313.5
"08.00.00042";"100032";"VIAPOL VIAPLUS REPARO 4kg";"UN";"32149000";34.6;70;63;77
"08.00.00041";"100031";"VIAPOL VIAPOXI ADESIVO 1kg";"UN";"35061090";46.33;70;63;80.5
"08.00.00032";"3369";"VIAPOL VITKOTE BALDE 18kg";"UN";"27150000";213.56;320;256;352
"13.06.00004";"1553";"VISOR DE AGUA";"UN";"90049020";16.14;34;31;39.1
"13.06.00008";"1557";"VISOR DE LUZ";"UN";"90049020";14.6;34;31;39.11
"17.00.00010";"2172";"VISOR DE LUZ NUMERO 16";"UN";"76169100";18.5;28;25.7;32.2
"13.06";"0";"VISORES";"UN";"90049020";0;0;0;0
"23.00.00015";"2283";"VITR";"UN";"";99.63;134;120.6;147.4
"23.00.00012";"2073";"VITRO SR DE ACO BASC 40x60cm GRADE ELO";"UN";"73083000";88.02;130;115;149.5
"23.00.00016";"2612";"VITRO SR DE ACO BASC 100X200cm GRADE ELO";"UN";"73083000";275;450;414;517.5
"23.00.00008";"2069";"VITRO SR DE ACO BASC 200x100cm GRADE ELO";"UN";"73083000";83.04;130;115;149.5
"23.00.00014";"2075";"VITRO SR DE ACO BASC 60x100cm GRADE ELO";"UN";"73083000";97.53;185;169;212.75
"23.00.00013";"2074";"VITRO SR DE ACO BASC 60x80cm GRADE ELO";"UN";"73083000";113.62;178;160;204.7
"23.00.00005";"2066";"VITRO SR DE ACO CORRER 100x100cm GRADE ELO";"UN";"73083000";126.73;178;163;195.8
"23.00.00006";"2067";"VITRO SR DE ACO CORRER 120x100cm GRADE ELO";"UN";"73083000";178.94;262;240.69;301.3
"23.00.00007";"2068";"VITRO SR DE ACO CORRER 150x100cm GRADE ELO";"UN";"73083000";345;525;450;603.75
"23.00.00025";"100806";"VITRO SR MAX AR 100x60cm GRADE ELO";"UN";"73083000";211.1;320;275;368
"23.00.00010";"2071";"VITRO SR MAX AR 50x100cm GRADE ELO";"UN";"73083000";166.41;255;228;293.25
"23.00.00011";"2072";"VITRO SR MAX AR 50x150cm GRADE ELO";"UN";"73083000";239.47;365;270;419.75
"23.00.00009";"2070";"VITRO SR MAX AR 50x50cm GRADE ELO";"UN";"73083000";97.96;135;125;155.25
"23.00.00024";"3574";"VITRO VITRALFER BCO C/GRADE 120x100";"UN";"73083000";367.81;535;490;615.25
"23.00.00023";"3484";"VITRO VITRALFER BCO C/GRADE 150x100";"UN";"73083000";479.73;700;640;805
"23.00.00021";"3482";"VITRO VITRALFER BCO MAXI AR 60x60cm";"UN";"73083000";196.05;290;265;333.5
"23.00.00022";"3483";"VITRO VITRALFER BCO MAXI AR 80x60cm";"UN";"73083000";253.77;375;340;431.25
"23";"0";"VITROS/VENEZIANAS";"UN";"73083000";0;0;0;0
"13.01.00016";"2191";"VOLANTE P/ TORNEIRA E REGISTRO EMA";"UN";"84819010";13.9;22;19;25.3
"09.01";"0";"X-INDISPONIVEL";"UN";"";1000;0;0;0
"18.01.";"0";"X-INDISPONIVEL";"UN";"";1000;1410.34;1276.02;1551.37
"19.01.00012";"2637";"X-INDISPONIVEL";"UN";"";1000;1445.8;1301.22;1590.38
"09.08";"0";"XADREZ";"UN";"";0;0;0;0
"09.08.00001";"1560";"XADREZ PO AMARELO 500G";"UN";"32064990";15.91;23.5;22;27.02
"09.08.00002";"1561";"XADREZ PO AZUL 500G";"UN";"32064990";16.48;24;21.6;26.4
"09.08.00003";"1562";"XADREZ PO MARROM 500G";"UN";"32064990";17.37;26;24;29.89
"09.08.00004";"1563";"XADREZ PO PRETO 500G";"UN";"32064990";19.16;30;27;33
"09.08.00005";"1564";"XADREZ PO VERDE 500G";"UN";"32064990";15.89;23.5;21.5;27.02
"09.08.00006";"1565";"XADREZ PO VERMELHO 500G";"UN";"32064990";21.62;34;30;39.1
"09.00.00040";"392";"ZARCAO SUVINIL 900ml";"UN";"32081010";28.29;42;38.5;48.3
"09.01.00040";"205";"ZARCAO SUVINIL GALAO 3.6lts";"UN";"32081010";90.92;133;122;152.95